name,phone,city,state,address,zip,county,call_script,sms_script,list_link
Shady Oaks Trailer Park,(704) 982-1066,Albemarle,NC,2302 East Main Street,28001,Stanly,"Hi, Bradley with Tread Companies / Trailer Parks calling about Shady Oaks Trailer Park in Albemarle. Free marketplace for park owners — $0 listing fee, $0 success fee. Brokers take ~6%. We've operated 4,000+ spaces. Can I text the link?",Bradley @ Tread Companies / Trailer Parks re Shady Oaks Trailer Park (Albemarle). Free owner marketplace — $0 fees. List in 2 min: https://temporary-zippy-celesta-4cyc4ht.vercel.app/list-your-park?ref=bradley-outreach,https://temporary-zippy-celesta-4cyc4ht.vercel.app/list-your-park?ref=bradley-outreach
Broadway Villa,(704) 321-3277,Andrews,NC,Kent Street,28901,Cherokee,"Hi, Bradley with Tread Companies / Trailer Parks calling about Broadway Villa in Andrews. Free marketplace for park owners — $0 listing fee, $0 success fee. Brokers take ~6%. We've operated 4,000+ spaces. Can I text the link?",Bradley @ Tread Companies / Trailer Parks re Broadway Villa (Andrews). Free owner marketplace — $0 fees. List in 2 min: https://temporary-zippy-celesta-4cyc4ht.vercel.app/list-your-park?ref=bradley-outreach,https://temporary-zippy-celesta-4cyc4ht.vercel.app/list-your-park?ref=bradley-outreach
Country Estates Mobile Home,(919) 362-7116,Apex,NC,193 John Horton Road,27502,Chatham,"Hi, Bradley with Tread Companies / Trailer Parks calling about Country Estates Mobile Home in Apex. Free marketplace for park owners — $0 listing fee, $0 success fee. Brokers take ~6%. We've operated 4,000+ spaces. Can I text the link?",Bradley @ Tread Companies / Trailer Parks re Country Estates Mobile Home (Apex). Free owner marketplace — $0 fees. List in 2 min: https://temporary-zippy-celesta-4cyc4ht.vercel.app/list-your-park?ref=bradley-outreach,https://temporary-zippy-celesta-4cyc4ht.vercel.app/list-your-park?ref=bradley-outreach
Shangri-La Mobile Park,(919) 362-7872,Apex,NC,812 Mockingbird Lane,27502,Wake,"Hi, Bradley with Tread Companies / Trailer Parks calling about Shangri-La Mobile Park in Apex. Free marketplace for park owners — $0 listing fee, $0 success fee. Brokers take ~6%. We've operated 4,000+ spaces. Can I text the link?",Bradley @ Tread Companies / Trailer Parks re Shangri-La Mobile Park (Apex). Free owner marketplace — $0 fees. List in 2 min: https://temporary-zippy-celesta-4cyc4ht.vercel.app/list-your-park?ref=bradley-outreach,https://temporary-zippy-celesta-4cyc4ht.vercel.app/list-your-park?ref=bradley-outreach
Wellington Park,(704) 684-8558,Arden,NC,42 Airport Road,28704,Buncombe,"Hi, Bradley with Tread Companies / Trailer Parks calling about Wellington Park in Arden. Free marketplace for park owners — $0 listing fee, $0 success fee. Brokers take ~6%. We've operated 4,000+ spaces. Can I text the link?",Bradley @ Tread Companies / Trailer Parks re Wellington Park (Arden). Free owner marketplace — $0 fees. List in 2 min: https://temporary-zippy-celesta-4cyc4ht.vercel.app/list-your-park?ref=bradley-outreach,https://temporary-zippy-celesta-4cyc4ht.vercel.app/list-your-park?ref=bradley-outreach
Chilton'S Mhp,(336) 879-3593,Asheboro,NC,2538 Grantville Lane,27203,Randolph,"Hi, Bradley with Tread Companies / Trailer Parks calling about Chilton'S Mhp in Asheboro. Free marketplace for park owners — $0 listing fee, $0 success fee. Brokers take ~6%. We've operated 4,000+ spaces. Can I text the link?",Bradley @ Tread Companies / Trailer Parks re Chilton'S Mhp (Asheboro). Free owner marketplace — $0 fees. List in 2 min: https://temporary-zippy-celesta-4cyc4ht.vercel.app/list-your-park?ref=bradley-outreach,https://temporary-zippy-celesta-4cyc4ht.vercel.app/list-your-park?ref=bradley-outreach
Scenic Oaks Mhp,(336) 879-2953,Asheboro,NC,1802 Grantville Lane,27203,Randolph,"Hi, Bradley with Tread Companies / Trailer Parks calling about Scenic Oaks Mhp in Asheboro. Free marketplace for park owners — $0 listing fee, $0 success fee. Brokers take ~6%. We've operated 4,000+ spaces. Can I text the link?",Bradley @ Tread Companies / Trailer Parks re Scenic Oaks Mhp (Asheboro). Free owner marketplace — $0 fees. List in 2 min: https://temporary-zippy-celesta-4cyc4ht.vercel.app/list-your-park?ref=bradley-outreach,https://temporary-zippy-celesta-4cyc4ht.vercel.app/list-your-park?ref=bradley-outreach
Altamont Mobile Home Court,(704) 252-6962,Asheville,NC,678 North Louisiana Avenue,28806,Buncombe,"Hi, Bradley with Tread Companies / Trailer Parks calling about Altamont Mobile Home Court in Asheville. Free marketplace for park owners — $0 listing fee, $0 success fee. Brokers take ~6%. We've operated 4,000+ spaces. Can I text the link?",Bradley @ Tread Companies / Trailer Parks re Altamont Mobile Home Court (Asheville). Free owner marketplace — $0 fees. List in 2 min: https://temporary-zippy-celesta-4cyc4ht.vercel.app/list-your-park?ref=bradley-outreach,https://temporary-zippy-celesta-4cyc4ht.vercel.app/list-your-park?ref=bradley-outreach
Blue Ridge Estates,(828) 545-0677,Asheville,NC,431 Emma Rd,28806,Buncombe,"Hi, Bradley with Tread Companies / Trailer Parks calling about Blue Ridge Estates in Asheville. Free marketplace for park owners — $0 listing fee, $0 success fee. Brokers take ~6%. We've operated 4,000+ spaces. Can I text the link?",Bradley @ Tread Companies / Trailer Parks re Blue Ridge Estates (Asheville). Free owner marketplace — $0 fees. List in 2 min: https://temporary-zippy-celesta-4cyc4ht.vercel.app/list-your-park?ref=bradley-outreach,https://temporary-zippy-celesta-4cyc4ht.vercel.app/list-your-park?ref=bradley-outreach
Camelot Mhp,(828) 667-1260,Asheville,NC,1442 Brevard Rd,28806,Buncombe,"Hi, Bradley with Tread Companies / Trailer Parks calling about Camelot Mhp in Asheville. Free marketplace for park owners — $0 listing fee, $0 success fee. Brokers take ~6%. We've operated 4,000+ spaces. Can I text the link?",Bradley @ Tread Companies / Trailer Parks re Camelot Mhp (Asheville). Free owner marketplace — $0 fees. List in 2 min: https://temporary-zippy-celesta-4cyc4ht.vercel.app/list-your-park?ref=bradley-outreach,https://temporary-zippy-celesta-4cyc4ht.vercel.app/list-your-park?ref=bradley-outreach
Clairmont Crest,(704) 252-6561,Asheville,NC,710 Sand Hill Road,28806,Buncombe,"Hi, Bradley with Tread Companies / Trailer Parks calling about Clairmont Crest in Asheville. Free marketplace for park owners — $0 listing fee, $0 success fee. Brokers take ~6%. We've operated 4,000+ spaces. Can I text the link?",Bradley @ Tread Companies / Trailer Parks re Clairmont Crest (Asheville). Free owner marketplace — $0 fees. List in 2 min: https://temporary-zippy-celesta-4cyc4ht.vercel.app/list-your-park?ref=bradley-outreach,https://temporary-zippy-celesta-4cyc4ht.vercel.app/list-your-park?ref=bradley-outreach
Johnson Siler Mhp,(704) 274-2737,Asheville,NC,26 Rock Hill Place,28803,Buncombe,"Hi, Bradley with Tread Companies / Trailer Parks calling about Johnson Siler Mhp in Asheville. Free marketplace for park owners — $0 listing fee, $0 success fee. Brokers take ~6%. We've operated 4,000+ spaces. Can I text the link?",Bradley @ Tread Companies / Trailer Parks re Johnson Siler Mhp (Asheville). Free owner marketplace — $0 fees. List in 2 min: https://temporary-zippy-celesta-4cyc4ht.vercel.app/list-your-park?ref=bradley-outreach,https://temporary-zippy-celesta-4cyc4ht.vercel.app/list-your-park?ref=bradley-outreach
Mosswood Mhp,(704) 252-0755,Asheville,NC,599 North Louisiana Avenue,28806,Buncombe,"Hi, Bradley with Tread Companies / Trailer Parks calling about Mosswood Mhp in Asheville. Free marketplace for park owners — $0 listing fee, $0 success fee. Brokers take ~6%. We've operated 4,000+ spaces. Can I text the link?",Bradley @ Tread Companies / Trailer Parks re Mosswood Mhp (Asheville). Free owner marketplace — $0 fees. List in 2 min: https://temporary-zippy-celesta-4cyc4ht.vercel.app/list-your-park?ref=bradley-outreach,https://temporary-zippy-celesta-4cyc4ht.vercel.app/list-your-park?ref=bradley-outreach
North View Mhp,(704) 253-0164,Asheville,NC,329 Emma Road,28806,Buncombe,"Hi, Bradley with Tread Companies / Trailer Parks calling about North View Mhp in Asheville. Free marketplace for park owners — $0 listing fee, $0 success fee. Brokers take ~6%. We've operated 4,000+ spaces. Can I text the link?",Bradley @ Tread Companies / Trailer Parks re North View Mhp (Asheville). Free owner marketplace — $0 fees. List in 2 min: https://temporary-zippy-celesta-4cyc4ht.vercel.app/list-your-park?ref=bradley-outreach,https://temporary-zippy-celesta-4cyc4ht.vercel.app/list-your-park?ref=bradley-outreach
Pine Valley Mhp,(704) 274-0769,Asheville,NC,1075 Sweeten Creek Road,28803,Buncombe,"Hi, Bradley with Tread Companies / Trailer Parks calling about Pine Valley Mhp in Asheville. Free marketplace for park owners — $0 listing fee, $0 success fee. Brokers take ~6%. We've operated 4,000+ spaces. Can I text the link?",Bradley @ Tread Companies / Trailer Parks re Pine Valley Mhp (Asheville). Free owner marketplace — $0 fees. List in 2 min: https://temporary-zippy-celesta-4cyc4ht.vercel.app/list-your-park?ref=bradley-outreach,https://temporary-zippy-celesta-4cyc4ht.vercel.app/list-your-park?ref=bradley-outreach
Riverview Mhp,(704) 254-9600,Asheville,NC,63 Bingham Road #83,28806,Buncombe,"Hi, Bradley with Tread Companies / Trailer Parks calling about Riverview Mhp in Asheville. Free marketplace for park owners — $0 listing fee, $0 success fee. Brokers take ~6%. We've operated 4,000+ spaces. Can I text the link?",Bradley @ Tread Companies / Trailer Parks re Riverview Mhp (Asheville). Free owner marketplace — $0 fees. List in 2 min: https://temporary-zippy-celesta-4cyc4ht.vercel.app/list-your-park?ref=bradley-outreach,https://temporary-zippy-celesta-4cyc4ht.vercel.app/list-your-park?ref=bradley-outreach
Scenic Mhp,(704) 298-3822,Asheville,NC,1314 Tunnel Road,28805,Buncombe,"Hi, Bradley with Tread Companies / Trailer Parks calling about Scenic Mhp in Asheville. Free marketplace for park owners — $0 listing fee, $0 success fee. Brokers take ~6%. We've operated 4,000+ spaces. Can I text the link?",Bradley @ Tread Companies / Trailer Parks re Scenic Mhp (Asheville). Free owner marketplace — $0 fees. List in 2 min: https://temporary-zippy-celesta-4cyc4ht.vercel.app/list-your-park?ref=bradley-outreach,https://temporary-zippy-celesta-4cyc4ht.vercel.app/list-your-park?ref=bradley-outreach
Town & Country Mobile Home,(704) 254-1076,Asheville,NC,210 Johnston School Road,28806,Buncombe,"Hi, Bradley with Tread Companies / Trailer Parks calling about Town & Country Mobile Home in Asheville. Free marketplace for park owners — $0 listing fee, $0 success fee. Brokers take ~6%. We've operated 4,000+ spaces. Can I text the link?",Bradley @ Tread Companies / Trailer Parks re Town & Country Mobile Home (Asheville). Free owner marketplace — $0 fees. List in 2 min: https://temporary-zippy-celesta-4cyc4ht.vercel.app/list-your-park?ref=bradley-outreach,https://temporary-zippy-celesta-4cyc4ht.vercel.app/list-your-park?ref=bradley-outreach
Valley Park Mobile Home Court,(704) 253-5071,Asheville,NC,35 Brookdale Road,28804,Buncombe,"Hi, Bradley with Tread Companies / Trailer Parks calling about Valley Park Mobile Home Court in Asheville. Free marketplace for park owners — $0 listing fee, $0 success fee. Brokers take ~6%. We've operated 4,000+ spaces. Can I text the link?",Bradley @ Tread Companies / Trailer Parks re Valley Park Mobile Home Court (Asheville). Free owner marketplace — $0 fees. List in 2 min: https://temporary-zippy-celesta-4cyc4ht.vercel.app/list-your-park?ref=bradley-outreach,https://temporary-zippy-celesta-4cyc4ht.vercel.app/list-your-park?ref=bradley-outreach
Creekside Estates,(704) 629-3943,Bessemer City,NC,204 Chinook Road,28016,Gaston,"Hi, Bradley with Tread Companies / Trailer Parks calling about Creekside Estates in Bessemer City. Free marketplace for park owners — $0 listing fee, $0 success fee. Brokers take ~6%. We've operated 4,000+ spaces. Can I text the link?",Bradley @ Tread Companies / Trailer Parks re Creekside Estates (Bessemer City). Free owner marketplace — $0 fees. List in 2 min: https://temporary-zippy-celesta-4cyc4ht.vercel.app/list-your-park?ref=bradley-outreach,https://temporary-zippy-celesta-4cyc4ht.vercel.app/list-your-park?ref=bradley-outreach
Laurel Wood Mfg Home Community,(828) 230-8041,Black Mountain,NC,601 Old Us 70 Hwy East,28711,Buncombe,"Hi, Bradley with Tread Companies / Trailer Parks calling about Laurel Wood Mfg Home Community in Black Mountain. Free marketplace for park owners — $0 listing fee, $0 success fee. Brokers take ~6%. We've operated 4,000+ spaces. Can I text the link?",Bradley @ Tread Companies / Trailer Parks re Laurel Wood Mfg Home Community (Black Mountain). Free owner marketplace — $0 fees. List in 2 min: https://temporary-zippy-celesta-4cyc4ht.vercel.app/list-your-park?ref=bradley-outreach,https://temporary-zippy-celesta-4cyc4ht.vercel.app/list-your-park?ref=bradley-outreach
Lennon Mobile Home Site,(910) 648-6709,Bladenboro,NC,357 Lennon Bay Drive,28320,Bladen,"Hi, Bradley with Tread Companies / Trailer Parks calling about Lennon Mobile Home Site in Bladenboro. Free marketplace for park owners — $0 listing fee, $0 success fee. Brokers take ~6%. We've operated 4,000+ spaces. Can I text the link?",Bradley @ Tread Companies / Trailer Parks re Lennon Mobile Home Site (Bladenboro). Free owner marketplace — $0 fees. List in 2 min: https://temporary-zippy-celesta-4cyc4ht.vercel.app/list-your-park?ref=bradley-outreach,https://temporary-zippy-celesta-4cyc4ht.vercel.app/list-your-park?ref=bradley-outreach
Fawnbrook Circle Mobile Home,(910) 253-8966,Bolivia,NC,1950 Old Ocean Highway,28422,Brunswick,"Hi, Bradley with Tread Companies / Trailer Parks calling about Fawnbrook Circle Mobile Home in Bolivia. Free marketplace for park owners — $0 listing fee, $0 success fee. Brokers take ~6%. We've operated 4,000+ spaces. Can I text the link?",Bradley @ Tread Companies / Trailer Parks re Fawnbrook Circle Mobile Home (Bolivia). Free owner marketplace — $0 fees. List in 2 min: https://temporary-zippy-celesta-4cyc4ht.vercel.app/list-your-park?ref=bradley-outreach,https://temporary-zippy-celesta-4cyc4ht.vercel.app/list-your-park?ref=bradley-outreach
Clawson'S Mhp,(704) 264-8167,Boone,NC,170 Clawson Street,28607,Watauga,"Hi, Bradley with Tread Companies / Trailer Parks calling about Clawson'S Mhp in Boone. Free marketplace for park owners — $0 listing fee, $0 success fee. Brokers take ~6%. We've operated 4,000+ spaces. Can I text the link?",Bradley @ Tread Companies / Trailer Parks re Clawson'S Mhp (Boone). Free owner marketplace — $0 fees. List in 2 min: https://temporary-zippy-celesta-4cyc4ht.vercel.app/list-your-park?ref=bradley-outreach,https://temporary-zippy-celesta-4cyc4ht.vercel.app/list-your-park?ref=bradley-outreach
Lasater Place Mhp,(919) 499-6935,Broadway,NC,15 Goheels Dr,27505,Harnett,"Hi, Bradley with Tread Companies / Trailer Parks calling about Lasater Place Mhp in Broadway. Free marketplace for park owners — $0 listing fee, $0 success fee. Brokers take ~6%. We've operated 4,000+ spaces. Can I text the link?",Bradley @ Tread Companies / Trailer Parks re Lasater Place Mhp (Broadway). Free owner marketplace — $0 fees. List in 2 min: https://temporary-zippy-celesta-4cyc4ht.vercel.app/list-your-park?ref=bradley-outreach,https://temporary-zippy-celesta-4cyc4ht.vercel.app/list-your-park?ref=bradley-outreach
Autumn Forest Mobile Home Village,(336) 656-3276,Browns Summit,NC,Browns Summit Road,27214,Guilford,"Hi, Bradley with Tread Companies / Trailer Parks calling about Autumn Forest Mobile Home Village in Browns Summit. Free marketplace for park owners — $0 listing fee, $0 success fee. Brokers take ~6%. We've operated 4,000+ spaces. Can I text the link?",Bradley @ Tread Companies / Trailer Parks re Autumn Forest Mobile Home Village (Browns Summit). Free owner marketplace — $0 fees. List in 2 min: https://temporary-zippy-celesta-4cyc4ht.vercel.app/list-your-park?ref=bradley-outreach,https://temporary-zippy-celesta-4cyc4ht.vercel.app/list-your-park?ref=bradley-outreach
Hiawatha Trailer Park,(704) 488-3137,Bryson City,NC,4365 Ela Road,28713,Swain,"Hi, Bradley with Tread Companies / Trailer Parks calling about Hiawatha Trailer Park in Bryson City. Free marketplace for park owners — $0 listing fee, $0 success fee. Brokers take ~6%. We've operated 4,000+ spaces. Can I text the link?",Bradley @ Tread Companies / Trailer Parks re Hiawatha Trailer Park (Bryson City). Free owner marketplace — $0 fees. List in 2 min: https://temporary-zippy-celesta-4cyc4ht.vercel.app/list-your-park?ref=bradley-outreach,https://temporary-zippy-celesta-4cyc4ht.vercel.app/list-your-park?ref=bradley-outreach
Village Mhp,(336) 578-4532,Burlington,NC,1938 North Nc Highway 49,27217,Alamance,"Hi, Bradley with Tread Companies / Trailer Parks calling about Village Mhp in Burlington. Free marketplace for park owners — $0 listing fee, $0 success fee. Brokers take ~6%. We've operated 4,000+ spaces. Can I text the link?",Bradley @ Tread Companies / Trailer Parks re Village Mhp (Burlington). Free owner marketplace — $0 fees. List in 2 min: https://temporary-zippy-celesta-4cyc4ht.vercel.app/list-your-park?ref=bradley-outreach,https://temporary-zippy-celesta-4cyc4ht.vercel.app/list-your-park?ref=bradley-outreach
Westwood Forest,(336) 222-9378,Burlington,NC,1717 Durham Street,27217,Alamance,"Hi, Bradley with Tread Companies / Trailer Parks calling about Westwood Forest in Burlington. Free marketplace for park owners — $0 listing fee, $0 success fee. Brokers take ~6%. We've operated 4,000+ spaces. Can I text the link?",Bradley @ Tread Companies / Trailer Parks re Westwood Forest (Burlington). Free owner marketplace — $0 fees. List in 2 min: https://temporary-zippy-celesta-4cyc4ht.vercel.app/list-your-park?ref=bradley-outreach,https://temporary-zippy-celesta-4cyc4ht.vercel.app/list-your-park?ref=bradley-outreach
Colonial Mhp,(919) 575-4004,Butner,NC,810 East C Street #53,27509,Granville,"Hi, Bradley with Tread Companies / Trailer Parks calling about Colonial Mhp in Butner. Free marketplace for park owners — $0 listing fee, $0 success fee. Brokers take ~6%. We've operated 4,000+ spaces. Can I text the link?",Bradley @ Tread Companies / Trailer Parks re Colonial Mhp (Butner). Free owner marketplace — $0 fees. List in 2 min: https://temporary-zippy-celesta-4cyc4ht.vercel.app/list-your-park?ref=bradley-outreach,https://temporary-zippy-celesta-4cyc4ht.vercel.app/list-your-park?ref=bradley-outreach
Piedmont Gardens,(919) 575-4554,Butner,NC,113 22Nd,27509,Granville,"Hi, Bradley with Tread Companies / Trailer Parks calling about Piedmont Gardens in Butner. Free marketplace for park owners — $0 listing fee, $0 success fee. Brokers take ~6%. We've operated 4,000+ spaces. Can I text the link?",Bradley @ Tread Companies / Trailer Parks re Piedmont Gardens (Butner). Free owner marketplace — $0 fees. List in 2 min: https://temporary-zippy-celesta-4cyc4ht.vercel.app/list-your-park?ref=bradley-outreach,https://temporary-zippy-celesta-4cyc4ht.vercel.app/list-your-park?ref=bradley-outreach
Colley'S Mhp,(919) 499-5388,Cameron,NC,Highway 87 South,28326,Harnett,"Hi, Bradley with Tread Companies / Trailer Parks calling about Colley'S Mhp in Cameron. Free marketplace for park owners — $0 listing fee, $0 success fee. Brokers take ~6%. We've operated 4,000+ spaces. Can I text the link?",Bradley @ Tread Companies / Trailer Parks re Colley'S Mhp (Cameron). Free owner marketplace — $0 fees. List in 2 min: https://temporary-zippy-celesta-4cyc4ht.vercel.app/list-your-park?ref=bradley-outreach,https://temporary-zippy-celesta-4cyc4ht.vercel.app/list-your-park?ref=bradley-outreach
W A Wilson Mhp,(919) 499-4831,Cameron,NC,219 Wa Wilson Lane,28326,Harnett,"Hi, Bradley with Tread Companies / Trailer Parks calling about W A Wilson Mhp in Cameron. Free marketplace for park owners — $0 listing fee, $0 success fee. Brokers take ~6%. We've operated 4,000+ spaces. Can I text the link?",Bradley @ Tread Companies / Trailer Parks re W A Wilson Mhp (Cameron). Free owner marketplace — $0 fees. List in 2 min: https://temporary-zippy-celesta-4cyc4ht.vercel.app/list-your-park?ref=bradley-outreach,https://temporary-zippy-celesta-4cyc4ht.vercel.app/list-your-park?ref=bradley-outreach
Chatham Estates,(919) 467-1156,Cary,NC,701 E Chatham Street,27511,Wake,"Hi, Bradley with Tread Companies / Trailer Parks calling about Chatham Estates in Cary. Free marketplace for park owners — $0 listing fee, $0 success fee. Brokers take ~6%. We've operated 4,000+ spaces. Can I text the link?",Bradley @ Tread Companies / Trailer Parks re Chatham Estates (Cary). Free owner marketplace — $0 fees. List in 2 min: https://temporary-zippy-celesta-4cyc4ht.vercel.app/list-your-park?ref=bradley-outreach,https://temporary-zippy-celesta-4cyc4ht.vercel.app/list-your-park?ref=bradley-outreach
Mobile Estates Company,(919) 467-6478,Cary,NC,400 York Street,27511,Wake,"Hi, Bradley with Tread Companies / Trailer Parks calling about Mobile Estates Company in Cary. Free marketplace for park owners — $0 listing fee, $0 success fee. Brokers take ~6%. We've operated 4,000+ spaces. Can I text the link?",Bradley @ Tread Companies / Trailer Parks re Mobile Estates Company (Cary). Free owner marketplace — $0 fees. List in 2 min: https://temporary-zippy-celesta-4cyc4ht.vercel.app/list-your-park?ref=bradley-outreach,https://temporary-zippy-celesta-4cyc4ht.vercel.app/list-your-park?ref=bradley-outreach
Lake Jordan Mhp,(919) 971-0918,Chapel Hill,NC,5180-A Big Woods Road,27517,Chatham,"Hi, Bradley with Tread Companies / Trailer Parks calling about Lake Jordan Mhp in Chapel Hill. Free marketplace for park owners — $0 listing fee, $0 success fee. Brokers take ~6%. We've operated 4,000+ spaces. Can I text the link?",Bradley @ Tread Companies / Trailer Parks re Lake Jordan Mhp (Chapel Hill). Free owner marketplace — $0 fees. List in 2 min: https://temporary-zippy-celesta-4cyc4ht.vercel.app/list-your-park?ref=bradley-outreach,https://temporary-zippy-celesta-4cyc4ht.vercel.app/list-your-park?ref=bradley-outreach
Nature Trail Mobile Home Community,(919) 933-8563,Chapel Hill,NC,101 Nature Trail,27514,Chatham,"Hi, Bradley with Tread Companies / Trailer Parks calling about Nature Trail Mobile Home Community in Chapel Hill. Free marketplace for park owners — $0 listing fee, $0 success fee. Brokers take ~6%. We've operated 4,000+ spaces. Can I text the link?",Bradley @ Tread Companies / Trailer Parks re Nature Trail Mobile Home Community (Chapel Hill). Free owner marketplace — $0 fees. List in 2 min: https://temporary-zippy-celesta-4cyc4ht.vercel.app/list-your-park?ref=bradley-outreach,https://temporary-zippy-celesta-4cyc4ht.vercel.app/list-your-park?ref=bradley-outreach
Oak Grove Mhp,(919) 942-6122,Chapel Hill,NC,1501 Ford Road #38,27516,Orange,"Hi, Bradley with Tread Companies / Trailer Parks calling about Oak Grove Mhp in Chapel Hill. Free marketplace for park owners — $0 listing fee, $0 success fee. Brokers take ~6%. We've operated 4,000+ spaces. Can I text the link?",Bradley @ Tread Companies / Trailer Parks re Oak Grove Mhp (Chapel Hill). Free owner marketplace — $0 fees. List in 2 min: https://temporary-zippy-celesta-4cyc4ht.vercel.app/list-your-park?ref=bradley-outreach,https://temporary-zippy-celesta-4cyc4ht.vercel.app/list-your-park?ref=bradley-outreach
Ridgewood Mhp,(919) 942-5222,Chapel Hill,NC,2201 Ridgewood Road,27516,Orange,"Hi, Bradley with Tread Companies / Trailer Parks calling about Ridgewood Mhp in Chapel Hill. Free marketplace for park owners — $0 listing fee, $0 success fee. Brokers take ~6%. We've operated 4,000+ spaces. Can I text the link?",Bradley @ Tread Companies / Trailer Parks re Ridgewood Mhp (Chapel Hill). Free owner marketplace — $0 fees. List in 2 min: https://temporary-zippy-celesta-4cyc4ht.vercel.app/list-your-park?ref=bradley-outreach,https://temporary-zippy-celesta-4cyc4ht.vercel.app/list-your-park?ref=bradley-outreach
Springhill Mhp,(919) 967-4268,Chapel Hill,NC,3500 Old Greensboro Road,27516,Orange,"Hi, Bradley with Tread Companies / Trailer Parks calling about Springhill Mhp in Chapel Hill. Free marketplace for park owners — $0 listing fee, $0 success fee. Brokers take ~6%. We've operated 4,000+ spaces. Can I text the link?",Bradley @ Tread Companies / Trailer Parks re Springhill Mhp (Chapel Hill). Free owner marketplace — $0 fees. List in 2 min: https://temporary-zippy-celesta-4cyc4ht.vercel.app/list-your-park?ref=bradley-outreach,https://temporary-zippy-celesta-4cyc4ht.vercel.app/list-your-park?ref=bradley-outreach
Tar Heel Mobile Court,(919) 942-3124,Chapel Hill,NC,1200 Airport Road,27514,Orange,"Hi, Bradley with Tread Companies / Trailer Parks calling about Tar Heel Mobile Court in Chapel Hill. Free marketplace for park owners — $0 listing fee, $0 success fee. Brokers take ~6%. We've operated 4,000+ spaces. Can I text the link?",Bradley @ Tread Companies / Trailer Parks re Tar Heel Mobile Court (Chapel Hill). Free owner marketplace — $0 fees. List in 2 min: https://temporary-zippy-celesta-4cyc4ht.vercel.app/list-your-park?ref=bradley-outreach,https://temporary-zippy-celesta-4cyc4ht.vercel.app/list-your-park?ref=bradley-outreach
Arrowood Mhp,(704) 588-0351,Charlotte,NC,10400 John Price Road,28273,Mecklenburg,"Hi, Bradley with Tread Companies / Trailer Parks calling about Arrowood Mhp in Charlotte. Free marketplace for park owners — $0 listing fee, $0 success fee. Brokers take ~6%. We've operated 4,000+ spaces. Can I text the link?",Bradley @ Tread Companies / Trailer Parks re Arrowood Mhp (Charlotte). Free owner marketplace — $0 fees. List in 2 min: https://temporary-zippy-celesta-4cyc4ht.vercel.app/list-your-park?ref=bradley-outreach,https://temporary-zippy-celesta-4cyc4ht.vercel.app/list-your-park?ref=bradley-outreach
Belhaven Estates,(704) 398-1146,Charlotte,NC,7115 Bellhaven Boulevard,28216,Mecklenburg,"Hi, Bradley with Tread Companies / Trailer Parks calling about Belhaven Estates in Charlotte. Free marketplace for park owners — $0 listing fee, $0 success fee. Brokers take ~6%. We've operated 4,000+ spaces. Can I text the link?",Bradley @ Tread Companies / Trailer Parks re Belhaven Estates (Charlotte). Free owner marketplace — $0 fees. List in 2 min: https://temporary-zippy-celesta-4cyc4ht.vercel.app/list-your-park?ref=bradley-outreach,https://temporary-zippy-celesta-4cyc4ht.vercel.app/list-your-park?ref=bradley-outreach
Fieldridge Acres,(704) 399-3521,Charlotte,NC,7800 Wilkinson Boulevard,28214,Mecklenburg,"Hi, Bradley with Tread Companies / Trailer Parks calling about Fieldridge Acres in Charlotte. Free marketplace for park owners — $0 listing fee, $0 success fee. Brokers take ~6%. We've operated 4,000+ spaces. Can I text the link?",Bradley @ Tread Companies / Trailer Parks re Fieldridge Acres (Charlotte). Free owner marketplace — $0 fees. List in 2 min: https://temporary-zippy-celesta-4cyc4ht.vercel.app/list-your-park?ref=bradley-outreach,https://temporary-zippy-celesta-4cyc4ht.vercel.app/list-your-park?ref=bradley-outreach
Hunter'S Mhp,(704) 399-6131,Charlotte,NC,6001 Wilkinson Boulevard,28208,Mecklenburg,"Hi, Bradley with Tread Companies / Trailer Parks calling about Hunter'S Mhp in Charlotte. Free marketplace for park owners — $0 listing fee, $0 success fee. Brokers take ~6%. We've operated 4,000+ spaces. Can I text the link?",Bradley @ Tread Companies / Trailer Parks re Hunter'S Mhp (Charlotte). Free owner marketplace — $0 fees. List in 2 min: https://temporary-zippy-celesta-4cyc4ht.vercel.app/list-your-park?ref=bradley-outreach,https://temporary-zippy-celesta-4cyc4ht.vercel.app/list-your-park?ref=bradley-outreach
Huntlynn Acres,(704) 399-5327,Charlotte,NC,8000 Wilkinson Boulevard,28214,Mecklenburg,"Hi, Bradley with Tread Companies / Trailer Parks calling about Huntlynn Acres in Charlotte. Free marketplace for park owners — $0 listing fee, $0 success fee. Brokers take ~6%. We've operated 4,000+ spaces. Can I text the link?",Bradley @ Tread Companies / Trailer Parks re Huntlynn Acres (Charlotte). Free owner marketplace — $0 fees. List in 2 min: https://temporary-zippy-celesta-4cyc4ht.vercel.app/list-your-park?ref=bradley-outreach,https://temporary-zippy-celesta-4cyc4ht.vercel.app/list-your-park?ref=bradley-outreach
Key'S Mhp,(704) 596-1822,Charlotte,NC,7535 Old Statesville Road,28269,Mecklenburg,"Hi, Bradley with Tread Companies / Trailer Parks calling about Key'S Mhp in Charlotte. Free marketplace for park owners — $0 listing fee, $0 success fee. Brokers take ~6%. We've operated 4,000+ spaces. Can I text the link?",Bradley @ Tread Companies / Trailer Parks re Key'S Mhp (Charlotte). Free owner marketplace — $0 fees. List in 2 min: https://temporary-zippy-celesta-4cyc4ht.vercel.app/list-your-park?ref=bradley-outreach,https://temporary-zippy-celesta-4cyc4ht.vercel.app/list-your-park?ref=bradley-outreach
Killian Mhp Inc,(704) 596-6603,Charlotte,NC,6028 Mcdaniel Lane,28213,Mecklenburg,"Hi, Bradley with Tread Companies / Trailer Parks calling about Killian Mhp Inc in Charlotte. Free marketplace for park owners — $0 listing fee, $0 success fee. Brokers take ~6%. We've operated 4,000+ spaces. Can I text the link?",Bradley @ Tread Companies / Trailer Parks re Killian Mhp Inc (Charlotte). Free owner marketplace — $0 fees. List in 2 min: https://temporary-zippy-celesta-4cyc4ht.vercel.app/list-your-park?ref=bradley-outreach,https://temporary-zippy-celesta-4cyc4ht.vercel.app/list-your-park?ref=bradley-outreach
Lamplighter Village Home,(704) 568-0643,Charlotte,NC,7800 Bondhaven Drive,28215,Mecklenburg,"Hi, Bradley with Tread Companies / Trailer Parks calling about Lamplighter Village Home in Charlotte. Free marketplace for park owners — $0 listing fee, $0 success fee. Brokers take ~6%. We've operated 4,000+ spaces. Can I text the link?",Bradley @ Tread Companies / Trailer Parks re Lamplighter Village Home (Charlotte). Free owner marketplace — $0 fees. List in 2 min: https://temporary-zippy-celesta-4cyc4ht.vercel.app/list-your-park?ref=bradley-outreach,https://temporary-zippy-celesta-4cyc4ht.vercel.app/list-your-park?ref=bradley-outreach
Meadowbrook,(866) 786-6281,Charlotte,NC,9859 Spring Ridge Ln,28215,Mecklenburg,"Hi, Bradley with Tread Companies / Trailer Parks calling about Meadowbrook in Charlotte. Free marketplace for park owners — $0 listing fee, $0 success fee. Brokers take ~6%. We've operated 4,000+ spaces. Can I text the link?",Bradley @ Tread Companies / Trailer Parks re Meadowbrook (Charlotte). Free owner marketplace — $0 fees. List in 2 min: https://temporary-zippy-celesta-4cyc4ht.vercel.app/list-your-park?ref=bradley-outreach,https://temporary-zippy-celesta-4cyc4ht.vercel.app/list-your-park?ref=bradley-outreach
Queen'S Grant Mhp,(704) 593-0020,Charlotte,NC,124 Carnival Street,28262,Mecklenburg,"Hi, Bradley with Tread Companies / Trailer Parks calling about Queen'S Grant Mhp in Charlotte. Free marketplace for park owners — $0 listing fee, $0 success fee. Brokers take ~6%. We've operated 4,000+ spaces. Can I text the link?",Bradley @ Tread Companies / Trailer Parks re Queen'S Grant Mhp (Charlotte). Free owner marketplace — $0 fees. List in 2 min: https://temporary-zippy-celesta-4cyc4ht.vercel.app/list-your-park?ref=bradley-outreach,https://temporary-zippy-celesta-4cyc4ht.vercel.app/list-your-park?ref=bradley-outreach
Sunset Grove Mobile Homes Park,(704) 399-5179,Charlotte,NC,6415 Old Plank Road,28216,Mecklenburg,"Hi, Bradley with Tread Companies / Trailer Parks calling about Sunset Grove Mobile Homes Park in Charlotte. Free marketplace for park owners — $0 listing fee, $0 success fee. Brokers take ~6%. We've operated 4,000+ spaces. Can I text the link?",Bradley @ Tread Companies / Trailer Parks re Sunset Grove Mobile Homes Park (Charlotte). Free owner marketplace — $0 fees. List in 2 min: https://temporary-zippy-celesta-4cyc4ht.vercel.app/list-your-park?ref=bradley-outreach,https://temporary-zippy-celesta-4cyc4ht.vercel.app/list-your-park?ref=bradley-outreach
Village Properties,(704) 392-5817,Charlotte,NC,524 South Hoskins Road,28208,Mecklenburg,"Hi, Bradley with Tread Companies / Trailer Parks calling about Village Properties in Charlotte. Free marketplace for park owners — $0 listing fee, $0 success fee. Brokers take ~6%. We've operated 4,000+ spaces. Can I text the link?",Bradley @ Tread Companies / Trailer Parks re Village Properties (Charlotte). Free owner marketplace — $0 fees. List in 2 min: https://temporary-zippy-celesta-4cyc4ht.vercel.app/list-your-park?ref=bradley-outreach,https://temporary-zippy-celesta-4cyc4ht.vercel.app/list-your-park?ref=bradley-outreach
Wilgrove Mhp,(704) 545-4407,Charlotte,NC,10403 Albemarle Road,28227,Mecklenburg,"Hi, Bradley with Tread Companies / Trailer Parks calling about Wilgrove Mhp in Charlotte. Free marketplace for park owners — $0 listing fee, $0 success fee. Brokers take ~6%. We've operated 4,000+ spaces. Can I text the link?",Bradley @ Tread Companies / Trailer Parks re Wilgrove Mhp (Charlotte). Free owner marketplace — $0 fees. List in 2 min: https://temporary-zippy-celesta-4cyc4ht.vercel.app/list-your-park?ref=bradley-outreach,https://temporary-zippy-celesta-4cyc4ht.vercel.app/list-your-park?ref=bradley-outreach
Allen Mhp,(704) 435-3411,Cherryville,NC,2532 Lincolnton Highway,28021,Gaston,"Hi, Bradley with Tread Companies / Trailer Parks calling about Allen Mhp in Cherryville. Free marketplace for park owners — $0 listing fee, $0 success fee. Brokers take ~6%. We've operated 4,000+ spaces. Can I text the link?",Bradley @ Tread Companies / Trailer Parks re Allen Mhp (Cherryville). Free owner marketplace — $0 fees. List in 2 min: https://temporary-zippy-celesta-4cyc4ht.vercel.app/list-your-park?ref=bradley-outreach,https://temporary-zippy-celesta-4cyc4ht.vercel.app/list-your-park?ref=bradley-outreach
Cedar Glen Mhp,(704) 278-9205,Cleveland,NC,13945 Statesville Boulevard,27013,Rowan,"Hi, Bradley with Tread Companies / Trailer Parks calling about Cedar Glen Mhp in Cleveland. Free marketplace for park owners — $0 listing fee, $0 success fee. Brokers take ~6%. We've operated 4,000+ spaces. Can I text the link?",Bradley @ Tread Companies / Trailer Parks re Cedar Glen Mhp (Cleveland). Free owner marketplace — $0 fees. List in 2 min: https://temporary-zippy-celesta-4cyc4ht.vercel.app/list-your-park?ref=bradley-outreach,https://temporary-zippy-celesta-4cyc4ht.vercel.app/list-your-park?ref=bradley-outreach
Birchwood Mhp,(704) 627-8645,Clyde,NC,Old Us Highway 19-23,28721,Haywood,"Hi, Bradley with Tread Companies / Trailer Parks calling about Birchwood Mhp in Clyde. Free marketplace for park owners — $0 listing fee, $0 success fee. Brokers take ~6%. We've operated 4,000+ spaces. Can I text the link?",Bradley @ Tread Companies / Trailer Parks re Birchwood Mhp (Clyde). Free owner marketplace — $0 fees. List in 2 min: https://temporary-zippy-celesta-4cyc4ht.vercel.app/list-your-park?ref=bradley-outreach,https://temporary-zippy-celesta-4cyc4ht.vercel.app/list-your-park?ref=bradley-outreach
Countryview Mhp,(704) 786-2315,Concord,NC,3873 Pheasant Dr,28025,Cabarrus,"Hi, Bradley with Tread Companies / Trailer Parks calling about Countryview Mhp in Concord. Free marketplace for park owners — $0 listing fee, $0 success fee. Brokers take ~6%. We've operated 4,000+ spaces. Can I text the link?",Bradley @ Tread Companies / Trailer Parks re Countryview Mhp (Concord). Free owner marketplace — $0 fees. List in 2 min: https://temporary-zippy-celesta-4cyc4ht.vercel.app/list-your-park?ref=bradley-outreach,https://temporary-zippy-celesta-4cyc4ht.vercel.app/list-your-park?ref=bradley-outreach
Glen Laurel,(866) 786-3011,Concord,NC,3320 Glen Laurel,28025,Cabarrus,"Hi, Bradley with Tread Companies / Trailer Parks calling about Glen Laurel in Concord. Free marketplace for park owners — $0 listing fee, $0 success fee. Brokers take ~6%. We've operated 4,000+ spaces. Can I text the link?",Bradley @ Tread Companies / Trailer Parks re Glen Laurel (Concord). Free owner marketplace — $0 fees. List in 2 min: https://temporary-zippy-celesta-4cyc4ht.vercel.app/list-your-park?ref=bradley-outreach,https://temporary-zippy-celesta-4cyc4ht.vercel.app/list-your-park?ref=bradley-outreach
Southern Hill Mhp,(704) 788-6529,Concord,NC,5045 Fairbluff Road,28025,Cabarrus,"Hi, Bradley with Tread Companies / Trailer Parks calling about Southern Hill Mhp in Concord. Free marketplace for park owners — $0 listing fee, $0 success fee. Brokers take ~6%. We've operated 4,000+ spaces. Can I text the link?",Bradley @ Tread Companies / Trailer Parks re Southern Hill Mhp (Concord). Free owner marketplace — $0 fees. List in 2 min: https://temporary-zippy-celesta-4cyc4ht.vercel.app/list-your-park?ref=bradley-outreach,https://temporary-zippy-celesta-4cyc4ht.vercel.app/list-your-park?ref=bradley-outreach
Suburban Mobile Home Community,(704) 788-8955,Concord,NC,2 Tower Cir Nw,28027,Cabarrus,"Hi, Bradley with Tread Companies / Trailer Parks calling about Suburban Mobile Home Community in Concord. Free marketplace for park owners — $0 listing fee, $0 success fee. Brokers take ~6%. We've operated 4,000+ spaces. Can I text the link?",Bradley @ Tread Companies / Trailer Parks re Suburban Mobile Home Community (Concord). Free owner marketplace — $0 fees. List in 2 min: https://temporary-zippy-celesta-4cyc4ht.vercel.app/list-your-park?ref=bradley-outreach,https://temporary-zippy-celesta-4cyc4ht.vercel.app/list-your-park?ref=bradley-outreach
White-Hurst Park/Countryview,(704) 786-2315,Concord,NC,3975 Grossbeak Drive,28025,Cabarrus,"Hi, Bradley with Tread Companies / Trailer Parks calling about White-Hurst Park/Countryview in Concord. Free marketplace for park owners — $0 listing fee, $0 success fee. Brokers take ~6%. We've operated 4,000+ spaces. Can I text the link?",Bradley @ Tread Companies / Trailer Parks re White-Hurst Park/Countryview (Concord). Free owner marketplace — $0 fees. List in 2 min: https://temporary-zippy-celesta-4cyc4ht.vercel.app/list-your-park?ref=bradley-outreach,https://temporary-zippy-celesta-4cyc4ht.vercel.app/list-your-park?ref=bradley-outreach
Whitehurst Mhp,(704) 786-2315,Concord,NC,3207 Jessica Ln,28025,Cabarrus,"Hi, Bradley with Tread Companies / Trailer Parks calling about Whitehurst Mhp in Concord. Free marketplace for park owners — $0 listing fee, $0 success fee. Brokers take ~6%. We've operated 4,000+ spaces. Can I text the link?",Bradley @ Tread Companies / Trailer Parks re Whitehurst Mhp (Concord). Free owner marketplace — $0 fees. List in 2 min: https://temporary-zippy-celesta-4cyc4ht.vercel.app/list-your-park?ref=bradley-outreach,https://temporary-zippy-celesta-4cyc4ht.vercel.app/list-your-park?ref=bradley-outreach
Woodridge Park Inc,(704) 782-1176,Concord,NC,Fairbluff Road & Highway 601,28025,Cabarrus,"Hi, Bradley with Tread Companies / Trailer Parks calling about Woodridge Park Inc in Concord. Free marketplace for park owners — $0 listing fee, $0 success fee. Brokers take ~6%. We've operated 4,000+ spaces. Can I text the link?",Bradley @ Tread Companies / Trailer Parks re Woodridge Park Inc (Concord). Free owner marketplace — $0 fees. List in 2 min: https://temporary-zippy-celesta-4cyc4ht.vercel.app/list-your-park?ref=bradley-outreach,https://temporary-zippy-celesta-4cyc4ht.vercel.app/list-your-park?ref=bradley-outreach
Conover Mhp Office,(704) 464-9070,Conover,NC,615 1St Street East,28613,Catawba,"Hi, Bradley with Tread Companies / Trailer Parks calling about Conover Mhp Office in Conover. Free marketplace for park owners — $0 listing fee, $0 success fee. Brokers take ~6%. We've operated 4,000+ spaces. Can I text the link?",Bradley @ Tread Companies / Trailer Parks re Conover Mhp Office (Conover). Free owner marketplace — $0 fees. List in 2 min: https://temporary-zippy-celesta-4cyc4ht.vercel.app/list-your-park?ref=bradley-outreach,https://temporary-zippy-celesta-4cyc4ht.vercel.app/list-your-park?ref=bradley-outreach
Lyle Haven Mhp,(704) 465-3065,Conover,NC,3825 County Home Road,28613,Catawba,"Hi, Bradley with Tread Companies / Trailer Parks calling about Lyle Haven Mhp in Conover. Free marketplace for park owners — $0 listing fee, $0 success fee. Brokers take ~6%. We've operated 4,000+ spaces. Can I text the link?",Bradley @ Tread Companies / Trailer Parks re Lyle Haven Mhp (Conover). Free owner marketplace — $0 fees. List in 2 min: https://temporary-zippy-celesta-4cyc4ht.vercel.app/list-your-park?ref=bradley-outreach,https://temporary-zippy-celesta-4cyc4ht.vercel.app/list-your-park?ref=bradley-outreach
Oakgrove Mhp,(704) 464-0328,Conover,NC,111 Herman Sipe Road,28613,Catawba,"Hi, Bradley with Tread Companies / Trailer Parks calling about Oakgrove Mhp in Conover. Free marketplace for park owners — $0 listing fee, $0 success fee. Brokers take ~6%. We've operated 4,000+ spaces. Can I text the link?",Bradley @ Tread Companies / Trailer Parks re Oakgrove Mhp (Conover). Free owner marketplace — $0 fees. List in 2 min: https://temporary-zippy-celesta-4cyc4ht.vercel.app/list-your-park?ref=bradley-outreach,https://temporary-zippy-celesta-4cyc4ht.vercel.app/list-your-park?ref=bradley-outreach
Paradise Valley,(704) 256-4935,Conover,NC,940 27Th Street Northeast,28613,Catawba,"Hi, Bradley with Tread Companies / Trailer Parks calling about Paradise Valley in Conover. Free marketplace for park owners — $0 listing fee, $0 success fee. Brokers take ~6%. We've operated 4,000+ spaces. Can I text the link?",Bradley @ Tread Companies / Trailer Parks re Paradise Valley (Conover). Free owner marketplace — $0 fees. List in 2 min: https://temporary-zippy-celesta-4cyc4ht.vercel.app/list-your-park?ref=bradley-outreach,https://temporary-zippy-celesta-4cyc4ht.vercel.app/list-your-park?ref=bradley-outreach
Stonehaven Village,(704) 464-8268,Conover,NC,1587 Garnett Street,28613,Catawba,"Hi, Bradley with Tread Companies / Trailer Parks calling about Stonehaven Village in Conover. Free marketplace for park owners — $0 listing fee, $0 success fee. Brokers take ~6%. We've operated 4,000+ spaces. Can I text the link?",Bradley @ Tread Companies / Trailer Parks re Stonehaven Village (Conover). Free owner marketplace — $0 fees. List in 2 min: https://temporary-zippy-celesta-4cyc4ht.vercel.app/list-your-park?ref=bradley-outreach,https://temporary-zippy-celesta-4cyc4ht.vercel.app/list-your-park?ref=bradley-outreach
Park Place Mhp,(704) 293-7474,Cullowhee,NC,75 Ledbetter Road #29,28723,Jackson,"Hi, Bradley with Tread Companies / Trailer Parks calling about Park Place Mhp in Cullowhee. Free marketplace for park owners — $0 listing fee, $0 success fee. Brokers take ~6%. We've operated 4,000+ spaces. Can I text the link?",Bradley @ Tread Companies / Trailer Parks re Park Place Mhp (Cullowhee). Free owner marketplace — $0 fees. List in 2 min: https://temporary-zippy-celesta-4cyc4ht.vercel.app/list-your-park?ref=bradley-outreach,https://temporary-zippy-celesta-4cyc4ht.vercel.app/list-your-park?ref=bradley-outreach
Donna Lynn Mobile Home Community,(704) 922-5168,Dallas,NC,101 Donna Drive,28034,Gaston,"Hi, Bradley with Tread Companies / Trailer Parks calling about Donna Lynn Mobile Home Community in Dallas. Free marketplace for park owners — $0 listing fee, $0 success fee. Brokers take ~6%. We've operated 4,000+ spaces. Can I text the link?",Bradley @ Tread Companies / Trailer Parks re Donna Lynn Mobile Home Community (Dallas). Free owner marketplace — $0 fees. List in 2 min: https://temporary-zippy-celesta-4cyc4ht.vercel.app/list-your-park?ref=bradley-outreach,https://temporary-zippy-celesta-4cyc4ht.vercel.app/list-your-park?ref=bradley-outreach
Dobson Mobile Home Manor,(336) 386-8514,Dobson,NC,111 Mcduffin Drive,27017,Surry,"Hi, Bradley with Tread Companies / Trailer Parks calling about Dobson Mobile Home Manor in Dobson. Free marketplace for park owners — $0 listing fee, $0 success fee. Brokers take ~6%. We've operated 4,000+ spaces. Can I text the link?",Bradley @ Tread Companies / Trailer Parks re Dobson Mobile Home Manor (Dobson). Free owner marketplace — $0 fees. List in 2 min: https://temporary-zippy-celesta-4cyc4ht.vercel.app/list-your-park?ref=bradley-outreach,https://temporary-zippy-celesta-4cyc4ht.vercel.app/list-your-park?ref=bradley-outreach
Country Squire Mobile Court,(919) 383-2144,Durham,NC,Pleasant Green Road,27705,Orange,"Hi, Bradley with Tread Companies / Trailer Parks calling about Country Squire Mobile Court in Durham. Free marketplace for park owners — $0 listing fee, $0 success fee. Brokers take ~6%. We've operated 4,000+ spaces. Can I text the link?",Bradley @ Tread Companies / Trailer Parks re Country Squire Mobile Court (Durham). Free owner marketplace — $0 fees. List in 2 min: https://temporary-zippy-celesta-4cyc4ht.vercel.app/list-your-park?ref=bradley-outreach,https://temporary-zippy-celesta-4cyc4ht.vercel.app/list-your-park?ref=bradley-outreach
Maple Ridge Park,(919) 383-1678,Durham,NC,5901 Craig Road,27712,Orange,"Hi, Bradley with Tread Companies / Trailer Parks calling about Maple Ridge Park in Durham. Free marketplace for park owners — $0 listing fee, $0 success fee. Brokers take ~6%. We've operated 4,000+ spaces. Can I text the link?",Bradley @ Tread Companies / Trailer Parks re Maple Ridge Park (Durham). Free owner marketplace — $0 fees. List in 2 min: https://temporary-zippy-celesta-4cyc4ht.vercel.app/list-your-park?ref=bradley-outreach,https://temporary-zippy-celesta-4cyc4ht.vercel.app/list-your-park?ref=bradley-outreach
Vernon'S Mhp,(336) 623-8192,Eden,NC,112 Della Drive,27288,Rockingham,"Hi, Bradley with Tread Companies / Trailer Parks calling about Vernon'S Mhp in Eden. Free marketplace for park owners — $0 listing fee, $0 success fee. Brokers take ~6%. We've operated 4,000+ spaces. Can I text the link?",Bradley @ Tread Companies / Trailer Parks re Vernon'S Mhp (Eden). Free owner marketplace — $0 fees. List in 2 min: https://temporary-zippy-celesta-4cyc4ht.vercel.app/list-your-park?ref=bradley-outreach,https://temporary-zippy-celesta-4cyc4ht.vercel.app/list-your-park?ref=bradley-outreach
Morgan'S Corner Mhp,(919) 771-2613,Elizabeth City,NC,1699 Morgans Corner Road,27909,Pasquotank,"Hi, Bradley with Tread Companies / Trailer Parks calling about Morgan'S Corner Mhp in Elizabeth City. Free marketplace for park owners — $0 listing fee, $0 success fee. Brokers take ~6%. We've operated 4,000+ spaces. Can I text the link?",Bradley @ Tread Companies / Trailer Parks re Morgan'S Corner Mhp (Elizabeth City). Free owner marketplace — $0 fees. List in 2 min: https://temporary-zippy-celesta-4cyc4ht.vercel.app/list-your-park?ref=bradley-outreach,https://temporary-zippy-celesta-4cyc4ht.vercel.app/list-your-park?ref=bradley-outreach
Elon College Mhp,(336) 226-8411,Elon College,NC,660 Manning Avenue,27244,Alamance,"Hi, Bradley with Tread Companies / Trailer Parks calling about Elon College Mhp in Elon College. Free marketplace for park owners — $0 listing fee, $0 success fee. Brokers take ~6%. We've operated 4,000+ spaces. Can I text the link?",Bradley @ Tread Companies / Trailer Parks re Elon College Mhp (Elon College). Free owner marketplace — $0 fees. List in 2 min: https://temporary-zippy-celesta-4cyc4ht.vercel.app/list-your-park?ref=bradley-outreach,https://temporary-zippy-celesta-4cyc4ht.vercel.app/list-your-park?ref=bradley-outreach
Cain Road Mhp,(910) 885-0015,Fayetteville,NC,1411 Cain Rd,28303,Cumberland,"Hi, Bradley with Tread Companies / Trailer Parks calling about Cain Road Mhp in Fayetteville. Free marketplace for park owners — $0 listing fee, $0 success fee. Brokers take ~6%. We've operated 4,000+ spaces. Can I text the link?",Bradley @ Tread Companies / Trailer Parks re Cain Road Mhp (Fayetteville). Free owner marketplace — $0 fees. List in 2 min: https://temporary-zippy-celesta-4cyc4ht.vercel.app/list-your-park?ref=bradley-outreach,https://temporary-zippy-celesta-4cyc4ht.vercel.app/list-your-park?ref=bradley-outreach
Carolina Spring Mobile Home Estates,(910) 822-1303,Fayetteville,NC,1798 Gibson St,28301,Cumberland,"Hi, Bradley with Tread Companies / Trailer Parks calling about Carolina Spring Mobile Home Estates in Fayetteville. Free marketplace for park owners — $0 listing fee, $0 success fee. Brokers take ~6%. We've operated 4,000+ spaces. Can I text the link?",Bradley @ Tread Companies / Trailer Parks re Carolina Spring Mobile Home Estates (Fayetteville). Free owner marketplace — $0 fees. List in 2 min: https://temporary-zippy-celesta-4cyc4ht.vercel.app/list-your-park?ref=bradley-outreach,https://temporary-zippy-celesta-4cyc4ht.vercel.app/list-your-park?ref=bradley-outreach
Lafayette Plantation,(910) 213-5556,Fayetteville,NC,1014 Wildwood Dr,28304,Cumberland,"Hi, Bradley with Tread Companies / Trailer Parks calling about Lafayette Plantation in Fayetteville. Free marketplace for park owners — $0 listing fee, $0 success fee. Brokers take ~6%. We've operated 4,000+ spaces. Can I text the link?",Bradley @ Tread Companies / Trailer Parks re Lafayette Plantation (Fayetteville). Free owner marketplace — $0 fees. List in 2 min: https://temporary-zippy-celesta-4cyc4ht.vercel.app/list-your-park?ref=bradley-outreach,https://temporary-zippy-celesta-4cyc4ht.vercel.app/list-your-park?ref=bradley-outreach
Liberty Manor Mhp,(910) 818-0214,Fayetteville,NC,5112 Ariel Ct,28306,Cumberland,"Hi, Bradley with Tread Companies / Trailer Parks calling about Liberty Manor Mhp in Fayetteville. Free marketplace for park owners — $0 listing fee, $0 success fee. Brokers take ~6%. We've operated 4,000+ spaces. Can I text the link?",Bradley @ Tread Companies / Trailer Parks re Liberty Manor Mhp (Fayetteville). Free owner marketplace — $0 fees. List in 2 min: https://temporary-zippy-celesta-4cyc4ht.vercel.app/list-your-park?ref=bradley-outreach,https://temporary-zippy-celesta-4cyc4ht.vercel.app/list-your-park?ref=bradley-outreach
Palm Springs Mhp Ii,(919) 389-7070,Fayetteville,NC,1034 Palm Springs Dr,28311,Cumberland,"Hi, Bradley with Tread Companies / Trailer Parks calling about Palm Springs Mhp Ii in Fayetteville. Free marketplace for park owners — $0 listing fee, $0 success fee. Brokers take ~6%. We've operated 4,000+ spaces. Can I text the link?",Bradley @ Tread Companies / Trailer Parks re Palm Springs Mhp Ii (Fayetteville). Free owner marketplace — $0 fees. List in 2 min: https://temporary-zippy-celesta-4cyc4ht.vercel.app/list-your-park?ref=bradley-outreach,https://temporary-zippy-celesta-4cyc4ht.vercel.app/list-your-park?ref=bradley-outreach
Sunnyside Mhp,(910) 339-7098,Fayetteville,NC,408 Brick Springs Road,28312,Cumberland,"Hi, Bradley with Tread Companies / Trailer Parks calling about Sunnyside Mhp in Fayetteville. Free marketplace for park owners — $0 listing fee, $0 success fee. Brokers take ~6%. We've operated 4,000+ spaces. Can I text the link?",Bradley @ Tread Companies / Trailer Parks re Sunnyside Mhp (Fayetteville). Free owner marketplace — $0 fees. List in 2 min: https://temporary-zippy-celesta-4cyc4ht.vercel.app/list-your-park?ref=bradley-outreach,https://temporary-zippy-celesta-4cyc4ht.vercel.app/list-your-park?ref=bradley-outreach
Whispering Pine Village,(910) 488-0820,Fayetteville,NC,932 Country Club Drive #108,28301,Cumberland,"Hi, Bradley with Tread Companies / Trailer Parks calling about Whispering Pine Village in Fayetteville. Free marketplace for park owners — $0 listing fee, $0 success fee. Brokers take ~6%. We've operated 4,000+ spaces. Can I text the link?",Bradley @ Tread Companies / Trailer Parks re Whispering Pine Village (Fayetteville). Free owner marketplace — $0 fees. List in 2 min: https://temporary-zippy-celesta-4cyc4ht.vercel.app/list-your-park?ref=bradley-outreach,https://temporary-zippy-celesta-4cyc4ht.vercel.app/list-your-park?ref=bradley-outreach
Spring Haven Development,(704) 693-0727,Flat Rock,NC,100 Spring Haven Drive,28731,Henderson,"Hi, Bradley with Tread Companies / Trailer Parks calling about Spring Haven Development in Flat Rock. Free marketplace for park owners — $0 listing fee, $0 success fee. Brokers take ~6%. We've operated 4,000+ spaces. Can I text the link?",Bradley @ Tread Companies / Trailer Parks re Spring Haven Development (Flat Rock). Free owner marketplace — $0 fees. List in 2 min: https://temporary-zippy-celesta-4cyc4ht.vercel.app/list-your-park?ref=bradley-outreach,https://temporary-zippy-celesta-4cyc4ht.vercel.app/list-your-park?ref=bradley-outreach
Laughter'S Homestead Village,(704) 684-7455,Fletcher,NC,360 Williams Road,28732,Buncombe,"Hi, Bradley with Tread Companies / Trailer Parks calling about Laughter'S Homestead Village in Fletcher. Free marketplace for park owners — $0 listing fee, $0 success fee. Brokers take ~6%. We've operated 4,000+ spaces. Can I text the link?",Bradley @ Tread Companies / Trailer Parks re Laughter'S Homestead Village (Fletcher). Free owner marketplace — $0 fees. List in 2 min: https://temporary-zippy-celesta-4cyc4ht.vercel.app/list-your-park?ref=bradley-outreach,https://temporary-zippy-celesta-4cyc4ht.vercel.app/list-your-park?ref=bradley-outreach
Presley'S Mobile Village,(704) 628-3325,Fletcher,NC,Gravely Branch Road,28732,Buncombe,"Hi, Bradley with Tread Companies / Trailer Parks calling about Presley'S Mobile Village in Fletcher. Free marketplace for park owners — $0 listing fee, $0 success fee. Brokers take ~6%. We've operated 4,000+ spaces. Can I text the link?",Bradley @ Tread Companies / Trailer Parks re Presley'S Mobile Village (Fletcher). Free owner marketplace — $0 fees. List in 2 min: https://temporary-zippy-celesta-4cyc4ht.vercel.app/list-your-park?ref=bradley-outreach,https://temporary-zippy-celesta-4cyc4ht.vercel.app/list-your-park?ref=bradley-outreach
Candyland Mhp,(704) 247-0590,Forest City,NC,157 Leach Road,28043,Rutherford,"Hi, Bradley with Tread Companies / Trailer Parks calling about Candyland Mhp in Forest City. Free marketplace for park owners — $0 listing fee, $0 success fee. Brokers take ~6%. We've operated 4,000+ spaces. Can I text the link?",Bradley @ Tread Companies / Trailer Parks re Candyland Mhp (Forest City). Free owner marketplace — $0 fees. List in 2 min: https://temporary-zippy-celesta-4cyc4ht.vercel.app/list-your-park?ref=bradley-outreach,https://temporary-zippy-celesta-4cyc4ht.vercel.app/list-your-park?ref=bradley-outreach
Foothills Homes,(704) 247-0055,Forest City,NC,233 Robin Hood Drive,28043,Rutherford,"Hi, Bradley with Tread Companies / Trailer Parks calling about Foothills Homes in Forest City. Free marketplace for park owners — $0 listing fee, $0 success fee. Brokers take ~6%. We've operated 4,000+ spaces. Can I text the link?",Bradley @ Tread Companies / Trailer Parks re Foothills Homes (Forest City). Free owner marketplace — $0 fees. List in 2 min: https://temporary-zippy-celesta-4cyc4ht.vercel.app/list-your-park?ref=bradley-outreach,https://temporary-zippy-celesta-4cyc4ht.vercel.app/list-your-park?ref=bradley-outreach
Pine Hill Park,(828) 524-8328,Franklin,NC,28 Hill Street,28734,Macon,"Hi, Bradley with Tread Companies / Trailer Parks calling about Pine Hill Park in Franklin. Free marketplace for park owners — $0 listing fee, $0 success fee. Brokers take ~6%. We've operated 4,000+ spaces. Can I text the link?",Bradley @ Tread Companies / Trailer Parks re Pine Hill Park (Franklin). Free owner marketplace — $0 fees. List in 2 min: https://temporary-zippy-celesta-4cyc4ht.vercel.app/list-your-park?ref=bradley-outreach,https://temporary-zippy-celesta-4cyc4ht.vercel.app/list-your-park?ref=bradley-outreach
Cedar Downs Mhp,(919) 552-9828,Fuquay-Varina,NC,4 Tootsie Dr,27526,Harnett,"Hi, Bradley with Tread Companies / Trailer Parks calling about Cedar Downs Mhp in Fuquay-Varina. Free marketplace for park owners — $0 listing fee, $0 success fee. Brokers take ~6%. We've operated 4,000+ spaces. Can I text the link?",Bradley @ Tread Companies / Trailer Parks re Cedar Downs Mhp (Fuquay-Varina). Free owner marketplace — $0 fees. List in 2 min: https://temporary-zippy-celesta-4cyc4ht.vercel.app/list-your-park?ref=bradley-outreach,https://temporary-zippy-celesta-4cyc4ht.vercel.app/list-your-park?ref=bradley-outreach
Indian Creek Overlook,(919) 779-1122,Garner,NC,1113 Indian Creek Trail,27529,Wake,"Hi, Bradley with Tread Companies / Trailer Parks calling about Indian Creek Overlook in Garner. Free marketplace for park owners — $0 listing fee, $0 success fee. Brokers take ~6%. We've operated 4,000+ spaces. Can I text the link?",Bradley @ Tread Companies / Trailer Parks re Indian Creek Overlook (Garner). Free owner marketplace — $0 fees. List in 2 min: https://temporary-zippy-celesta-4cyc4ht.vercel.app/list-your-park?ref=bradley-outreach,https://temporary-zippy-celesta-4cyc4ht.vercel.app/list-your-park?ref=bradley-outreach
Parrish Manor,(919) 661-1234,Garner,NC,4500 Parrish Manor Drive,27529,Wake,"Hi, Bradley with Tread Companies / Trailer Parks calling about Parrish Manor in Garner. Free marketplace for park owners — $0 listing fee, $0 success fee. Brokers take ~6%. We've operated 4,000+ spaces. Can I text the link?",Bradley @ Tread Companies / Trailer Parks re Parrish Manor (Garner). Free owner marketplace — $0 fees. List in 2 min: https://temporary-zippy-celesta-4cyc4ht.vercel.app/list-your-park?ref=bradley-outreach,https://temporary-zippy-celesta-4cyc4ht.vercel.app/list-your-park?ref=bradley-outreach
Berkley Oaks,(704) 866-0165,Gastonia,NC,101 Jeran Ln,28052,Gaston,"Hi, Bradley with Tread Companies / Trailer Parks calling about Berkley Oaks in Gastonia. Free marketplace for park owners — $0 listing fee, $0 success fee. Brokers take ~6%. We've operated 4,000+ spaces. Can I text the link?",Bradley @ Tread Companies / Trailer Parks re Berkley Oaks (Gastonia). Free owner marketplace — $0 fees. List in 2 min: https://temporary-zippy-celesta-4cyc4ht.vercel.app/list-your-park?ref=bradley-outreach,https://temporary-zippy-celesta-4cyc4ht.vercel.app/list-your-park?ref=bradley-outreach
Suburban Mhp,(704) 867-7775,Gastonia,NC,4512 South Linwood Road,28052,Gaston,"Hi, Bradley with Tread Companies / Trailer Parks calling about Suburban Mhp in Gastonia. Free marketplace for park owners — $0 listing fee, $0 success fee. Brokers take ~6%. We've operated 4,000+ spaces. Can I text the link?",Bradley @ Tread Companies / Trailer Parks re Suburban Mhp (Gastonia). Free owner marketplace — $0 fees. List in 2 min: https://temporary-zippy-celesta-4cyc4ht.vercel.app/list-your-park?ref=bradley-outreach,https://temporary-zippy-celesta-4cyc4ht.vercel.app/list-your-park?ref=bradley-outreach
Edwards Mhp,(919) 580-9515,Goldsboro,NC,123 Dawson Drive,27530,Wayne,"Hi, Bradley with Tread Companies / Trailer Parks calling about Edwards Mhp in Goldsboro. Free marketplace for park owners — $0 listing fee, $0 success fee. Brokers take ~6%. We've operated 4,000+ spaces. Can I text the link?",Bradley @ Tread Companies / Trailer Parks re Edwards Mhp (Goldsboro). Free owner marketplace — $0 fees. List in 2 min: https://temporary-zippy-celesta-4cyc4ht.vercel.app/list-your-park?ref=bradley-outreach,https://temporary-zippy-celesta-4cyc4ht.vercel.app/list-your-park?ref=bradley-outreach
Riverview Mhp,(919) 735-2233,Goldsboro,NC,1120 West Grantham Street,27530,Wayne,"Hi, Bradley with Tread Companies / Trailer Parks calling about Riverview Mhp in Goldsboro. Free marketplace for park owners — $0 listing fee, $0 success fee. Brokers take ~6%. We've operated 4,000+ spaces. Can I text the link?",Bradley @ Tread Companies / Trailer Parks re Riverview Mhp (Goldsboro). Free owner marketplace — $0 fees. List in 2 min: https://temporary-zippy-celesta-4cyc4ht.vercel.app/list-your-park?ref=bradley-outreach,https://temporary-zippy-celesta-4cyc4ht.vercel.app/list-your-park?ref=bradley-outreach
Tanglewood Mobile Home Park,(919) 778-4036,Goldsboro,NC,Rr 11 Box 95,27534,Wayne,"Hi, Bradley with Tread Companies / Trailer Parks calling about Tanglewood Mobile Home Park in Goldsboro. Free marketplace for park owners — $0 listing fee, $0 success fee. Brokers take ~6%. We've operated 4,000+ spaces. Can I text the link?",Bradley @ Tread Companies / Trailer Parks re Tanglewood Mobile Home Park (Goldsboro). Free owner marketplace — $0 fees. List in 2 min: https://temporary-zippy-celesta-4cyc4ht.vercel.app/list-your-park?ref=bradley-outreach,https://temporary-zippy-celesta-4cyc4ht.vercel.app/list-your-park?ref=bradley-outreach
Sleepy Hollow Estates,(336) 226-0015,Graham,NC,2833 South Nc Highway 87,27253,Alamance,"Hi, Bradley with Tread Companies / Trailer Parks calling about Sleepy Hollow Estates in Graham. Free marketplace for park owners — $0 listing fee, $0 success fee. Brokers take ~6%. We've operated 4,000+ spaces. Can I text the link?",Bradley @ Tread Companies / Trailer Parks re Sleepy Hollow Estates (Graham). Free owner marketplace — $0 fees. List in 2 min: https://temporary-zippy-celesta-4cyc4ht.vercel.app/list-your-park?ref=bradley-outreach,https://temporary-zippy-celesta-4cyc4ht.vercel.app/list-your-park?ref=bradley-outreach
Springlake Mhp,(704) 396-1656,Granite Falls,NC,2350 Springlake Mhp Road,28630,Caldwell,"Hi, Bradley with Tread Companies / Trailer Parks calling about Springlake Mhp in Granite Falls. Free marketplace for park owners — $0 listing fee, $0 success fee. Brokers take ~6%. We've operated 4,000+ spaces. Can I text the link?",Bradley @ Tread Companies / Trailer Parks re Springlake Mhp (Granite Falls). Free owner marketplace — $0 fees. List in 2 min: https://temporary-zippy-celesta-4cyc4ht.vercel.app/list-your-park?ref=bradley-outreach,https://temporary-zippy-celesta-4cyc4ht.vercel.app/list-your-park?ref=bradley-outreach
Cedar Creek Mhp,(336) 275-5326,Greensboro,NC,3607 South Elm Eugene Street,27406,Guilford,"Hi, Bradley with Tread Companies / Trailer Parks calling about Cedar Creek Mhp in Greensboro. Free marketplace for park owners — $0 listing fee, $0 success fee. Brokers take ~6%. We've operated 4,000+ spaces. Can I text the link?",Bradley @ Tread Companies / Trailer Parks re Cedar Creek Mhp (Greensboro). Free owner marketplace — $0 fees. List in 2 min: https://temporary-zippy-celesta-4cyc4ht.vercel.app/list-your-park?ref=bradley-outreach,https://temporary-zippy-celesta-4cyc4ht.vercel.app/list-your-park?ref=bradley-outreach
Clayton Estates,(336) 697-1165,Greensboro,NC,3529 Mcconnell Road,27405,Guilford,"Hi, Bradley with Tread Companies / Trailer Parks calling about Clayton Estates in Greensboro. Free marketplace for park owners — $0 listing fee, $0 success fee. Brokers take ~6%. We've operated 4,000+ spaces. Can I text the link?",Bradley @ Tread Companies / Trailer Parks re Clayton Estates (Greensboro). Free owner marketplace — $0 fees. List in 2 min: https://temporary-zippy-celesta-4cyc4ht.vercel.app/list-your-park?ref=bradley-outreach,https://temporary-zippy-celesta-4cyc4ht.vercel.app/list-your-park?ref=bradley-outreach
Crown Mhp Inc,(336) 855-5809,Greensboro,NC,Jonquil Drive,27407,Guilford,"Hi, Bradley with Tread Companies / Trailer Parks calling about Crown Mhp Inc in Greensboro. Free marketplace for park owners — $0 listing fee, $0 success fee. Brokers take ~6%. We've operated 4,000+ spaces. Can I text the link?",Bradley @ Tread Companies / Trailer Parks re Crown Mhp Inc (Greensboro). Free owner marketplace — $0 fees. List in 2 min: https://temporary-zippy-celesta-4cyc4ht.vercel.app/list-your-park?ref=bradley-outreach,https://temporary-zippy-celesta-4cyc4ht.vercel.app/list-your-park?ref=bradley-outreach
Gallent Estates Mobile Home,(336) 621-4494,Greensboro,NC,4449 Fourmile Loop,27405,Guilford,"Hi, Bradley with Tread Companies / Trailer Parks calling about Gallent Estates Mobile Home in Greensboro. Free marketplace for park owners — $0 listing fee, $0 success fee. Brokers take ~6%. We've operated 4,000+ spaces. Can I text the link?",Bradley @ Tread Companies / Trailer Parks re Gallent Estates Mobile Home (Greensboro). Free owner marketplace — $0 fees. List in 2 min: https://temporary-zippy-celesta-4cyc4ht.vercel.app/list-your-park?ref=bradley-outreach,https://temporary-zippy-celesta-4cyc4ht.vercel.app/list-your-park?ref=bradley-outreach
Hadley'S Mhp,(336) 697-8855,Greensboro,NC,3610 East Lee Street,27406,Guilford,"Hi, Bradley with Tread Companies / Trailer Parks calling about Hadley'S Mhp in Greensboro. Free marketplace for park owners — $0 listing fee, $0 success fee. Brokers take ~6%. We've operated 4,000+ spaces. Can I text the link?",Bradley @ Tread Companies / Trailer Parks re Hadley'S Mhp (Greensboro). Free owner marketplace — $0 fees. List in 2 min: https://temporary-zippy-celesta-4cyc4ht.vercel.app/list-your-park?ref=bradley-outreach,https://temporary-zippy-celesta-4cyc4ht.vercel.app/list-your-park?ref=bradley-outreach
Hidden Valley Mhp,(336) 292-8490,Greensboro,NC,5901 West Market Street,27409,Guilford,"Hi, Bradley with Tread Companies / Trailer Parks calling about Hidden Valley Mhp in Greensboro. Free marketplace for park owners — $0 listing fee, $0 success fee. Brokers take ~6%. We've operated 4,000+ spaces. Can I text the link?",Bradley @ Tread Companies / Trailer Parks re Hidden Valley Mhp (Greensboro). Free owner marketplace — $0 fees. List in 2 min: https://temporary-zippy-celesta-4cyc4ht.vercel.app/list-your-park?ref=bradley-outreach,https://temporary-zippy-celesta-4cyc4ht.vercel.app/list-your-park?ref=bradley-outreach
Huntington Woods,(336) 299-5028,Greensboro,NC,5626 Atwater Road,27407,Guilford,"Hi, Bradley with Tread Companies / Trailer Parks calling about Huntington Woods in Greensboro. Free marketplace for park owners — $0 listing fee, $0 success fee. Brokers take ~6%. We've operated 4,000+ spaces. Can I text the link?",Bradley @ Tread Companies / Trailer Parks re Huntington Woods (Greensboro). Free owner marketplace — $0 fees. List in 2 min: https://temporary-zippy-celesta-4cyc4ht.vercel.app/list-your-park?ref=bradley-outreach,https://temporary-zippy-celesta-4cyc4ht.vercel.app/list-your-park?ref=bradley-outreach
Monroe'S Mhp,(336) 674-9417,Greensboro,NC,955 Halsbrook Road,27406,Guilford,"Hi, Bradley with Tread Companies / Trailer Parks calling about Monroe'S Mhp in Greensboro. Free marketplace for park owners — $0 listing fee, $0 success fee. Brokers take ~6%. We've operated 4,000+ spaces. Can I text the link?",Bradley @ Tread Companies / Trailer Parks re Monroe'S Mhp (Greensboro). Free owner marketplace — $0 fees. List in 2 min: https://temporary-zippy-celesta-4cyc4ht.vercel.app/list-your-park?ref=bradley-outreach,https://temporary-zippy-celesta-4cyc4ht.vercel.app/list-your-park?ref=bradley-outreach
Oakwood Forest Mobile Home Village,(336) 375-5690,Greensboro,NC,4100 Us Highway 29 North,27405,Guilford,"Hi, Bradley with Tread Companies / Trailer Parks calling about Oakwood Forest Mobile Home Village in Greensboro. Free marketplace for park owners — $0 listing fee, $0 success fee. Brokers take ~6%. We've operated 4,000+ spaces. Can I text the link?",Bradley @ Tread Companies / Trailer Parks re Oakwood Forest Mobile Home Village (Greensboro). Free owner marketplace — $0 fees. List in 2 min: https://temporary-zippy-celesta-4cyc4ht.vercel.app/list-your-park?ref=bradley-outreach,https://temporary-zippy-celesta-4cyc4ht.vercel.app/list-your-park?ref=bradley-outreach
Village Park,(336) 299-5840,Greensboro,NC,724 Creek Ridge Road,27406,Guilford,"Hi, Bradley with Tread Companies / Trailer Parks calling about Village Park in Greensboro. Free marketplace for park owners — $0 listing fee, $0 success fee. Brokers take ~6%. We've operated 4,000+ spaces. Can I text the link?",Bradley @ Tread Companies / Trailer Parks re Village Park (Greensboro). Free owner marketplace — $0 fees. List in 2 min: https://temporary-zippy-celesta-4cyc4ht.vercel.app/list-your-park?ref=bradley-outreach,https://temporary-zippy-celesta-4cyc4ht.vercel.app/list-your-park?ref=bradley-outreach
Carolina Village Mobile Home,(704) 788-4710,Harrisburg,NC,2401 Lancaster Street,28075,Cabarrus,"Hi, Bradley with Tread Companies / Trailer Parks calling about Carolina Village Mobile Home in Harrisburg. Free marketplace for park owners — $0 listing fee, $0 success fee. Brokers take ~6%. We've operated 4,000+ spaces. Can I text the link?",Bradley @ Tread Companies / Trailer Parks re Carolina Village Mobile Home (Harrisburg). Free owner marketplace — $0 fees. List in 2 min: https://temporary-zippy-celesta-4cyc4ht.vercel.app/list-your-park?ref=bradley-outreach,https://temporary-zippy-celesta-4cyc4ht.vercel.app/list-your-park?ref=bradley-outreach
Griffins Mhp,(919) 447-1790,Havelock,NC,902 Lake Road,28532,Craven,"Hi, Bradley with Tread Companies / Trailer Parks calling about Griffins Mhp in Havelock. Free marketplace for park owners — $0 listing fee, $0 success fee. Brokers take ~6%. We've operated 4,000+ spaces. Can I text the link?",Bradley @ Tread Companies / Trailer Parks re Griffins Mhp (Havelock). Free owner marketplace — $0 fees. List in 2 min: https://temporary-zippy-celesta-4cyc4ht.vercel.app/list-your-park?ref=bradley-outreach,https://temporary-zippy-celesta-4cyc4ht.vercel.app/list-your-park?ref=bradley-outreach
Jackson Mobile Homes Park,(919) 447-5243,Havelock,NC,100 Perkins Street,28532,Craven,"Hi, Bradley with Tread Companies / Trailer Parks calling about Jackson Mobile Homes Park in Havelock. Free marketplace for park owners — $0 listing fee, $0 success fee. Brokers take ~6%. We've operated 4,000+ spaces. Can I text the link?",Bradley @ Tread Companies / Trailer Parks re Jackson Mobile Homes Park (Havelock). Free owner marketplace — $0 fees. List in 2 min: https://temporary-zippy-celesta-4cyc4ht.vercel.app/list-your-park?ref=bradley-outreach,https://temporary-zippy-celesta-4cyc4ht.vercel.app/list-your-park?ref=bradley-outreach
Berna-Knoll Mobile Court,(704) 685-8404,Hendersonville,NC,1 Berna Knoll Court #A,28792,Henderson,"Hi, Bradley with Tread Companies / Trailer Parks calling about Berna-Knoll Mobile Court in Hendersonville. Free marketplace for park owners — $0 listing fee, $0 success fee. Brokers take ~6%. We've operated 4,000+ spaces. Can I text the link?",Bradley @ Tread Companies / Trailer Parks re Berna-Knoll Mobile Court (Hendersonville). Free owner marketplace — $0 fees. List in 2 min: https://temporary-zippy-celesta-4cyc4ht.vercel.app/list-your-park?ref=bradley-outreach,https://temporary-zippy-celesta-4cyc4ht.vercel.app/list-your-park?ref=bradley-outreach
Big Oak Mobile Park,(704) 891-4893,Hendersonville,NC,Broyles Road,28791,Henderson,"Hi, Bradley with Tread Companies / Trailer Parks calling about Big Oak Mobile Park in Hendersonville. Free marketplace for park owners — $0 listing fee, $0 success fee. Brokers take ~6%. We've operated 4,000+ spaces. Can I text the link?",Bradley @ Tread Companies / Trailer Parks re Big Oak Mobile Park (Hendersonville). Free owner marketplace — $0 fees. List in 2 min: https://temporary-zippy-celesta-4cyc4ht.vercel.app/list-your-park?ref=bradley-outreach,https://temporary-zippy-celesta-4cyc4ht.vercel.app/list-your-park?ref=bradley-outreach
Dana-Hill Community,(704) 692-8477,Hendersonville,NC,925 Dana Road,28792,Henderson,"Hi, Bradley with Tread Companies / Trailer Parks calling about Dana-Hill Community in Hendersonville. Free marketplace for park owners — $0 listing fee, $0 success fee. Brokers take ~6%. We've operated 4,000+ spaces. Can I text the link?",Bradley @ Tread Companies / Trailer Parks re Dana-Hill Community (Hendersonville). Free owner marketplace — $0 fees. List in 2 min: https://temporary-zippy-celesta-4cyc4ht.vercel.app/list-your-park?ref=bradley-outreach,https://temporary-zippy-celesta-4cyc4ht.vercel.app/list-your-park?ref=bradley-outreach
Hendersonville Mobile Estates,(704) 697-2500,Hendersonville,NC,702 Spartanburg Highway,28792,Henderson,"Hi, Bradley with Tread Companies / Trailer Parks calling about Hendersonville Mobile Estates in Hendersonville. Free marketplace for park owners — $0 listing fee, $0 success fee. Brokers take ~6%. We've operated 4,000+ spaces. Can I text the link?",Bradley @ Tread Companies / Trailer Parks re Hendersonville Mobile Estates (Hendersonville). Free owner marketplace — $0 fees. List in 2 min: https://temporary-zippy-celesta-4cyc4ht.vercel.app/list-your-park?ref=bradley-outreach,https://temporary-zippy-celesta-4cyc4ht.vercel.app/list-your-park?ref=bradley-outreach
Indian Springs Park,(704) 685-9755,Hendersonville,NC,40 Indian Springs Trail,28792,Henderson,"Hi, Bradley with Tread Companies / Trailer Parks calling about Indian Springs Park in Hendersonville. Free marketplace for park owners — $0 listing fee, $0 success fee. Brokers take ~6%. We've operated 4,000+ spaces. Can I text the link?",Bradley @ Tread Companies / Trailer Parks re Indian Springs Park (Hendersonville). Free owner marketplace — $0 fees. List in 2 min: https://temporary-zippy-celesta-4cyc4ht.vercel.app/list-your-park?ref=bradley-outreach,https://temporary-zippy-celesta-4cyc4ht.vercel.app/list-your-park?ref=bradley-outreach
Magnolia Place,(704) 685-9520,Hendersonville,NC,1 Ariel Loop,28792,Henderson,"Hi, Bradley with Tread Companies / Trailer Parks calling about Magnolia Place in Hendersonville. Free marketplace for park owners — $0 listing fee, $0 success fee. Brokers take ~6%. We've operated 4,000+ spaces. Can I text the link?",Bradley @ Tread Companies / Trailer Parks re Magnolia Place (Hendersonville). Free owner marketplace — $0 fees. List in 2 min: https://temporary-zippy-celesta-4cyc4ht.vercel.app/list-your-park?ref=bradley-outreach,https://temporary-zippy-celesta-4cyc4ht.vercel.app/list-your-park?ref=bradley-outreach
Meadow Lark Trailer Court,(704) 692-7831,Hendersonville,NC,Dana Road,28792,Henderson,"Hi, Bradley with Tread Companies / Trailer Parks calling about Meadow Lark Trailer Court in Hendersonville. Free marketplace for park owners — $0 listing fee, $0 success fee. Brokers take ~6%. We've operated 4,000+ spaces. Can I text the link?",Bradley @ Tread Companies / Trailer Parks re Meadow Lark Trailer Court (Hendersonville). Free owner marketplace — $0 fees. List in 2 min: https://temporary-zippy-celesta-4cyc4ht.vercel.app/list-your-park?ref=bradley-outreach,https://temporary-zippy-celesta-4cyc4ht.vercel.app/list-your-park?ref=bradley-outreach
Mountain View Mobile Court,(704) 693-5323,Hendersonville,NC,1503 Greenville Highway,28792,Henderson,"Hi, Bradley with Tread Companies / Trailer Parks calling about Mountain View Mobile Court in Hendersonville. Free marketplace for park owners — $0 listing fee, $0 success fee. Brokers take ~6%. We've operated 4,000+ spaces. Can I text the link?",Bradley @ Tread Companies / Trailer Parks re Mountain View Mobile Court (Hendersonville). Free owner marketplace — $0 fees. List in 2 min: https://temporary-zippy-celesta-4cyc4ht.vercel.app/list-your-park?ref=bradley-outreach,https://temporary-zippy-celesta-4cyc4ht.vercel.app/list-your-park?ref=bradley-outreach
Cool Park Mhp,(704) 256-7225,Hickory,NC,3012 Kool Park Road Northeast,28601,Catawba,"Hi, Bradley with Tread Companies / Trailer Parks calling about Cool Park Mhp in Hickory. Free marketplace for park owners — $0 listing fee, $0 success fee. Brokers take ~6%. We've operated 4,000+ spaces. Can I text the link?",Bradley @ Tread Companies / Trailer Parks re Cool Park Mhp (Hickory). Free owner marketplace — $0 fees. List in 2 min: https://temporary-zippy-celesta-4cyc4ht.vercel.app/list-your-park?ref=bradley-outreach,https://temporary-zippy-celesta-4cyc4ht.vercel.app/list-your-park?ref=bradley-outreach
Dogwood Hills,(704) 719-6046,Hickory,NC,3410 Highland Ave Ne,28601,Catawba,"Hi, Bradley with Tread Companies / Trailer Parks calling about Dogwood Hills in Hickory. Free marketplace for park owners — $0 listing fee, $0 success fee. Brokers take ~6%. We've operated 4,000+ spaces. Can I text the link?",Bradley @ Tread Companies / Trailer Parks re Dogwood Hills (Hickory). Free owner marketplace — $0 fees. List in 2 min: https://temporary-zippy-celesta-4cyc4ht.vercel.app/list-your-park?ref=bradley-outreach,https://temporary-zippy-celesta-4cyc4ht.vercel.app/list-your-park?ref=bradley-outreach
Hollar Mobile Park,(704) 327-2854,Hickory,NC,420 Hickory Airport Road,28601,Burke,"Hi, Bradley with Tread Companies / Trailer Parks calling about Hollar Mobile Park in Hickory. Free marketplace for park owners — $0 listing fee, $0 success fee. Brokers take ~6%. We've operated 4,000+ spaces. Can I text the link?",Bradley @ Tread Companies / Trailer Parks re Hollar Mobile Park (Hickory). Free owner marketplace — $0 fees. List in 2 min: https://temporary-zippy-celesta-4cyc4ht.vercel.app/list-your-park?ref=bradley-outreach,https://temporary-zippy-celesta-4cyc4ht.vercel.app/list-your-park?ref=bradley-outreach
Auman'S Mobile Home Court,(336) 883-3910,High Point,NC,3910 North Main Street,27265,Forsyth,"Hi, Bradley with Tread Companies / Trailer Parks calling about Auman'S Mobile Home Court in High Point. Free marketplace for park owners — $0 listing fee, $0 success fee. Brokers take ~6%. We've operated 4,000+ spaces. Can I text the link?",Bradley @ Tread Companies / Trailer Parks re Auman'S Mobile Home Court (High Point). Free owner marketplace — $0 fees. List in 2 min: https://temporary-zippy-celesta-4cyc4ht.vercel.app/list-your-park?ref=bradley-outreach,https://temporary-zippy-celesta-4cyc4ht.vercel.app/list-your-park?ref=bradley-outreach
Lakeview Mhp,(336) 869-2492,High Point,NC,5186 High Point Road,27265,Forsyth,"Hi, Bradley with Tread Companies / Trailer Parks calling about Lakeview Mhp in High Point. Free marketplace for park owners — $0 listing fee, $0 success fee. Brokers take ~6%. We've operated 4,000+ spaces. Can I text the link?",Bradley @ Tread Companies / Trailer Parks re Lakeview Mhp (High Point). Free owner marketplace — $0 fees. List in 2 min: https://temporary-zippy-celesta-4cyc4ht.vercel.app/list-your-park?ref=bradley-outreach,https://temporary-zippy-celesta-4cyc4ht.vercel.app/list-your-park?ref=bradley-outreach
Woodsedge Mhp,(919) 732-6201,Hillsborough,NC,1601 Phoebe Road,27278,Orange,"Hi, Bradley with Tread Companies / Trailer Parks calling about Woodsedge Mhp in Hillsborough. Free marketplace for park owners — $0 listing fee, $0 success fee. Brokers take ~6%. We've operated 4,000+ spaces. Can I text the link?",Bradley @ Tread Companies / Trailer Parks re Woodsedge Mhp (Hillsborough). Free owner marketplace — $0 fees. List in 2 min: https://temporary-zippy-celesta-4cyc4ht.vercel.app/list-your-park?ref=bradley-outreach,https://temporary-zippy-celesta-4cyc4ht.vercel.app/list-your-park?ref=bradley-outreach
Villa Mhp,(704) 932-2577,Kannapolis,NC,618 Irene Avenue,28083,Cabarrus,"Hi, Bradley with Tread Companies / Trailer Parks calling about Villa Mhp in Kannapolis. Free marketplace for park owners — $0 listing fee, $0 success fee. Brokers take ~6%. We've operated 4,000+ spaces. Can I text the link?",Bradley @ Tread Companies / Trailer Parks re Villa Mhp (Kannapolis). Free owner marketplace — $0 fees. List in 2 min: https://temporary-zippy-celesta-4cyc4ht.vercel.app/list-your-park?ref=bradley-outreach,https://temporary-zippy-celesta-4cyc4ht.vercel.app/list-your-park?ref=bradley-outreach
Brookcliff Mhp,(336) 983-2155,King,NC,192 Brookcliff Drive,27021,Stokes,"Hi, Bradley with Tread Companies / Trailer Parks calling about Brookcliff Mhp in King. Free marketplace for park owners — $0 listing fee, $0 success fee. Brokers take ~6%. We've operated 4,000+ spaces. Can I text the link?",Bradley @ Tread Companies / Trailer Parks re Brookcliff Mhp (King). Free owner marketplace — $0 fees. List in 2 min: https://temporary-zippy-celesta-4cyc4ht.vercel.app/list-your-park?ref=bradley-outreach,https://temporary-zippy-celesta-4cyc4ht.vercel.app/list-your-park?ref=bradley-outreach
Acres Of Space Mobile Home,(919) 266-4389,Knightdale,NC,1105 Acres Of Space Drive,27545,Wake,"Hi, Bradley with Tread Companies / Trailer Parks calling about Acres Of Space Mobile Home in Knightdale. Free marketplace for park owners — $0 listing fee, $0 success fee. Brokers take ~6%. We've operated 4,000+ spaces. Can I text the link?",Bradley @ Tread Companies / Trailer Parks re Acres Of Space Mobile Home (Knightdale). Free owner marketplace — $0 fees. List in 2 min: https://temporary-zippy-celesta-4cyc4ht.vercel.app/list-your-park?ref=bradley-outreach,https://temporary-zippy-celesta-4cyc4ht.vercel.app/list-your-park?ref=bradley-outreach
Cross Creek Mobile Estates,(919) 266-3318,Knightdale,NC,2732 Hodge Road,27545,Wake,"Hi, Bradley with Tread Companies / Trailer Parks calling about Cross Creek Mobile Estates in Knightdale. Free marketplace for park owners — $0 listing fee, $0 success fee. Brokers take ~6%. We've operated 4,000+ spaces. Can I text the link?",Bradley @ Tread Companies / Trailer Parks re Cross Creek Mobile Estates (Knightdale). Free owner marketplace — $0 fees. List in 2 min: https://temporary-zippy-celesta-4cyc4ht.vercel.app/list-your-park?ref=bradley-outreach,https://temporary-zippy-celesta-4cyc4ht.vercel.app/list-your-park?ref=bradley-outreach
Knightdale Estates,(919) 217-1700,Knightdale,NC,Hodge Road,27545,Wake,"Hi, Bradley with Tread Companies / Trailer Parks calling about Knightdale Estates in Knightdale. Free marketplace for park owners — $0 listing fee, $0 success fee. Brokers take ~6%. We've operated 4,000+ spaces. Can I text the link?",Bradley @ Tread Companies / Trailer Parks re Knightdale Estates (Knightdale). Free owner marketplace — $0 fees. List in 2 min: https://temporary-zippy-celesta-4cyc4ht.vercel.app/list-your-park?ref=bradley-outreach,https://temporary-zippy-celesta-4cyc4ht.vercel.app/list-your-park?ref=bradley-outreach
Sandy Point Resort,(919) 429-3094,Knotts Island,NC,176 Sandy Point Drive,27950,Currituck,"Hi, Bradley with Tread Companies / Trailer Parks calling about Sandy Point Resort in Knotts Island. Free marketplace for park owners — $0 listing fee, $0 success fee. Brokers take ~6%. We've operated 4,000+ spaces. Can I text the link?",Bradley @ Tread Companies / Trailer Parks re Sandy Point Resort (Knotts Island). Free owner marketplace — $0 fees. List in 2 min: https://temporary-zippy-celesta-4cyc4ht.vercel.app/list-your-park?ref=bradley-outreach,https://temporary-zippy-celesta-4cyc4ht.vercel.app/list-your-park?ref=bradley-outreach
Circle Drive Mobile Home Village,(704) 487-0012,Lawndale,NC,3616 Rube Spangler Road,20890,Cleveland,"Hi, Bradley with Tread Companies / Trailer Parks calling about Circle Drive Mobile Home Village in Lawndale. Free marketplace for park owners — $0 listing fee, $0 success fee. Brokers take ~6%. We've operated 4,000+ spaces. Can I text the link?",Bradley @ Tread Companies / Trailer Parks re Circle Drive Mobile Home Village (Lawndale). Free owner marketplace — $0 fees. List in 2 min: https://temporary-zippy-celesta-4cyc4ht.vercel.app/list-your-park?ref=bradley-outreach,https://temporary-zippy-celesta-4cyc4ht.vercel.app/list-your-park?ref=bradley-outreach
Sunrise Ridge Park,(704) 683-2784,Leicester,NC,506 Sluder Branch Road,28748,Buncombe,"Hi, Bradley with Tread Companies / Trailer Parks calling about Sunrise Ridge Park in Leicester. Free marketplace for park owners — $0 listing fee, $0 success fee. Brokers take ~6%. We've operated 4,000+ spaces. Can I text the link?",Bradley @ Tread Companies / Trailer Parks re Sunrise Ridge Park (Leicester). Free owner marketplace — $0 fees. List in 2 min: https://temporary-zippy-celesta-4cyc4ht.vercel.app/list-your-park?ref=bradley-outreach,https://temporary-zippy-celesta-4cyc4ht.vercel.app/list-your-park?ref=bradley-outreach
Seagrove Village,(910) 371-2660,Leland,NC,1797 Mount Misery Road Northeast #100,28451,Brunswick,"Hi, Bradley with Tread Companies / Trailer Parks calling about Seagrove Village in Leland. Free marketplace for park owners — $0 listing fee, $0 success fee. Brokers take ~6%. We've operated 4,000+ spaces. Can I text the link?",Bradley @ Tread Companies / Trailer Parks re Seagrove Village (Leland). Free owner marketplace — $0 fees. List in 2 min: https://temporary-zippy-celesta-4cyc4ht.vercel.app/list-your-park?ref=bradley-outreach,https://temporary-zippy-celesta-4cyc4ht.vercel.app/list-your-park?ref=bradley-outreach
Kingswood Estates,(704) 758-2047,Lenoir,NC,26 Kingswood Estates,28645,Caldwell,"Hi, Bradley with Tread Companies / Trailer Parks calling about Kingswood Estates in Lenoir. Free marketplace for park owners — $0 listing fee, $0 success fee. Brokers take ~6%. We've operated 4,000+ spaces. Can I text the link?",Bradley @ Tread Companies / Trailer Parks re Kingswood Estates (Lenoir). Free owner marketplace — $0 fees. List in 2 min: https://temporary-zippy-celesta-4cyc4ht.vercel.app/list-your-park?ref=bradley-outreach,https://temporary-zippy-celesta-4cyc4ht.vercel.app/list-your-park?ref=bradley-outreach
Bertie Mobile Homes,(919) 348-2142,Lewiston Woodville,NC,221 Governors Road,27849,Bertie,"Hi, Bradley with Tread Companies / Trailer Parks calling about Bertie Mobile Homes in Lewiston Woodville. Free marketplace for park owners — $0 listing fee, $0 success fee. Brokers take ~6%. We've operated 4,000+ spaces. Can I text the link?",Bradley @ Tread Companies / Trailer Parks re Bertie Mobile Homes (Lewiston Woodville). Free owner marketplace — $0 fees. List in 2 min: https://temporary-zippy-celesta-4cyc4ht.vercel.app/list-your-park?ref=bradley-outreach,https://temporary-zippy-celesta-4cyc4ht.vercel.app/list-your-park?ref=bradley-outreach
Lexington Town Estates,(336) 249-0840,Lexington,NC,110 Trailer Drive,27292,Davidson,"Hi, Bradley with Tread Companies / Trailer Parks calling about Lexington Town Estates in Lexington. Free marketplace for park owners — $0 listing fee, $0 success fee. Brokers take ~6%. We've operated 4,000+ spaces. Can I text the link?",Bradley @ Tread Companies / Trailer Parks re Lexington Town Estates (Lexington). Free owner marketplace — $0 fees. List in 2 min: https://temporary-zippy-celesta-4cyc4ht.vercel.app/list-your-park?ref=bradley-outreach,https://temporary-zippy-celesta-4cyc4ht.vercel.app/list-your-park?ref=bradley-outreach
Presidential Mobile Estates,(336) 249-2633,Lexington,NC,30 Meadow Way Drive,27295,Davidson,"Hi, Bradley with Tread Companies / Trailer Parks calling about Presidential Mobile Estates in Lexington. Free marketplace for park owners — $0 listing fee, $0 success fee. Brokers take ~6%. We've operated 4,000+ spaces. Can I text the link?",Bradley @ Tread Companies / Trailer Parks re Presidential Mobile Estates (Lexington). Free owner marketplace — $0 fees. List in 2 min: https://temporary-zippy-celesta-4cyc4ht.vercel.app/list-your-park?ref=bradley-outreach,https://temporary-zippy-celesta-4cyc4ht.vercel.app/list-your-park?ref=bradley-outreach
Crestview,(704) 214-0718,Lincolnton,NC,3496 State Road 155,28092,Lincoln,"Hi, Bradley with Tread Companies / Trailer Parks calling about Crestview in Lincolnton. Free marketplace for park owners — $0 listing fee, $0 success fee. Brokers take ~6%. We've operated 4,000+ spaces. Can I text the link?",Bradley @ Tread Companies / Trailer Parks re Crestview (Lincolnton). Free owner marketplace — $0 fees. List in 2 min: https://temporary-zippy-celesta-4cyc4ht.vercel.app/list-your-park?ref=bradley-outreach,https://temporary-zippy-celesta-4cyc4ht.vercel.app/list-your-park?ref=bradley-outreach
Aaa Mhp,(336) 853-6430,Linwood,NC,2768 Swicegood Road,27299,Davidson,"Hi, Bradley with Tread Companies / Trailer Parks calling about Aaa Mhp in Linwood. Free marketplace for park owners — $0 listing fee, $0 success fee. Brokers take ~6%. We've operated 4,000+ spaces. Can I text the link?",Bradley @ Tread Companies / Trailer Parks re Aaa Mhp (Linwood). Free owner marketplace — $0 fees. List in 2 min: https://temporary-zippy-celesta-4cyc4ht.vercel.app/list-your-park?ref=bradley-outreach,https://temporary-zippy-celesta-4cyc4ht.vercel.app/list-your-park?ref=bradley-outreach
Eaglewood Mhp,(910) 739-3174,Lumberton,NC,7719 Nc 41 Highway North,28358,Robeson,"Hi, Bradley with Tread Companies / Trailer Parks calling about Eaglewood Mhp in Lumberton. Free marketplace for park owners — $0 listing fee, $0 success fee. Brokers take ~6%. We've operated 4,000+ spaces. Can I text the link?",Bradley @ Tread Companies / Trailer Parks re Eaglewood Mhp (Lumberton). Free owner marketplace — $0 fees. List in 2 min: https://temporary-zippy-celesta-4cyc4ht.vercel.app/list-your-park?ref=bradley-outreach,https://temporary-zippy-celesta-4cyc4ht.vercel.app/list-your-park?ref=bradley-outreach
Long Branch Mhp,(910) 739-2068,Lumberton,NC,Us Highway 72,28358,Robeson,"Hi, Bradley with Tread Companies / Trailer Parks calling about Long Branch Mhp in Lumberton. Free marketplace for park owners — $0 listing fee, $0 success fee. Brokers take ~6%. We've operated 4,000+ spaces. Can I text the link?",Bradley @ Tread Companies / Trailer Parks re Long Branch Mhp (Lumberton). Free owner marketplace — $0 fees. List in 2 min: https://temporary-zippy-celesta-4cyc4ht.vercel.app/list-your-park?ref=bradley-outreach,https://temporary-zippy-celesta-4cyc4ht.vercel.app/list-your-park?ref=bradley-outreach
Pine Acres Mhp,(910) 738-4249,Lumberton,NC,2110 Snake Road,28358,Robeson,"Hi, Bradley with Tread Companies / Trailer Parks calling about Pine Acres Mhp in Lumberton. Free marketplace for park owners — $0 listing fee, $0 success fee. Brokers take ~6%. We've operated 4,000+ spaces. Can I text the link?",Bradley @ Tread Companies / Trailer Parks re Pine Acres Mhp (Lumberton). Free owner marketplace — $0 fees. List in 2 min: https://temporary-zippy-celesta-4cyc4ht.vercel.app/list-your-park?ref=bradley-outreach,https://temporary-zippy-celesta-4cyc4ht.vercel.app/list-your-park?ref=bradley-outreach
Rosewood Mhp,(910) 739-1941,Lumberton,NC,3525 East Elizabethtown Road,28358,Robeson,"Hi, Bradley with Tread Companies / Trailer Parks calling about Rosewood Mhp in Lumberton. Free marketplace for park owners — $0 listing fee, $0 success fee. Brokers take ~6%. We've operated 4,000+ spaces. Can I text the link?",Bradley @ Tread Companies / Trailer Parks re Rosewood Mhp (Lumberton). Free owner marketplace — $0 fees. List in 2 min: https://temporary-zippy-celesta-4cyc4ht.vercel.app/list-your-park?ref=bradley-outreach,https://temporary-zippy-celesta-4cyc4ht.vercel.app/list-your-park?ref=bradley-outreach
Taylor'S Mhp,(910) 739-7516,Lumberton,NC,1403 East 5Th Street,28358,Robeson,"Hi, Bradley with Tread Companies / Trailer Parks calling about Taylor'S Mhp in Lumberton. Free marketplace for park owners — $0 listing fee, $0 success fee. Brokers take ~6%. We've operated 4,000+ spaces. Can I text the link?",Bradley @ Tread Companies / Trailer Parks re Taylor'S Mhp (Lumberton). Free owner marketplace — $0 fees. List in 2 min: https://temporary-zippy-celesta-4cyc4ht.vercel.app/list-your-park?ref=bradley-outreach,https://temporary-zippy-celesta-4cyc4ht.vercel.app/list-your-park?ref=bradley-outreach
Mebane Mhp,(919) 563-3130,Mebane,NC,202 Supper Club Road,27302,Orange,"Hi, Bradley with Tread Companies / Trailer Parks calling about Mebane Mhp in Mebane. Free marketplace for park owners — $0 listing fee, $0 success fee. Brokers take ~6%. We've operated 4,000+ spaces. Can I text the link?",Bradley @ Tread Companies / Trailer Parks re Mebane Mhp (Mebane). Free owner marketplace — $0 fees. List in 2 min: https://temporary-zippy-celesta-4cyc4ht.vercel.app/list-your-park?ref=bradley-outreach,https://temporary-zippy-celesta-4cyc4ht.vercel.app/list-your-park?ref=bradley-outreach
Shady Grove Mhp,(919) 563-1533,Mebane,NC,2417 Us Highway 70,27302,Alamance,"Hi, Bradley with Tread Companies / Trailer Parks calling about Shady Grove Mhp in Mebane. Free marketplace for park owners — $0 listing fee, $0 success fee. Brokers take ~6%. We've operated 4,000+ spaces. Can I text the link?",Bradley @ Tread Companies / Trailer Parks re Shady Grove Mhp (Mebane). Free owner marketplace — $0 fees. List in 2 min: https://temporary-zippy-celesta-4cyc4ht.vercel.app/list-your-park?ref=bradley-outreach,https://temporary-zippy-celesta-4cyc4ht.vercel.app/list-your-park?ref=bradley-outreach
Pineknoll Estates,(704) 283-6512,Monroe,NC,620 Castle Road,28110,Union,"Hi, Bradley with Tread Companies / Trailer Parks calling about Pineknoll Estates in Monroe. Free marketplace for park owners — $0 listing fee, $0 success fee. Brokers take ~6%. We've operated 4,000+ spaces. Can I text the link?",Bradley @ Tread Companies / Trailer Parks re Pineknoll Estates (Monroe). Free owner marketplace — $0 fees. List in 2 min: https://temporary-zippy-celesta-4cyc4ht.vercel.app/list-your-park?ref=bradley-outreach,https://temporary-zippy-celesta-4cyc4ht.vercel.app/list-your-park?ref=bradley-outreach
Ballou Mhp,(919) 726-5921,Morehead City,NC,1811 Oglesby Road,28557,Carteret,"Hi, Bradley with Tread Companies / Trailer Parks calling about Ballou Mhp in Morehead City. Free marketplace for park owners — $0 listing fee, $0 success fee. Brokers take ~6%. We've operated 4,000+ spaces. Can I text the link?",Bradley @ Tread Companies / Trailer Parks re Ballou Mhp (Morehead City). Free owner marketplace — $0 fees. List in 2 min: https://temporary-zippy-celesta-4cyc4ht.vercel.app/list-your-park?ref=bradley-outreach,https://temporary-zippy-celesta-4cyc4ht.vercel.app/list-your-park?ref=bradley-outreach
Amherst Mhp,(704) 433-6973,Morganton,NC,104 Alice Street,28655,Burke,"Hi, Bradley with Tread Companies / Trailer Parks calling about Amherst Mhp in Morganton. Free marketplace for park owners — $0 listing fee, $0 success fee. Brokers take ~6%. We've operated 4,000+ spaces. Can I text the link?",Bradley @ Tread Companies / Trailer Parks re Amherst Mhp (Morganton). Free owner marketplace — $0 fees. List in 2 min: https://temporary-zippy-celesta-4cyc4ht.vercel.app/list-your-park?ref=bradley-outreach,https://temporary-zippy-celesta-4cyc4ht.vercel.app/list-your-park?ref=bradley-outreach
Timerill Mhp,(704) 437-2826,Morganton,NC,2676 Timerill Drive,28655,Burke,"Hi, Bradley with Tread Companies / Trailer Parks calling about Timerill Mhp in Morganton. Free marketplace for park owners — $0 listing fee, $0 success fee. Brokers take ~6%. We've operated 4,000+ spaces. Can I text the link?",Bradley @ Tread Companies / Trailer Parks re Timerill Mhp (Morganton). Free owner marketplace — $0 fees. List in 2 min: https://temporary-zippy-celesta-4cyc4ht.vercel.app/list-your-park?ref=bradley-outreach,https://temporary-zippy-celesta-4cyc4ht.vercel.app/list-your-park?ref=bradley-outreach
Wall Trailer Park,(704) 437-3957,Morganton,NC,2472 Pax Hill Road,28655,Burke,"Hi, Bradley with Tread Companies / Trailer Parks calling about Wall Trailer Park in Morganton. Free marketplace for park owners — $0 listing fee, $0 success fee. Brokers take ~6%. We've operated 4,000+ spaces. Can I text the link?",Bradley @ Tread Companies / Trailer Parks re Wall Trailer Park (Morganton). Free owner marketplace — $0 fees. List in 2 min: https://temporary-zippy-celesta-4cyc4ht.vercel.app/list-your-park?ref=bradley-outreach,https://temporary-zippy-celesta-4cyc4ht.vercel.app/list-your-park?ref=bradley-outreach
Colonial Mhp,(252) 638-8309,New Bern,NC,76 Morning Star Dr,28526,Craven,"Hi, Bradley with Tread Companies / Trailer Parks calling about Colonial Mhp in New Bern. Free marketplace for park owners — $0 listing fee, $0 success fee. Brokers take ~6%. We've operated 4,000+ spaces. Can I text the link?",Bradley @ Tread Companies / Trailer Parks re Colonial Mhp (New Bern). Free owner marketplace — $0 fees. List in 2 min: https://temporary-zippy-celesta-4cyc4ht.vercel.app/list-your-park?ref=bradley-outreach,https://temporary-zippy-celesta-4cyc4ht.vercel.app/list-your-park?ref=bradley-outreach
Fox Chase Village,(252) 638-6008,New Bern,NC,2880 Neuse Blvd,28562,Craven,"Hi, Bradley with Tread Companies / Trailer Parks calling about Fox Chase Village in New Bern. Free marketplace for park owners — $0 listing fee, $0 success fee. Brokers take ~6%. We've operated 4,000+ spaces. Can I text the link?",Bradley @ Tread Companies / Trailer Parks re Fox Chase Village (New Bern). Free owner marketplace — $0 fees. List in 2 min: https://temporary-zippy-celesta-4cyc4ht.vercel.app/list-your-park?ref=bradley-outreach,https://temporary-zippy-celesta-4cyc4ht.vercel.app/list-your-park?ref=bradley-outreach
Gracie Farms Mhp,(252) 638-1810,New Bern,NC,425 Gracie Farms Rd,28560,Craven,"Hi, Bradley with Tread Companies / Trailer Parks calling about Gracie Farms Mhp in New Bern. Free marketplace for park owners — $0 listing fee, $0 success fee. Brokers take ~6%. We've operated 4,000+ spaces. Can I text the link?",Bradley @ Tread Companies / Trailer Parks re Gracie Farms Mhp (New Bern). Free owner marketplace — $0 fees. List in 2 min: https://temporary-zippy-celesta-4cyc4ht.vercel.app/list-your-park?ref=bradley-outreach,https://temporary-zippy-celesta-4cyc4ht.vercel.app/list-your-park?ref=bradley-outreach
Highland Mhp,(252) 634-9333,New Bern,NC,1105 Highland Ave,28562,Craven,"Hi, Bradley with Tread Companies / Trailer Parks calling about Highland Mhp in New Bern. Free marketplace for park owners — $0 listing fee, $0 success fee. Brokers take ~6%. We've operated 4,000+ spaces. Can I text the link?",Bradley @ Tread Companies / Trailer Parks re Highland Mhp (New Bern). Free owner marketplace — $0 fees. List in 2 min: https://temporary-zippy-celesta-4cyc4ht.vercel.app/list-your-park?ref=bradley-outreach,https://temporary-zippy-celesta-4cyc4ht.vercel.app/list-your-park?ref=bradley-outreach
East Terra Mhp,(252) 223-4598,Newport,NC,884 Roberts Rd #38,28570,Carteret,"Hi, Bradley with Tread Companies / Trailer Parks calling about East Terra Mhp in Newport. Free marketplace for park owners — $0 listing fee, $0 success fee. Brokers take ~6%. We've operated 4,000+ spaces. Can I text the link?",Bradley @ Tread Companies / Trailer Parks re East Terra Mhp (Newport). Free owner marketplace — $0 fees. List in 2 min: https://temporary-zippy-celesta-4cyc4ht.vercel.app/list-your-park?ref=bradley-outreach,https://temporary-zippy-celesta-4cyc4ht.vercel.app/list-your-park?ref=bradley-outreach
Rock Creek Mfd. Homes,(704) 462-2497,Newton,NC,3504 Rock Creek Drive,28658,Catawba,"Hi, Bradley with Tread Companies / Trailer Parks calling about Rock Creek Mfd. Homes in Newton. Free marketplace for park owners — $0 listing fee, $0 success fee. Brokers take ~6%. We've operated 4,000+ spaces. Can I text the link?",Bradley @ Tread Companies / Trailer Parks re Rock Creek Mfd. Homes (Newton). Free owner marketplace — $0 fees. List in 2 min: https://temporary-zippy-celesta-4cyc4ht.vercel.app/list-your-park?ref=bradley-outreach,https://temporary-zippy-celesta-4cyc4ht.vercel.app/list-your-park?ref=bradley-outreach
Allenton Mobile Home Park,(336) 697-8613,Not Available,NC,Not Available,NOT AVAILABLE,Robeson,"Hi, Bradley with Tread Companies / Trailer Parks calling about Allenton Mobile Home Park in Not Available. Free marketplace for park owners — $0 listing fee, $0 success fee. Brokers take ~6%. We've operated 4,000+ spaces. Can I text the link?",Bradley @ Tread Companies / Trailer Parks re Allenton Mobile Home Park (Not Available). Free owner marketplace — $0 fees. List in 2 min: https://temporary-zippy-celesta-4cyc4ht.vercel.app/list-your-park?ref=bradley-outreach,https://temporary-zippy-celesta-4cyc4ht.vercel.app/list-your-park?ref=bradley-outreach
Apple View Court,(828) 685-7845,Not Available,NC,Not Available,NOT AVAILABLE,Henderson,"Hi, Bradley with Tread Companies / Trailer Parks calling about Apple View Court in Not Available. Free marketplace for park owners — $0 listing fee, $0 success fee. Brokers take ~6%. We've operated 4,000+ spaces. Can I text the link?",Bradley @ Tread Companies / Trailer Parks re Apple View Court (Not Available). Free owner marketplace — $0 fees. List in 2 min: https://temporary-zippy-celesta-4cyc4ht.vercel.app/list-your-park?ref=bradley-outreach,https://temporary-zippy-celesta-4cyc4ht.vercel.app/list-your-park?ref=bradley-outreach
Archies Ridge,(919) 894-2725,Not Available,NC,Not Available,NOT AVAILABLE,Sampson,"Hi, Bradley with Tread Companies / Trailer Parks calling about Archies Ridge in Not Available. Free marketplace for park owners — $0 listing fee, $0 success fee. Brokers take ~6%. We've operated 4,000+ spaces. Can I text the link?",Bradley @ Tread Companies / Trailer Parks re Archies Ridge (Not Available). Free owner marketplace — $0 fees. List in 2 min: https://temporary-zippy-celesta-4cyc4ht.vercel.app/list-your-park?ref=bradley-outreach,https://temporary-zippy-celesta-4cyc4ht.vercel.app/list-your-park?ref=bradley-outreach
Bailey Parker Court,(919) 796-0612,Not Available,NC,Not Available,NOT AVAILABLE,Harnett,"Hi, Bradley with Tread Companies / Trailer Parks calling about Bailey Parker Court in Not Available. Free marketplace for park owners — $0 listing fee, $0 success fee. Brokers take ~6%. We've operated 4,000+ spaces. Can I text the link?",Bradley @ Tread Companies / Trailer Parks re Bailey Parker Court (Not Available). Free owner marketplace — $0 fees. List in 2 min: https://temporary-zippy-celesta-4cyc4ht.vercel.app/list-your-park?ref=bradley-outreach,https://temporary-zippy-celesta-4cyc4ht.vercel.app/list-your-park?ref=bradley-outreach
Bird Haven Estates,(919) 639-4182,Not Available,NC,Not Available,NOT AVAILABLE,Harnett,"Hi, Bradley with Tread Companies / Trailer Parks calling about Bird Haven Estates in Not Available. Free marketplace for park owners — $0 listing fee, $0 success fee. Brokers take ~6%. We've operated 4,000+ spaces. Can I text the link?",Bradley @ Tread Companies / Trailer Parks re Bird Haven Estates (Not Available). Free owner marketplace — $0 fees. List in 2 min: https://temporary-zippy-celesta-4cyc4ht.vercel.app/list-your-park?ref=bradley-outreach,https://temporary-zippy-celesta-4cyc4ht.vercel.app/list-your-park?ref=bradley-outreach
Boone Trail Mobile Home Park,(910) 893-3744,Not Available,NC,Not Available,NOT AVAILABLE,Harnett,"Hi, Bradley with Tread Companies / Trailer Parks calling about Boone Trail Mobile Home Park in Not Available. Free marketplace for park owners — $0 listing fee, $0 success fee. Brokers take ~6%. We've operated 4,000+ spaces. Can I text the link?",Bradley @ Tread Companies / Trailer Parks re Boone Trail Mobile Home Park (Not Available). Free owner marketplace — $0 fees. List in 2 min: https://temporary-zippy-celesta-4cyc4ht.vercel.app/list-your-park?ref=bradley-outreach,https://temporary-zippy-celesta-4cyc4ht.vercel.app/list-your-park?ref=bradley-outreach
Britt'S Ridge Rentals,(910) 671-0291,Not Available,NC,Not Available,NOT AVAILABLE,Robeson,"Hi, Bradley with Tread Companies / Trailer Parks calling about Britt'S Ridge Rentals in Not Available. Free marketplace for park owners — $0 listing fee, $0 success fee. Brokers take ~6%. We've operated 4,000+ spaces. Can I text the link?",Bradley @ Tread Companies / Trailer Parks re Britt'S Ridge Rentals (Not Available). Free owner marketplace — $0 fees. List in 2 min: https://temporary-zippy-celesta-4cyc4ht.vercel.app/list-your-park?ref=bradley-outreach,https://temporary-zippy-celesta-4cyc4ht.vercel.app/list-your-park?ref=bradley-outreach
Broadcreek Mobile Home Community,(252) 876-6288,Not Available,NC,Not Available,NOT AVAILABLE,Craven,"Hi, Bradley with Tread Companies / Trailer Parks calling about Broadcreek Mobile Home Community in Not Available. Free marketplace for park owners — $0 listing fee, $0 success fee. Brokers take ~6%. We've operated 4,000+ spaces. Can I text the link?",Bradley @ Tread Companies / Trailer Parks re Broadcreek Mobile Home Community (Not Available). Free owner marketplace — $0 fees. List in 2 min: https://temporary-zippy-celesta-4cyc4ht.vercel.app/list-your-park?ref=bradley-outreach,https://temporary-zippy-celesta-4cyc4ht.vercel.app/list-your-park?ref=bradley-outreach
Calypso Trailer Park,(919) 349-6871,Not Available,NC,Not Available,NOT AVAILABLE,Duplin,"Hi, Bradley with Tread Companies / Trailer Parks calling about Calypso Trailer Park in Not Available. Free marketplace for park owners — $0 listing fee, $0 success fee. Brokers take ~6%. We've operated 4,000+ spaces. Can I text the link?",Bradley @ Tread Companies / Trailer Parks re Calypso Trailer Park (Not Available). Free owner marketplace — $0 fees. List in 2 min: https://temporary-zippy-celesta-4cyc4ht.vercel.app/list-your-park?ref=bradley-outreach,https://temporary-zippy-celesta-4cyc4ht.vercel.app/list-your-park?ref=bradley-outreach
Countyrside Estates,(910) 624-2401,Not Available,NC,Not Available,NOT AVAILABLE,Cumberland,"Hi, Bradley with Tread Companies / Trailer Parks calling about Countyrside Estates in Not Available. Free marketplace for park owners — $0 listing fee, $0 success fee. Brokers take ~6%. We've operated 4,000+ spaces. Can I text the link?",Bradley @ Tread Companies / Trailer Parks re Countyrside Estates (Not Available). Free owner marketplace — $0 fees. List in 2 min: https://temporary-zippy-celesta-4cyc4ht.vercel.app/list-your-park?ref=bradley-outreach,https://temporary-zippy-celesta-4cyc4ht.vercel.app/list-your-park?ref=bradley-outreach
Creek Bay Mobile Home Park,(704) 276-1543,Not Available,NC,Not Available,NOT AVAILABLE,Lincoln,"Hi, Bradley with Tread Companies / Trailer Parks calling about Creek Bay Mobile Home Park in Not Available. Free marketplace for park owners — $0 listing fee, $0 success fee. Brokers take ~6%. We've operated 4,000+ spaces. Can I text the link?",Bradley @ Tread Companies / Trailer Parks re Creek Bay Mobile Home Park (Not Available). Free owner marketplace — $0 fees. List in 2 min: https://temporary-zippy-celesta-4cyc4ht.vercel.app/list-your-park?ref=bradley-outreach,https://temporary-zippy-celesta-4cyc4ht.vercel.app/list-your-park?ref=bradley-outreach
Eastwood Mobile Home Park,(919) 223-1818,Not Available,NC,Not Available,NOT AVAILABLE,Wayne,"Hi, Bradley with Tread Companies / Trailer Parks calling about Eastwood Mobile Home Park in Not Available. Free marketplace for park owners — $0 listing fee, $0 success fee. Brokers take ~6%. We've operated 4,000+ spaces. Can I text the link?",Bradley @ Tread Companies / Trailer Parks re Eastwood Mobile Home Park (Not Available). Free owner marketplace — $0 fees. List in 2 min: https://temporary-zippy-celesta-4cyc4ht.vercel.app/list-your-park?ref=bradley-outreach,https://temporary-zippy-celesta-4cyc4ht.vercel.app/list-your-park?ref=bradley-outreach
Fair Oaks Park,(704) 706-3737,Not Available,NC,Not Available,NOT AVAILABLE,Gaston,"Hi, Bradley with Tread Companies / Trailer Parks calling about Fair Oaks Park in Not Available. Free marketplace for park owners — $0 listing fee, $0 success fee. Brokers take ~6%. We've operated 4,000+ spaces. Can I text the link?",Bradley @ Tread Companies / Trailer Parks re Fair Oaks Park (Not Available). Free owner marketplace — $0 fees. List in 2 min: https://temporary-zippy-celesta-4cyc4ht.vercel.app/list-your-park?ref=bradley-outreach,https://temporary-zippy-celesta-4cyc4ht.vercel.app/list-your-park?ref=bradley-outreach
Farmstead,(828) 252-5300,Not Available,NC,Not Available,NOT AVAILABLE,Buncombe,"Hi, Bradley with Tread Companies / Trailer Parks calling about Farmstead in Not Available. Free marketplace for park owners — $0 listing fee, $0 success fee. Brokers take ~6%. We've operated 4,000+ spaces. Can I text the link?",Bradley @ Tread Companies / Trailer Parks re Farmstead (Not Available). Free owner marketplace — $0 fees. List in 2 min: https://temporary-zippy-celesta-4cyc4ht.vercel.app/list-your-park?ref=bradley-outreach,https://temporary-zippy-celesta-4cyc4ht.vercel.app/list-your-park?ref=bradley-outreach
Granite Acres,(919) 457-1550,Not Available,NC,Not Available,NOT AVAILABLE,Wake,"Hi, Bradley with Tread Companies / Trailer Parks calling about Granite Acres in Not Available. Free marketplace for park owners — $0 listing fee, $0 success fee. Brokers take ~6%. We've operated 4,000+ spaces. Can I text the link?",Bradley @ Tread Companies / Trailer Parks re Granite Acres (Not Available). Free owner marketplace — $0 fees. List in 2 min: https://temporary-zippy-celesta-4cyc4ht.vercel.app/list-your-park?ref=bradley-outreach,https://temporary-zippy-celesta-4cyc4ht.vercel.app/list-your-park?ref=bradley-outreach
Hickory Village,(252) 335-5141,Not Available,NC,Not Available,NOT AVAILABLE,Pasquotank,"Hi, Bradley with Tread Companies / Trailer Parks calling about Hickory Village in Not Available. Free marketplace for park owners — $0 listing fee, $0 success fee. Brokers take ~6%. We've operated 4,000+ spaces. Can I text the link?",Bradley @ Tread Companies / Trailer Parks re Hickory Village (Not Available). Free owner marketplace — $0 fees. List in 2 min: https://temporary-zippy-celesta-4cyc4ht.vercel.app/list-your-park?ref=bradley-outreach,https://temporary-zippy-celesta-4cyc4ht.vercel.app/list-your-park?ref=bradley-outreach
Ivey Lane Mobile Home Park,(919) 920-0421,Not Available,NC,Not Available,NOT AVAILABLE,Wayne,"Hi, Bradley with Tread Companies / Trailer Parks calling about Ivey Lane Mobile Home Park in Not Available. Free marketplace for park owners — $0 listing fee, $0 success fee. Brokers take ~6%. We've operated 4,000+ spaces. Can I text the link?",Bradley @ Tread Companies / Trailer Parks re Ivey Lane Mobile Home Park (Not Available). Free owner marketplace — $0 fees. List in 2 min: https://temporary-zippy-celesta-4cyc4ht.vercel.app/list-your-park?ref=bradley-outreach,https://temporary-zippy-celesta-4cyc4ht.vercel.app/list-your-park?ref=bradley-outreach
John L. Hill Mobile Home Park,(252) 560-3887,Not Available,NC,Not Available,NOT AVAILABLE,Lenoir,"Hi, Bradley with Tread Companies / Trailer Parks calling about John L. Hill Mobile Home Park in Not Available. Free marketplace for park owners — $0 listing fee, $0 success fee. Brokers take ~6%. We've operated 4,000+ spaces. Can I text the link?",Bradley @ Tread Companies / Trailer Parks re John L. Hill Mobile Home Park (Not Available). Free owner marketplace — $0 fees. List in 2 min: https://temporary-zippy-celesta-4cyc4ht.vercel.app/list-your-park?ref=bradley-outreach,https://temporary-zippy-celesta-4cyc4ht.vercel.app/list-your-park?ref=bradley-outreach
La Escondida Estates Mobile Home Park,(919) 751-1216,Not Available,NC,Not Available,NOT AVAILABLE,Wayne,"Hi, Bradley with Tread Companies / Trailer Parks calling about La Escondida Estates Mobile Home Park in Not Available. Free marketplace for park owners — $0 listing fee, $0 success fee. Brokers take ~6%. We've operated 4,000+ spaces. Can I text the link?",Bradley @ Tread Companies / Trailer Parks re La Escondida Estates Mobile Home Park (Not Available). Free owner marketplace — $0 fees. List in 2 min: https://temporary-zippy-celesta-4cyc4ht.vercel.app/list-your-park?ref=bradley-outreach,https://temporary-zippy-celesta-4cyc4ht.vercel.app/list-your-park?ref=bradley-outreach
Lake View Mobile Home Park,(704) 824-2851,Not Available,NC,Not Available,NOT AVAILABLE,Gaston,"Hi, Bradley with Tread Companies / Trailer Parks calling about Lake View Mobile Home Park in Not Available. Free marketplace for park owners — $0 listing fee, $0 success fee. Brokers take ~6%. We've operated 4,000+ spaces. Can I text the link?",Bradley @ Tread Companies / Trailer Parks re Lake View Mobile Home Park (Not Available). Free owner marketplace — $0 fees. List in 2 min: https://temporary-zippy-celesta-4cyc4ht.vercel.app/list-your-park?ref=bradley-outreach,https://temporary-zippy-celesta-4cyc4ht.vercel.app/list-your-park?ref=bradley-outreach
M And M Properties,(704) 538-8846,Not Available,NC,Not Available,NOT AVAILABLE,Lincoln,"Hi, Bradley with Tread Companies / Trailer Parks calling about M And M Properties in Not Available. Free marketplace for park owners — $0 listing fee, $0 success fee. Brokers take ~6%. We've operated 4,000+ spaces. Can I text the link?",Bradley @ Tread Companies / Trailer Parks re M And M Properties (Not Available). Free owner marketplace — $0 fees. List in 2 min: https://temporary-zippy-celesta-4cyc4ht.vercel.app/list-your-park?ref=bradley-outreach,https://temporary-zippy-celesta-4cyc4ht.vercel.app/list-your-park?ref=bradley-outreach
Midway Road Mobile Home Park,(704) 876-1193,Not Available,NC,Not Available,NOT AVAILABLE,Iredell,"Hi, Bradley with Tread Companies / Trailer Parks calling about Midway Road Mobile Home Park in Not Available. Free marketplace for park owners — $0 listing fee, $0 success fee. Brokers take ~6%. We've operated 4,000+ spaces. Can I text the link?",Bradley @ Tread Companies / Trailer Parks re Midway Road Mobile Home Park (Not Available). Free owner marketplace — $0 fees. List in 2 min: https://temporary-zippy-celesta-4cyc4ht.vercel.app/list-your-park?ref=bradley-outreach,https://temporary-zippy-celesta-4cyc4ht.vercel.app/list-your-park?ref=bradley-outreach
Miller Mobile Home Park,(704) 538-8846,Not Available,NC,Not Available,NOT AVAILABLE,Lincoln,"Hi, Bradley with Tread Companies / Trailer Parks calling about Miller Mobile Home Park in Not Available. Free marketplace for park owners — $0 listing fee, $0 success fee. Brokers take ~6%. We've operated 4,000+ spaces. Can I text the link?",Bradley @ Tread Companies / Trailer Parks re Miller Mobile Home Park (Not Available). Free owner marketplace — $0 fees. List in 2 min: https://temporary-zippy-celesta-4cyc4ht.vercel.app/list-your-park?ref=bradley-outreach,https://temporary-zippy-celesta-4cyc4ht.vercel.app/list-your-park?ref=bradley-outreach
Mobile Estates,(252) 823-7930,Not Available,NC,Not Available,NOT AVAILABLE,Edgecombe,"Hi, Bradley with Tread Companies / Trailer Parks calling about Mobile Estates in Not Available. Free marketplace for park owners — $0 listing fee, $0 success fee. Brokers take ~6%. We've operated 4,000+ spaces. Can I text the link?",Bradley @ Tread Companies / Trailer Parks re Mobile Estates (Not Available). Free owner marketplace — $0 fees. List in 2 min: https://temporary-zippy-celesta-4cyc4ht.vercel.app/list-your-park?ref=bradley-outreach,https://temporary-zippy-celesta-4cyc4ht.vercel.app/list-your-park?ref=bradley-outreach
Mountain Creek Estates,(828) 400-5736,Not Available,NC,Not Available,NOT AVAILABLE,Jackson,"Hi, Bradley with Tread Companies / Trailer Parks calling about Mountain Creek Estates in Not Available. Free marketplace for park owners — $0 listing fee, $0 success fee. Brokers take ~6%. We've operated 4,000+ spaces. Can I text the link?",Bradley @ Tread Companies / Trailer Parks re Mountain Creek Estates (Not Available). Free owner marketplace — $0 fees. List in 2 min: https://temporary-zippy-celesta-4cyc4ht.vercel.app/list-your-park?ref=bradley-outreach,https://temporary-zippy-celesta-4cyc4ht.vercel.app/list-your-park?ref=bradley-outreach
Nahunta Acres,(919) 242-4883,Not Available,NC,Not Available,NOT AVAILABLE,Wayne,"Hi, Bradley with Tread Companies / Trailer Parks calling about Nahunta Acres in Not Available. Free marketplace for park owners — $0 listing fee, $0 success fee. Brokers take ~6%. We've operated 4,000+ spaces. Can I text the link?",Bradley @ Tread Companies / Trailer Parks re Nahunta Acres (Not Available). Free owner marketplace — $0 fees. List in 2 min: https://temporary-zippy-celesta-4cyc4ht.vercel.app/list-your-park?ref=bradley-outreach,https://temporary-zippy-celesta-4cyc4ht.vercel.app/list-your-park?ref=bradley-outreach
Oak Ridge,(919) 335-6652,Not Available,NC,Not Available,NOT AVAILABLE,Wake,"Hi, Bradley with Tread Companies / Trailer Parks calling about Oak Ridge in Not Available. Free marketplace for park owners — $0 listing fee, $0 success fee. Brokers take ~6%. We've operated 4,000+ spaces. Can I text the link?",Bradley @ Tread Companies / Trailer Parks re Oak Ridge (Not Available). Free owner marketplace — $0 fees. List in 2 min: https://temporary-zippy-celesta-4cyc4ht.vercel.app/list-your-park?ref=bradley-outreach,https://temporary-zippy-celesta-4cyc4ht.vercel.app/list-your-park?ref=bradley-outreach
Omega Mobile Home Park,(910) 346-5122,Not Available,NC,Not Available,NOT AVAILABLE,Onslow,"Hi, Bradley with Tread Companies / Trailer Parks calling about Omega Mobile Home Park in Not Available. Free marketplace for park owners — $0 listing fee, $0 success fee. Brokers take ~6%. We've operated 4,000+ spaces. Can I text the link?",Bradley @ Tread Companies / Trailer Parks re Omega Mobile Home Park (Not Available). Free owner marketplace — $0 fees. List in 2 min: https://temporary-zippy-celesta-4cyc4ht.vercel.app/list-your-park?ref=bradley-outreach,https://temporary-zippy-celesta-4cyc4ht.vercel.app/list-your-park?ref=bradley-outreach
Prestwood,(704) 966-9484,Not Available,NC,Not Available,NOT AVAILABLE,Caldwell,"Hi, Bradley with Tread Companies / Trailer Parks calling about Prestwood in Not Available. Free marketplace for park owners — $0 listing fee, $0 success fee. Brokers take ~6%. We've operated 4,000+ spaces. Can I text the link?",Bradley @ Tread Companies / Trailer Parks re Prestwood (Not Available). Free owner marketplace — $0 fees. List in 2 min: https://temporary-zippy-celesta-4cyc4ht.vercel.app/list-your-park?ref=bradley-outreach,https://temporary-zippy-celesta-4cyc4ht.vercel.app/list-your-park?ref=bradley-outreach
Rackleys Mobile Home Park,(919) 922-5577,Not Available,NC,Not Available,NOT AVAILABLE,Wayne,"Hi, Bradley with Tread Companies / Trailer Parks calling about Rackleys Mobile Home Park in Not Available. Free marketplace for park owners — $0 listing fee, $0 success fee. Brokers take ~6%. We've operated 4,000+ spaces. Can I text the link?",Bradley @ Tread Companies / Trailer Parks re Rackleys Mobile Home Park (Not Available). Free owner marketplace — $0 fees. List in 2 min: https://temporary-zippy-celesta-4cyc4ht.vercel.app/list-your-park?ref=bradley-outreach,https://temporary-zippy-celesta-4cyc4ht.vercel.app/list-your-park?ref=bradley-outreach
Red Oak Mobile Home Park,(919) 770-0706,Not Available,NC,Not Available,NOT AVAILABLE,Harnett,"Hi, Bradley with Tread Companies / Trailer Parks calling about Red Oak Mobile Home Park in Not Available. Free marketplace for park owners — $0 listing fee, $0 success fee. Brokers take ~6%. We've operated 4,000+ spaces. Can I text the link?",Bradley @ Tread Companies / Trailer Parks re Red Oak Mobile Home Park (Not Available). Free owner marketplace — $0 fees. List in 2 min: https://temporary-zippy-celesta-4cyc4ht.vercel.app/list-your-park?ref=bradley-outreach,https://temporary-zippy-celesta-4cyc4ht.vercel.app/list-your-park?ref=bradley-outreach
Riverside Mobile Home Community,(919) 669-7370,Not Available,NC,Not Available,NOT AVAILABLE,Wayne,"Hi, Bradley with Tread Companies / Trailer Parks calling about Riverside Mobile Home Community in Not Available. Free marketplace for park owners — $0 listing fee, $0 success fee. Brokers take ~6%. We've operated 4,000+ spaces. Can I text the link?",Bradley @ Tread Companies / Trailer Parks re Riverside Mobile Home Community (Not Available). Free owner marketplace — $0 fees. List in 2 min: https://temporary-zippy-celesta-4cyc4ht.vercel.app/list-your-park?ref=bradley-outreach,https://temporary-zippy-celesta-4cyc4ht.vercel.app/list-your-park?ref=bradley-outreach
Serenity Mobile Home Park,(252) 332-8466,Not Available,NC,Not Available,NOT AVAILABLE,Hertford,"Hi, Bradley with Tread Companies / Trailer Parks calling about Serenity Mobile Home Park in Not Available. Free marketplace for park owners — $0 listing fee, $0 success fee. Brokers take ~6%. We've operated 4,000+ spaces. Can I text the link?",Bradley @ Tread Companies / Trailer Parks re Serenity Mobile Home Park (Not Available). Free owner marketplace — $0 fees. List in 2 min: https://temporary-zippy-celesta-4cyc4ht.vercel.app/list-your-park?ref=bradley-outreach,https://temporary-zippy-celesta-4cyc4ht.vercel.app/list-your-park?ref=bradley-outreach
Shephard Park,(910) 358-1703,Not Available,NC,Not Available,NOT AVAILABLE,Onslow,"Hi, Bradley with Tread Companies / Trailer Parks calling about Shephard Park in Not Available. Free marketplace for park owners — $0 listing fee, $0 success fee. Brokers take ~6%. We've operated 4,000+ spaces. Can I text the link?",Bradley @ Tread Companies / Trailer Parks re Shephard Park (Not Available). Free owner marketplace — $0 fees. List in 2 min: https://temporary-zippy-celesta-4cyc4ht.vercel.app/list-your-park?ref=bradley-outreach,https://temporary-zippy-celesta-4cyc4ht.vercel.app/list-your-park?ref=bradley-outreach
Spring Valley Estates,(252) 714-4482,Not Available,NC,Not Available,NOT AVAILABLE,Pitt,"Hi, Bradley with Tread Companies / Trailer Parks calling about Spring Valley Estates in Not Available. Free marketplace for park owners — $0 listing fee, $0 success fee. Brokers take ~6%. We've operated 4,000+ spaces. Can I text the link?",Bradley @ Tread Companies / Trailer Parks re Spring Valley Estates (Not Available). Free owner marketplace — $0 fees. List in 2 min: https://temporary-zippy-celesta-4cyc4ht.vercel.app/list-your-park?ref=bradley-outreach,https://temporary-zippy-celesta-4cyc4ht.vercel.app/list-your-park?ref=bradley-outreach
Strickland And Mitchell Mobile Home Estates,(919) 738-4070,Not Available,NC,Not Available,NOT AVAILABLE,Wayne,"Hi, Bradley with Tread Companies / Trailer Parks calling about Strickland And Mitchell Mobile Home Estates in Not Available. Free marketplace for park owners — $0 listing fee, $0 success fee. Brokers take ~6%. We've operated 4,000+ spaces. Can I text the link?",Bradley @ Tread Companies / Trailer Parks re Strickland And Mitchell Mobile Home Estates (Not Available). Free owner marketplace — $0 fees. List in 2 min: https://temporary-zippy-celesta-4cyc4ht.vercel.app/list-your-park?ref=bradley-outreach,https://temporary-zippy-celesta-4cyc4ht.vercel.app/list-your-park?ref=bradley-outreach
Woodridge Community,(919) 348-1638,Not Available,NC,Not Available,NOT AVAILABLE,Edgecombe,"Hi, Bradley with Tread Companies / Trailer Parks calling about Woodridge Community in Not Available. Free marketplace for park owners — $0 listing fee, $0 success fee. Brokers take ~6%. We've operated 4,000+ spaces. Can I text the link?",Bradley @ Tread Companies / Trailer Parks re Woodridge Community (Not Available). Free owner marketplace — $0 fees. List in 2 min: https://temporary-zippy-celesta-4cyc4ht.vercel.app/list-your-park?ref=bradley-outreach,https://temporary-zippy-celesta-4cyc4ht.vercel.app/list-your-park?ref=bradley-outreach
Twin Lakes Trailer Park,(704) 724-4002,Old Fort,NC,Twin Lakes Road,28762,Mcdowell,"Hi, Bradley with Tread Companies / Trailer Parks calling about Twin Lakes Trailer Park in Old Fort. Free marketplace for park owners — $0 listing fee, $0 success fee. Brokers take ~6%. We've operated 4,000+ spaces. Can I text the link?",Bradley @ Tread Companies / Trailer Parks re Twin Lakes Trailer Park (Old Fort). Free owner marketplace — $0 fees. List in 2 min: https://temporary-zippy-celesta-4cyc4ht.vercel.app/list-your-park?ref=bradley-outreach,https://temporary-zippy-celesta-4cyc4ht.vercel.app/list-your-park?ref=bradley-outreach
Pinebluff Mhp,(910) 281-3153,Pinebluff,NC,795 West Baltamore Avenue,28373,Moore,"Hi, Bradley with Tread Companies / Trailer Parks calling about Pinebluff Mhp in Pinebluff. Free marketplace for park owners — $0 listing fee, $0 success fee. Brokers take ~6%. We've operated 4,000+ spaces. Can I text the link?",Bradley @ Tread Companies / Trailer Parks re Pinebluff Mhp (Pinebluff). Free owner marketplace — $0 fees. List in 2 min: https://temporary-zippy-celesta-4cyc4ht.vercel.app/list-your-park?ref=bradley-outreach,https://temporary-zippy-celesta-4cyc4ht.vercel.app/list-your-park?ref=bradley-outreach
Woodlake Mhp,(336) 676-8722,Pleasant Garden,NC,261 E Sheraton Park Rd,27406,Guilford,"Hi, Bradley with Tread Companies / Trailer Parks calling about Woodlake Mhp in Pleasant Garden. Free marketplace for park owners — $0 listing fee, $0 success fee. Brokers take ~6%. We've operated 4,000+ spaces. Can I text the link?",Bradley @ Tread Companies / Trailer Parks re Woodlake Mhp (Pleasant Garden). Free owner marketplace — $0 fees. List in 2 min: https://temporary-zippy-celesta-4cyc4ht.vercel.app/list-your-park?ref=bradley-outreach,https://temporary-zippy-celesta-4cyc4ht.vercel.app/list-your-park?ref=bradley-outreach
Shamrock Isle Estate Limited,(910) 875-5574,Raeford,NC,State Road 1413,28376,Hoke,"Hi, Bradley with Tread Companies / Trailer Parks calling about Shamrock Isle Estate Limited in Raeford. Free marketplace for park owners — $0 listing fee, $0 success fee. Brokers take ~6%. We've operated 4,000+ spaces. Can I text the link?",Bradley @ Tread Companies / Trailer Parks re Shamrock Isle Estate Limited (Raeford). Free owner marketplace — $0 fees. List in 2 min: https://temporary-zippy-celesta-4cyc4ht.vercel.app/list-your-park?ref=bradley-outreach,https://temporary-zippy-celesta-4cyc4ht.vercel.app/list-your-park?ref=bradley-outreach
All Star Mhp,(919) 772-2039,Raleigh,NC,5538 Fayetteville Road,27603,Wake,"Hi, Bradley with Tread Companies / Trailer Parks calling about All Star Mhp in Raleigh. Free marketplace for park owners — $0 listing fee, $0 success fee. Brokers take ~6%. We've operated 4,000+ spaces. Can I text the link?",Bradley @ Tread Companies / Trailer Parks re All Star Mhp (Raleigh). Free owner marketplace — $0 fees. List in 2 min: https://temporary-zippy-celesta-4cyc4ht.vercel.app/list-your-park?ref=bradley-outreach,https://temporary-zippy-celesta-4cyc4ht.vercel.app/list-your-park?ref=bradley-outreach
Green Spring Valley Mobile Estate,(919) 772-6405,Raleigh,NC,1100 Greenvale Road,27603,Wake,"Hi, Bradley with Tread Companies / Trailer Parks calling about Green Spring Valley Mobile Estate in Raleigh. Free marketplace for park owners — $0 listing fee, $0 success fee. Brokers take ~6%. We've operated 4,000+ spaces. Can I text the link?",Bradley @ Tread Companies / Trailer Parks re Green Spring Valley Mobile Estate (Raleigh). Free owner marketplace — $0 fees. List in 2 min: https://temporary-zippy-celesta-4cyc4ht.vercel.app/list-your-park?ref=bradley-outreach,https://temporary-zippy-celesta-4cyc4ht.vercel.app/list-your-park?ref=bradley-outreach
Hidden Cove Mobile Estates,(919) 266-3806,Raleigh,NC,1104 Blackbeard Lane,27604,Wake,"Hi, Bradley with Tread Companies / Trailer Parks calling about Hidden Cove Mobile Estates in Raleigh. Free marketplace for park owners — $0 listing fee, $0 success fee. Brokers take ~6%. We've operated 4,000+ spaces. Can I text the link?",Bradley @ Tread Companies / Trailer Parks re Hidden Cove Mobile Estates (Raleigh). Free owner marketplace — $0 fees. List in 2 min: https://temporary-zippy-celesta-4cyc4ht.vercel.app/list-your-park?ref=bradley-outreach,https://temporary-zippy-celesta-4cyc4ht.vercel.app/list-your-park?ref=bradley-outreach
Hodges Mhp,(919) 231-8013,Raleigh,NC,4021 Gregory Lane,27610,Wake,"Hi, Bradley with Tread Companies / Trailer Parks calling about Hodges Mhp in Raleigh. Free marketplace for park owners — $0 listing fee, $0 success fee. Brokers take ~6%. We've operated 4,000+ spaces. Can I text the link?",Bradley @ Tread Companies / Trailer Parks re Hodges Mhp (Raleigh). Free owner marketplace — $0 fees. List in 2 min: https://temporary-zippy-celesta-4cyc4ht.vercel.app/list-your-park?ref=bradley-outreach,https://temporary-zippy-celesta-4cyc4ht.vercel.app/list-your-park?ref=bradley-outreach
Homestead Village Mobile Home,(919) 876-6144,Raleigh,NC,7434 Capital Boulevard,27616,Wake,"Hi, Bradley with Tread Companies / Trailer Parks calling about Homestead Village Mobile Home in Raleigh. Free marketplace for park owners — $0 listing fee, $0 success fee. Brokers take ~6%. We've operated 4,000+ spaces. Can I text the link?",Bradley @ Tread Companies / Trailer Parks re Homestead Village Mobile Home (Raleigh). Free owner marketplace — $0 fees. List in 2 min: https://temporary-zippy-celesta-4cyc4ht.vercel.app/list-your-park?ref=bradley-outreach,https://temporary-zippy-celesta-4cyc4ht.vercel.app/list-your-park?ref=bradley-outreach
Horseshoe,(919) 772-1643,Raleigh,NC,2634 Simpkins Rd,27603,Wake,"Hi, Bradley with Tread Companies / Trailer Parks calling about Horseshoe in Raleigh. Free marketplace for park owners — $0 listing fee, $0 success fee. Brokers take ~6%. We've operated 4,000+ spaces. Can I text the link?",Bradley @ Tread Companies / Trailer Parks re Horseshoe (Raleigh). Free owner marketplace — $0 fees. List in 2 min: https://temporary-zippy-celesta-4cyc4ht.vercel.app/list-your-park?ref=bradley-outreach,https://temporary-zippy-celesta-4cyc4ht.vercel.app/list-your-park?ref=bradley-outreach
Jeffreys' Mhp,(919) 231-9860,Raleigh,NC,6004 Poole Road,27610,Wake,"Hi, Bradley with Tread Companies / Trailer Parks calling about Jeffreys' Mhp in Raleigh. Free marketplace for park owners — $0 listing fee, $0 success fee. Brokers take ~6%. We've operated 4,000+ spaces. Can I text the link?",Bradley @ Tread Companies / Trailer Parks re Jeffreys' Mhp (Raleigh). Free owner marketplace — $0 fees. List in 2 min: https://temporary-zippy-celesta-4cyc4ht.vercel.app/list-your-park?ref=bradley-outreach,https://temporary-zippy-celesta-4cyc4ht.vercel.app/list-your-park?ref=bradley-outreach
Jones Mhp,(919) 266-4232,Raleigh,NC,4101 Mitchell Mill Road,27616,Wake,"Hi, Bradley with Tread Companies / Trailer Parks calling about Jones Mhp in Raleigh. Free marketplace for park owners — $0 listing fee, $0 success fee. Brokers take ~6%. We've operated 4,000+ spaces. Can I text the link?",Bradley @ Tread Companies / Trailer Parks re Jones Mhp (Raleigh). Free owner marketplace — $0 fees. List in 2 min: https://temporary-zippy-celesta-4cyc4ht.vercel.app/list-your-park?ref=bradley-outreach,https://temporary-zippy-celesta-4cyc4ht.vercel.app/list-your-park?ref=bradley-outreach
Kingsborough Estates,(919) 231-6057,Raleigh,NC,284 Kings Pkwy,27610,Wake,"Hi, Bradley with Tread Companies / Trailer Parks calling about Kingsborough Estates in Raleigh. Free marketplace for park owners — $0 listing fee, $0 success fee. Brokers take ~6%. We've operated 4,000+ spaces. Can I text the link?",Bradley @ Tread Companies / Trailer Parks re Kingsborough Estates (Raleigh). Free owner marketplace — $0 fees. List in 2 min: https://temporary-zippy-celesta-4cyc4ht.vercel.app/list-your-park?ref=bradley-outreach,https://temporary-zippy-celesta-4cyc4ht.vercel.app/list-your-park?ref=bradley-outreach
Riverview Mhp,(919) 266-0534,Raleigh,NC,7001 Poole Road,27610,Wake,"Hi, Bradley with Tread Companies / Trailer Parks calling about Riverview Mhp in Raleigh. Free marketplace for park owners — $0 listing fee, $0 success fee. Brokers take ~6%. We've operated 4,000+ spaces. Can I text the link?",Bradley @ Tread Companies / Trailer Parks re Riverview Mhp (Raleigh). Free owner marketplace — $0 fees. List in 2 min: https://temporary-zippy-celesta-4cyc4ht.vercel.app/list-your-park?ref=bradley-outreach,https://temporary-zippy-celesta-4cyc4ht.vercel.app/list-your-park?ref=bradley-outreach
Southside Mobile Park,(919) 772-3818,Raleigh,NC,Ransdell Road,27603,Wake,"Hi, Bradley with Tread Companies / Trailer Parks calling about Southside Mobile Park in Raleigh. Free marketplace for park owners — $0 listing fee, $0 success fee. Brokers take ~6%. We've operated 4,000+ spaces. Can I text the link?",Bradley @ Tread Companies / Trailer Parks re Southside Mobile Park (Raleigh). Free owner marketplace — $0 fees. List in 2 min: https://temporary-zippy-celesta-4cyc4ht.vercel.app/list-your-park?ref=bradley-outreach,https://temporary-zippy-celesta-4cyc4ht.vercel.app/list-your-park?ref=bradley-outreach
Stony Brook North Mobile Home,(919) 872-2346,Raleigh,NC,3000 Stoneybrook Drive,27604,Wake,"Hi, Bradley with Tread Companies / Trailer Parks calling about Stony Brook North Mobile Home in Raleigh. Free marketplace for park owners — $0 listing fee, $0 success fee. Brokers take ~6%. We've operated 4,000+ spaces. Can I text the link?",Bradley @ Tread Companies / Trailer Parks re Stony Brook North Mobile Home (Raleigh). Free owner marketplace — $0 fees. List in 2 min: https://temporary-zippy-celesta-4cyc4ht.vercel.app/list-your-park?ref=bradley-outreach,https://temporary-zippy-celesta-4cyc4ht.vercel.app/list-your-park?ref=bradley-outreach
Hidden Forest Estate Inc,(336) 495-1907,Randleman,NC,6602 Holder Inman Road Extension,27317,Randolph,"Hi, Bradley with Tread Companies / Trailer Parks calling about Hidden Forest Estate Inc in Randleman. Free marketplace for park owners — $0 listing fee, $0 success fee. Brokers take ~6%. We've operated 4,000+ spaces. Can I text the link?",Bradley @ Tread Companies / Trailer Parks re Hidden Forest Estate Inc (Randleman). Free owner marketplace — $0 fees. List in 2 min: https://temporary-zippy-celesta-4cyc4ht.vercel.app/list-your-park?ref=bradley-outreach,https://temporary-zippy-celesta-4cyc4ht.vercel.app/list-your-park?ref=bradley-outreach
Creekside,(866) 786-2516,Reidsville,NC,400 Stoney Creek Dr,27320,Rockingham,"Hi, Bradley with Tread Companies / Trailer Parks calling about Creekside in Reidsville. Free marketplace for park owners — $0 listing fee, $0 success fee. Brokers take ~6%. We've operated 4,000+ spaces. Can I text the link?",Bradley @ Tread Companies / Trailer Parks re Creekside (Reidsville). Free owner marketplace — $0 fees. List in 2 min: https://temporary-zippy-celesta-4cyc4ht.vercel.app/list-your-park?ref=bradley-outreach,https://temporary-zippy-celesta-4cyc4ht.vercel.app/list-your-park?ref=bradley-outreach
Langwood Mobile Park,(919) 446-7888,Rocky Mount,NC,7432 Jessica Way,27803,Nash,"Hi, Bradley with Tread Companies / Trailer Parks calling about Langwood Mobile Park in Rocky Mount. Free marketplace for park owners — $0 listing fee, $0 success fee. Brokers take ~6%. We've operated 4,000+ spaces. Can I text the link?",Bradley @ Tread Companies / Trailer Parks re Langwood Mobile Park (Rocky Mount). Free owner marketplace — $0 fees. List in 2 min: https://temporary-zippy-celesta-4cyc4ht.vercel.app/list-your-park?ref=bradley-outreach,https://temporary-zippy-celesta-4cyc4ht.vercel.app/list-your-park?ref=bradley-outreach
Tom'S Rental Property Sales,(336) 599-2530,Roxboro,NC,1025 Henry Street,27573,Person,"Hi, Bradley with Tread Companies / Trailer Parks calling about Tom'S Rental Property Sales in Roxboro. Free marketplace for park owners — $0 listing fee, $0 success fee. Brokers take ~6%. We've operated 4,000+ spaces. Can I text the link?",Bradley @ Tread Companies / Trailer Parks re Tom'S Rental Property Sales (Roxboro). Free owner marketplace — $0 fees. List in 2 min: https://temporary-zippy-celesta-4cyc4ht.vercel.app/list-your-park?ref=bradley-outreach,https://temporary-zippy-celesta-4cyc4ht.vercel.app/list-your-park?ref=bradley-outreach
Circle Drive Mobile Home Village,(704) 636-0200,Salisbury,NC,4050 South Main Street,28147,Rowan,"Hi, Bradley with Tread Companies / Trailer Parks calling about Circle Drive Mobile Home Village in Salisbury. Free marketplace for park owners — $0 listing fee, $0 success fee. Brokers take ~6%. We've operated 4,000+ spaces. Can I text the link?",Bradley @ Tread Companies / Trailer Parks re Circle Drive Mobile Home Village (Salisbury). Free owner marketplace — $0 fees. List in 2 min: https://temporary-zippy-celesta-4cyc4ht.vercel.app/list-your-park?ref=bradley-outreach,https://temporary-zippy-celesta-4cyc4ht.vercel.app/list-your-park?ref=bradley-outreach
Matika Villa Mhp,(704) 633-4498,Salisbury,NC,1150 Airport Road,28147,Rowan,"Hi, Bradley with Tread Companies / Trailer Parks calling about Matika Villa Mhp in Salisbury. Free marketplace for park owners — $0 listing fee, $0 success fee. Brokers take ~6%. We've operated 4,000+ spaces. Can I text the link?",Bradley @ Tread Companies / Trailer Parks re Matika Villa Mhp (Salisbury). Free owner marketplace — $0 fees. List in 2 min: https://temporary-zippy-celesta-4cyc4ht.vercel.app/list-your-park?ref=bradley-outreach,https://temporary-zippy-celesta-4cyc4ht.vercel.app/list-your-park?ref=bradley-outreach
Midstate Land Inc,(704) 637-9460,Salisbury,NC,1445 East Ridge Road,28144,Rowan,"Hi, Bradley with Tread Companies / Trailer Parks calling about Midstate Land Inc in Salisbury. Free marketplace for park owners — $0 listing fee, $0 success fee. Brokers take ~6%. We've operated 4,000+ spaces. Can I text the link?",Bradley @ Tread Companies / Trailer Parks re Midstate Land Inc (Salisbury). Free owner marketplace — $0 fees. List in 2 min: https://temporary-zippy-celesta-4cyc4ht.vercel.app/list-your-park?ref=bradley-outreach,https://temporary-zippy-celesta-4cyc4ht.vercel.app/list-your-park?ref=bradley-outreach
Oakland Meadows,(704) 642-1024,Salisbury,NC,1170 Majolica Road,28147,Rowan,"Hi, Bradley with Tread Companies / Trailer Parks calling about Oakland Meadows in Salisbury. Free marketplace for park owners — $0 listing fee, $0 success fee. Brokers take ~6%. We've operated 4,000+ spaces. Can I text the link?",Bradley @ Tread Companies / Trailer Parks re Oakland Meadows (Salisbury). Free owner marketplace — $0 fees. List in 2 min: https://temporary-zippy-celesta-4cyc4ht.vercel.app/list-your-park?ref=bradley-outreach,https://temporary-zippy-celesta-4cyc4ht.vercel.app/list-your-park?ref=bradley-outreach
Lochmere Mhp,(919) 774-6377,Sanford,NC,99 Lochmere Drive,27330,Lee,"Hi, Bradley with Tread Companies / Trailer Parks calling about Lochmere Mhp in Sanford. Free marketplace for park owners — $0 listing fee, $0 success fee. Brokers take ~6%. We've operated 4,000+ spaces. Can I text the link?",Bradley @ Tread Companies / Trailer Parks re Lochmere Mhp (Sanford). Free owner marketplace — $0 fees. List in 2 min: https://temporary-zippy-celesta-4cyc4ht.vercel.app/list-your-park?ref=bradley-outreach,https://temporary-zippy-celesta-4cyc4ht.vercel.app/list-your-park?ref=bradley-outreach
Countryside Mhp,(336) 431-0204,Sophia,NC,3425 Roy Farlow Road,27350,Randolph,"Hi, Bradley with Tread Companies / Trailer Parks calling about Countryside Mhp in Sophia. Free marketplace for park owners — $0 listing fee, $0 success fee. Brokers take ~6%. We've operated 4,000+ spaces. Can I text the link?",Bradley @ Tread Companies / Trailer Parks re Countryside Mhp (Sophia). Free owner marketplace — $0 fees. List in 2 min: https://temporary-zippy-celesta-4cyc4ht.vercel.app/list-your-park?ref=bradley-outreach,https://temporary-zippy-celesta-4cyc4ht.vercel.app/list-your-park?ref=bradley-outreach
Nelson'S Mhp,(336) 495-5790,Sophia,NC,4570 Nelson Park Road,27350,Randolph,"Hi, Bradley with Tread Companies / Trailer Parks calling about Nelson'S Mhp in Sophia. Free marketplace for park owners — $0 listing fee, $0 success fee. Brokers take ~6%. We've operated 4,000+ spaces. Can I text the link?",Bradley @ Tread Companies / Trailer Parks re Nelson'S Mhp (Sophia). Free owner marketplace — $0 fees. List in 2 min: https://temporary-zippy-celesta-4cyc4ht.vercel.app/list-your-park?ref=bradley-outreach,https://temporary-zippy-celesta-4cyc4ht.vercel.app/list-your-park?ref=bradley-outreach
Teen'S Mhp,(910) 497-1685,Spring Lake,NC,510 Pinetree Lane,28390,Cumberland,"Hi, Bradley with Tread Companies / Trailer Parks calling about Teen'S Mhp in Spring Lake. Free marketplace for park owners — $0 listing fee, $0 success fee. Brokers take ~6%. We've operated 4,000+ spaces. Can I text the link?",Bradley @ Tread Companies / Trailer Parks re Teen'S Mhp (Spring Lake). Free owner marketplace — $0 fees. List in 2 min: https://temporary-zippy-celesta-4cyc4ht.vercel.app/list-your-park?ref=bradley-outreach,https://temporary-zippy-celesta-4cyc4ht.vercel.app/list-your-park?ref=bradley-outreach
Travis Mhp,(704) 872-3083,Statesville,NC,121 Gypsy Drive,28677,Iredell,"Hi, Bradley with Tread Companies / Trailer Parks calling about Travis Mhp in Statesville. Free marketplace for park owners — $0 listing fee, $0 success fee. Brokers take ~6%. We've operated 4,000+ spaces. Can I text the link?",Bradley @ Tread Companies / Trailer Parks re Travis Mhp (Statesville). Free owner marketplace — $0 fees. List in 2 min: https://temporary-zippy-celesta-4cyc4ht.vercel.app/list-your-park?ref=bradley-outreach,https://temporary-zippy-celesta-4cyc4ht.vercel.app/list-your-park?ref=bradley-outreach
Fulford'S Mhp,(910) 842-6374,Supply,NC,2896 Old Ferry Road Southwest,28462,Brunswick,"Hi, Bradley with Tread Companies / Trailer Parks calling about Fulford'S Mhp in Supply. Free marketplace for park owners — $0 listing fee, $0 success fee. Brokers take ~6%. We've operated 4,000+ spaces. Can I text the link?",Bradley @ Tread Companies / Trailer Parks re Fulford'S Mhp (Supply). Free owner marketplace — $0 fees. List in 2 min: https://temporary-zippy-celesta-4cyc4ht.vercel.app/list-your-park?ref=bradley-outreach,https://temporary-zippy-celesta-4cyc4ht.vercel.app/list-your-park?ref=bradley-outreach
Aaa Mhp,(336) 472-8205,Thomasville,NC,102 Christopher Lane,27360,Davidson,"Hi, Bradley with Tread Companies / Trailer Parks calling about Aaa Mhp in Thomasville. Free marketplace for park owners — $0 listing fee, $0 success fee. Brokers take ~6%. We've operated 4,000+ spaces. Can I text the link?",Bradley @ Tread Companies / Trailer Parks re Aaa Mhp (Thomasville). Free owner marketplace — $0 fees. List in 2 min: https://temporary-zippy-celesta-4cyc4ht.vercel.app/list-your-park?ref=bradley-outreach,https://temporary-zippy-celesta-4cyc4ht.vercel.app/list-your-park?ref=bradley-outreach
Coy Lambeth Mhp,(336) 472-8189,Thomasville,NC,1208 Noahtown Road,27360,Davidson,"Hi, Bradley with Tread Companies / Trailer Parks calling about Coy Lambeth Mhp in Thomasville. Free marketplace for park owners — $0 listing fee, $0 success fee. Brokers take ~6%. We've operated 4,000+ spaces. Can I text the link?",Bradley @ Tread Companies / Trailer Parks re Coy Lambeth Mhp (Thomasville). Free owner marketplace — $0 fees. List in 2 min: https://temporary-zippy-celesta-4cyc4ht.vercel.app/list-your-park?ref=bradley-outreach,https://temporary-zippy-celesta-4cyc4ht.vercel.app/list-your-park?ref=bradley-outreach
Pleasant Grove Trailer Park,(336) 475-7545,Thomasville,NC,1473 Hasty School Road,27360,Davidson,"Hi, Bradley with Tread Companies / Trailer Parks calling about Pleasant Grove Trailer Park in Thomasville. Free marketplace for park owners — $0 listing fee, $0 success fee. Brokers take ~6%. We've operated 4,000+ spaces. Can I text the link?",Bradley @ Tread Companies / Trailer Parks re Pleasant Grove Trailer Park (Thomasville). Free owner marketplace — $0 fees. List in 2 min: https://temporary-zippy-celesta-4cyc4ht.vercel.app/list-your-park?ref=bradley-outreach,https://temporary-zippy-celesta-4cyc4ht.vercel.app/list-your-park?ref=bradley-outreach
Ponderosa Mobile Home Estate,(336) 475-7940,Thomasville,NC,319 Boggs Dairy Road,27360,Davidson,"Hi, Bradley with Tread Companies / Trailer Parks calling about Ponderosa Mobile Home Estate in Thomasville. Free marketplace for park owners — $0 listing fee, $0 success fee. Brokers take ~6%. We've operated 4,000+ spaces. Can I text the link?",Bradley @ Tread Companies / Trailer Parks re Ponderosa Mobile Home Estate (Thomasville). Free owner marketplace — $0 fees. List in 2 min: https://temporary-zippy-celesta-4cyc4ht.vercel.app/list-your-park?ref=bradley-outreach,https://temporary-zippy-celesta-4cyc4ht.vercel.app/list-your-park?ref=bradley-outreach
Pritchett'S Mhp,(336) 475-1441,Thomasville,NC,539 Hogan Bowers Road,27360,Davidson,"Hi, Bradley with Tread Companies / Trailer Parks calling about Pritchett'S Mhp in Thomasville. Free marketplace for park owners — $0 listing fee, $0 success fee. Brokers take ~6%. We've operated 4,000+ spaces. Can I text the link?",Bradley @ Tread Companies / Trailer Parks re Pritchett'S Mhp (Thomasville). Free owner marketplace — $0 fees. List in 2 min: https://temporary-zippy-celesta-4cyc4ht.vercel.app/list-your-park?ref=bradley-outreach,https://temporary-zippy-celesta-4cyc4ht.vercel.app/list-your-park?ref=bradley-outreach
Rocky Ridge Mhp,(336) 472-6540,Thomasville,NC,1841 Noahtown Road,27360,Davidson,"Hi, Bradley with Tread Companies / Trailer Parks calling about Rocky Ridge Mhp in Thomasville. Free marketplace for park owners — $0 listing fee, $0 success fee. Brokers take ~6%. We've operated 4,000+ spaces. Can I text the link?",Bradley @ Tread Companies / Trailer Parks re Rocky Ridge Mhp (Thomasville). Free owner marketplace — $0 fees. List in 2 min: https://temporary-zippy-celesta-4cyc4ht.vercel.app/list-your-park?ref=bradley-outreach,https://temporary-zippy-celesta-4cyc4ht.vercel.app/list-your-park?ref=bradley-outreach
Rosewood Court,(336) 476-4825,Thomasville,NC,212 Washboard Road,27360,Davidson,"Hi, Bradley with Tread Companies / Trailer Parks calling about Rosewood Court in Thomasville. Free marketplace for park owners — $0 listing fee, $0 success fee. Brokers take ~6%. We've operated 4,000+ spaces. Can I text the link?",Bradley @ Tread Companies / Trailer Parks re Rosewood Court (Thomasville). Free owner marketplace — $0 fees. List in 2 min: https://temporary-zippy-celesta-4cyc4ht.vercel.app/list-your-park?ref=bradley-outreach,https://temporary-zippy-celesta-4cyc4ht.vercel.app/list-your-park?ref=bradley-outreach
Sleepy Hollow Mobile Home,(336) 472-6258,Thomasville,NC,160 Big Jack Road,27360,Davidson,"Hi, Bradley with Tread Companies / Trailer Parks calling about Sleepy Hollow Mobile Home in Thomasville. Free marketplace for park owners — $0 listing fee, $0 success fee. Brokers take ~6%. We've operated 4,000+ spaces. Can I text the link?",Bradley @ Tread Companies / Trailer Parks re Sleepy Hollow Mobile Home (Thomasville). Free owner marketplace — $0 fees. List in 2 min: https://temporary-zippy-celesta-4cyc4ht.vercel.app/list-your-park?ref=bradley-outreach,https://temporary-zippy-celesta-4cyc4ht.vercel.app/list-your-park?ref=bradley-outreach
Mountainview Mhp,(336) 861-7864,Trinity,NC,2821 Hoover Hill Road,27370,Randolph,"Hi, Bradley with Tread Companies / Trailer Parks calling about Mountainview Mhp in Trinity. Free marketplace for park owners — $0 listing fee, $0 success fee. Brokers take ~6%. We've operated 4,000+ spaces. Can I text the link?",Bradley @ Tread Companies / Trailer Parks re Mountainview Mhp (Trinity). Free owner marketplace — $0 fees. List in 2 min: https://temporary-zippy-celesta-4cyc4ht.vercel.app/list-your-park?ref=bradley-outreach,https://temporary-zippy-celesta-4cyc4ht.vercel.app/list-your-park?ref=bradley-outreach
Thelma Kindley'S Mobile Park,(336) 241-2224,Trinity,NC,1440 Ross Wood Road,27370,Randolph,"Hi, Bradley with Tread Companies / Trailer Parks calling about Thelma Kindley'S Mobile Park in Trinity. Free marketplace for park owners — $0 listing fee, $0 success fee. Brokers take ~6%. We've operated 4,000+ spaces. Can I text the link?",Bradley @ Tread Companies / Trailer Parks re Thelma Kindley'S Mobile Park (Trinity). Free owner marketplace — $0 fees. List in 2 min: https://temporary-zippy-celesta-4cyc4ht.vercel.app/list-your-park?ref=bradley-outreach,https://temporary-zippy-celesta-4cyc4ht.vercel.app/list-your-park?ref=bradley-outreach
Gold Creek Homes,(252) 946-7011,Washington,NC,Hwy 264 West,27889,Beaufort,"Hi, Bradley with Tread Companies / Trailer Parks calling about Gold Creek Homes in Washington. Free marketplace for park owners — $0 listing fee, $0 success fee. Brokers take ~6%. We've operated 4,000+ spaces. Can I text the link?",Bradley @ Tread Companies / Trailer Parks re Gold Creek Homes (Washington). Free owner marketplace — $0 fees. List in 2 min: https://temporary-zippy-celesta-4cyc4ht.vercel.app/list-your-park?ref=bradley-outreach,https://temporary-zippy-celesta-4cyc4ht.vercel.app/list-your-park?ref=bradley-outreach
Mobiland,(919) 927-3308,Washington,NC,3200 Lizzard Slip Road,27889,Beaufort,"Hi, Bradley with Tread Companies / Trailer Parks calling about Mobiland in Washington. Free marketplace for park owners — $0 listing fee, $0 success fee. Brokers take ~6%. We've operated 4,000+ spaces. Can I text the link?",Bradley @ Tread Companies / Trailer Parks re Mobiland (Washington). Free owner marketplace — $0 fees. List in 2 min: https://temporary-zippy-celesta-4cyc4ht.vercel.app/list-your-park?ref=bradley-outreach,https://temporary-zippy-celesta-4cyc4ht.vercel.app/list-your-park?ref=bradley-outreach
The Orchard,(828) 456-6117,Waynesville,NC,2147 Russ Ave,28786,Haywood,"Hi, Bradley with Tread Companies / Trailer Parks calling about The Orchard in Waynesville. Free marketplace for park owners — $0 listing fee, $0 success fee. Brokers take ~6%. We've operated 4,000+ spaces. Can I text the link?",Bradley @ Tread Companies / Trailer Parks re The Orchard (Waynesville). Free owner marketplace — $0 fees. List in 2 min: https://temporary-zippy-celesta-4cyc4ht.vercel.app/list-your-park?ref=bradley-outreach,https://temporary-zippy-celesta-4cyc4ht.vercel.app/list-your-park?ref=bradley-outreach
North View Park,(704) 658-0998,Weaverville,NC,112 North Hill Road,28787,Buncombe,"Hi, Bradley with Tread Companies / Trailer Parks calling about North View Park in Weaverville. Free marketplace for park owners — $0 listing fee, $0 success fee. Brokers take ~6%. We've operated 4,000+ spaces. Can I text the link?",Bradley @ Tread Companies / Trailer Parks re North View Park (Weaverville). Free owner marketplace — $0 fees. List in 2 min: https://temporary-zippy-celesta-4cyc4ht.vercel.app/list-your-park?ref=bradley-outreach,https://temporary-zippy-celesta-4cyc4ht.vercel.app/list-your-park?ref=bradley-outreach
Deerhurst Mobile Home Community,(919) 365-4314,Wendell,NC,500 Privette Road,27591,Wake,"Hi, Bradley with Tread Companies / Trailer Parks calling about Deerhurst Mobile Home Community in Wendell. Free marketplace for park owners — $0 listing fee, $0 success fee. Brokers take ~6%. We've operated 4,000+ spaces. Can I text the link?",Bradley @ Tread Companies / Trailer Parks re Deerhurst Mobile Home Community (Wendell). Free owner marketplace — $0 fees. List in 2 min: https://temporary-zippy-celesta-4cyc4ht.vercel.app/list-your-park?ref=bradley-outreach,https://temporary-zippy-celesta-4cyc4ht.vercel.app/list-your-park?ref=bradley-outreach
Country Square Mhp,(336) 667-7966,Wilkesboro,NC,137 Beehive Drive,28697,Wilkes,"Hi, Bradley with Tread Companies / Trailer Parks calling about Country Square Mhp in Wilkesboro. Free marketplace for park owners — $0 listing fee, $0 success fee. Brokers take ~6%. We've operated 4,000+ spaces. Can I text the link?",Bradley @ Tread Companies / Trailer Parks re Country Square Mhp (Wilkesboro). Free owner marketplace — $0 fees. List in 2 min: https://temporary-zippy-celesta-4cyc4ht.vercel.app/list-your-park?ref=bradley-outreach,https://temporary-zippy-celesta-4cyc4ht.vercel.app/list-your-park?ref=bradley-outreach
Circle B Mhp,(910) 791-4210,Wilmington,NC,5932 Market Street,28405,New Hanover,"Hi, Bradley with Tread Companies / Trailer Parks calling about Circle B Mhp in Wilmington. Free marketplace for park owners — $0 listing fee, $0 success fee. Brokers take ~6%. We've operated 4,000+ spaces. Can I text the link?",Bradley @ Tread Companies / Trailer Parks re Circle B Mhp (Wilmington). Free owner marketplace — $0 fees. List in 2 min: https://temporary-zippy-celesta-4cyc4ht.vercel.app/list-your-park?ref=bradley-outreach,https://temporary-zippy-celesta-4cyc4ht.vercel.app/list-your-park?ref=bradley-outreach
Glynnwood Mhp,(910) 791-6850,Wilmington,NC,111 Glynnwood Drive,28405,New Hanover,"Hi, Bradley with Tread Companies / Trailer Parks calling about Glynnwood Mhp in Wilmington. Free marketplace for park owners — $0 listing fee, $0 success fee. Brokers take ~6%. We've operated 4,000+ spaces. Can I text the link?",Bradley @ Tread Companies / Trailer Parks re Glynnwood Mhp (Wilmington). Free owner marketplace — $0 fees. List in 2 min: https://temporary-zippy-celesta-4cyc4ht.vercel.app/list-your-park?ref=bradley-outreach,https://temporary-zippy-celesta-4cyc4ht.vercel.app/list-your-park?ref=bradley-outreach
Grove Park Mobile Park Estates,(910) 799-1982,Wilmington,NC,5550 Carolina Beach Road,28412,New Hanover,"Hi, Bradley with Tread Companies / Trailer Parks calling about Grove Park Mobile Park Estates in Wilmington. Free marketplace for park owners — $0 listing fee, $0 success fee. Brokers take ~6%. We've operated 4,000+ spaces. Can I text the link?",Bradley @ Tread Companies / Trailer Parks re Grove Park Mobile Park Estates (Wilmington). Free owner marketplace — $0 fees. List in 2 min: https://temporary-zippy-celesta-4cyc4ht.vercel.app/list-your-park?ref=bradley-outreach,https://temporary-zippy-celesta-4cyc4ht.vercel.app/list-your-park?ref=bradley-outreach
Royal Palms Mhp,(910) 395-6238,Wilmington,NC,5140 Carolina Beach Road,28412,New Hanover,"Hi, Bradley with Tread Companies / Trailer Parks calling about Royal Palms Mhp in Wilmington. Free marketplace for park owners — $0 listing fee, $0 success fee. Brokers take ~6%. We've operated 4,000+ spaces. Can I text the link?",Bradley @ Tread Companies / Trailer Parks re Royal Palms Mhp (Wilmington). Free owner marketplace — $0 fees. List in 2 min: https://temporary-zippy-celesta-4cyc4ht.vercel.app/list-your-park?ref=bradley-outreach,https://temporary-zippy-celesta-4cyc4ht.vercel.app/list-your-park?ref=bradley-outreach
Wescott Mobile Home Community,(910) 452-5332,Wilmington,NC,6740 Carolina Beach Road,28412,New Hanover,"Hi, Bradley with Tread Companies / Trailer Parks calling about Wescott Mobile Home Community in Wilmington. Free marketplace for park owners — $0 listing fee, $0 success fee. Brokers take ~6%. We've operated 4,000+ spaces. Can I text the link?",Bradley @ Tread Companies / Trailer Parks re Wescott Mobile Home Community (Wilmington). Free owner marketplace — $0 fees. List in 2 min: https://temporary-zippy-celesta-4cyc4ht.vercel.app/list-your-park?ref=bradley-outreach,https://temporary-zippy-celesta-4cyc4ht.vercel.app/list-your-park?ref=bradley-outreach
Wheel Estates Mhp,(910) 350-0002,Wilmington,NC,294 Military Cutoff Road,28405,New Hanover,"Hi, Bradley with Tread Companies / Trailer Parks calling about Wheel Estates Mhp in Wilmington. Free marketplace for park owners — $0 listing fee, $0 success fee. Brokers take ~6%. We've operated 4,000+ spaces. Can I text the link?",Bradley @ Tread Companies / Trailer Parks re Wheel Estates Mhp (Wilmington). Free owner marketplace — $0 fees. List in 2 min: https://temporary-zippy-celesta-4cyc4ht.vercel.app/list-your-park?ref=bradley-outreach,https://temporary-zippy-celesta-4cyc4ht.vercel.app/list-your-park?ref=bradley-outreach
Wrightsville Village,(910) 256-2500,Wilmington,NC,132 Stokley Road #38,28403,New Hanover,"Hi, Bradley with Tread Companies / Trailer Parks calling about Wrightsville Village in Wilmington. Free marketplace for park owners — $0 listing fee, $0 success fee. Brokers take ~6%. We've operated 4,000+ spaces. Can I text the link?",Bradley @ Tread Companies / Trailer Parks re Wrightsville Village (Wilmington). Free owner marketplace — $0 fees. List in 2 min: https://temporary-zippy-celesta-4cyc4ht.vercel.app/list-your-park?ref=bradley-outreach,https://temporary-zippy-celesta-4cyc4ht.vercel.app/list-your-park?ref=bradley-outreach
Jonestown Trailer Park,(336) 765-1596,Winston-Salem,NC,4756 Kirk Road,27103,Forsyth,"Hi, Bradley with Tread Companies / Trailer Parks calling about Jonestown Trailer Park in Winston-Salem. Free marketplace for park owners — $0 listing fee, $0 success fee. Brokers take ~6%. We've operated 4,000+ spaces. Can I text the link?",Bradley @ Tread Companies / Trailer Parks re Jonestown Trailer Park (Winston-Salem). Free owner marketplace — $0 fees. List in 2 min: https://temporary-zippy-celesta-4cyc4ht.vercel.app/list-your-park?ref=bradley-outreach,https://temporary-zippy-celesta-4cyc4ht.vercel.app/list-your-park?ref=bradley-outreach
Lambeth Mobile Village,(336) 788-1423,Winston-Salem,NC,4629 South Main Street,27127,Forsyth,"Hi, Bradley with Tread Companies / Trailer Parks calling about Lambeth Mobile Village in Winston-Salem. Free marketplace for park owners — $0 listing fee, $0 success fee. Brokers take ~6%. We've operated 4,000+ spaces. Can I text the link?",Bradley @ Tread Companies / Trailer Parks re Lambeth Mobile Village (Winston-Salem). Free owner marketplace — $0 fees. List in 2 min: https://temporary-zippy-celesta-4cyc4ht.vercel.app/list-your-park?ref=bradley-outreach,https://temporary-zippy-celesta-4cyc4ht.vercel.app/list-your-park?ref=bradley-outreach
North Forsyth Mhp,(336) 924-5260,Winston-Salem,NC,2544 Bethabara Road,27106,Forsyth,"Hi, Bradley with Tread Companies / Trailer Parks calling about North Forsyth Mhp in Winston-Salem. Free marketplace for park owners — $0 listing fee, $0 success fee. Brokers take ~6%. We've operated 4,000+ spaces. Can I text the link?",Bradley @ Tread Companies / Trailer Parks re North Forsyth Mhp (Winston-Salem). Free owner marketplace — $0 fees. List in 2 min: https://temporary-zippy-celesta-4cyc4ht.vercel.app/list-your-park?ref=bradley-outreach,https://temporary-zippy-celesta-4cyc4ht.vercel.app/list-your-park?ref=bradley-outreach
Parkwood Mhp,(336) 788-4411,Winston-Salem,NC,338 Barnes Road,27107,Forsyth,"Hi, Bradley with Tread Companies / Trailer Parks calling about Parkwood Mhp in Winston-Salem. Free marketplace for park owners — $0 listing fee, $0 success fee. Brokers take ~6%. We've operated 4,000+ spaces. Can I text the link?",Bradley @ Tread Companies / Trailer Parks re Parkwood Mhp (Winston-Salem). Free owner marketplace — $0 fees. List in 2 min: https://temporary-zippy-celesta-4cyc4ht.vercel.app/list-your-park?ref=bradley-outreach,https://temporary-zippy-celesta-4cyc4ht.vercel.app/list-your-park?ref=bradley-outreach
Peacehaven Mobile Home Community,(336) 766-9146,Winston-Salem,NC,151 Stoneybrook Blvd,27103,Forsyth,"Hi, Bradley with Tread Companies / Trailer Parks calling about Peacehaven Mobile Home Community in Winston-Salem. Free marketplace for park owners — $0 listing fee, $0 success fee. Brokers take ~6%. We've operated 4,000+ spaces. Can I text the link?",Bradley @ Tread Companies / Trailer Parks re Peacehaven Mobile Home Community (Winston-Salem). Free owner marketplace — $0 fees. List in 2 min: https://temporary-zippy-celesta-4cyc4ht.vercel.app/list-your-park?ref=bradley-outreach,https://temporary-zippy-celesta-4cyc4ht.vercel.app/list-your-park?ref=bradley-outreach
Quail Run Mhp,(336) 764-2674,Winston-Salem,NC,136 Quail Place Drive,27127,Davidson,"Hi, Bradley with Tread Companies / Trailer Parks calling about Quail Run Mhp in Winston-Salem. Free marketplace for park owners — $0 listing fee, $0 success fee. Brokers take ~6%. We've operated 4,000+ spaces. Can I text the link?",Bradley @ Tread Companies / Trailer Parks re Quail Run Mhp (Winston-Salem). Free owner marketplace — $0 fees. List in 2 min: https://temporary-zippy-celesta-4cyc4ht.vercel.app/list-your-park?ref=bradley-outreach,https://temporary-zippy-celesta-4cyc4ht.vercel.app/list-your-park?ref=bradley-outreach
Shattalon Oaks Mhp,(336) 924-5260,Winston-Salem,NC,5255 Shattalon Drive,27106,Forsyth,"Hi, Bradley with Tread Companies / Trailer Parks calling about Shattalon Oaks Mhp in Winston-Salem. Free marketplace for park owners — $0 listing fee, $0 success fee. Brokers take ~6%. We've operated 4,000+ spaces. Can I text the link?",Bradley @ Tread Companies / Trailer Parks re Shattalon Oaks Mhp (Winston-Salem). Free owner marketplace — $0 fees. List in 2 min: https://temporary-zippy-celesta-4cyc4ht.vercel.app/list-your-park?ref=bradley-outreach,https://temporary-zippy-celesta-4cyc4ht.vercel.app/list-your-park?ref=bradley-outreach
Shiloh Mhp,(336) 922-1221,Winston-Salem,NC,2675 Shiloh Drive,27106,Forsyth,"Hi, Bradley with Tread Companies / Trailer Parks calling about Shiloh Mhp in Winston-Salem. Free marketplace for park owners — $0 listing fee, $0 success fee. Brokers take ~6%. We've operated 4,000+ spaces. Can I text the link?",Bradley @ Tread Companies / Trailer Parks re Shiloh Mhp (Winston-Salem). Free owner marketplace — $0 fees. List in 2 min: https://temporary-zippy-celesta-4cyc4ht.vercel.app/list-your-park?ref=bradley-outreach,https://temporary-zippy-celesta-4cyc4ht.vercel.app/list-your-park?ref=bradley-outreach
Robinson'S Mobile Park,(336) 463-2429,Yadkinville,NC,5409 Courtney Huntsville Road,27055,Yadkin,"Hi, Bradley with Tread Companies / Trailer Parks calling about Robinson'S Mobile Park in Yadkinville. Free marketplace for park owners — $0 listing fee, $0 success fee. Brokers take ~6%. We've operated 4,000+ spaces. Can I text the link?",Bradley @ Tread Companies / Trailer Parks re Robinson'S Mobile Park (Yadkinville). Free owner marketplace — $0 fees. List in 2 min: https://temporary-zippy-celesta-4cyc4ht.vercel.app/list-your-park?ref=bradley-outreach,https://temporary-zippy-celesta-4cyc4ht.vercel.app/list-your-park?ref=bradley-outreach
Rochelle Mobile Community,(919) 266-9969,Zebulon,NC,Highway 97,27597,Wake,"Hi, Bradley with Tread Companies / Trailer Parks calling about Rochelle Mobile Community in Zebulon. Free marketplace for park owners — $0 listing fee, $0 success fee. Brokers take ~6%. We've operated 4,000+ spaces. Can I text the link?",Bradley @ Tread Companies / Trailer Parks re Rochelle Mobile Community (Zebulon). Free owner marketplace — $0 fees. List in 2 min: https://temporary-zippy-celesta-4cyc4ht.vercel.app/list-your-park?ref=bradley-outreach,https://temporary-zippy-celesta-4cyc4ht.vercel.app/list-your-park?ref=bradley-outreach
Cameron Park,(803) 649-5606,Aiken,SC,104 Sandcroft Court,29801,Aiken,"Hi, Bradley with Tread Companies / Trailer Parks calling about Cameron Park in Aiken. Free marketplace for park owners — $0 listing fee, $0 success fee. Brokers take ~6%. We've operated 4,000+ spaces. Can I text the link?",Bradley @ Tread Companies / Trailer Parks re Cameron Park (Aiken). Free owner marketplace — $0 fees. List in 2 min: https://temporary-zippy-celesta-4cyc4ht.vercel.app/list-your-park?ref=bradley-outreach,https://temporary-zippy-celesta-4cyc4ht.vercel.app/list-your-park?ref=bradley-outreach
Country Squire Mobile Home Park,(803) 648-2480,Aiken,SC,112 Village Drive,29803,Aiken,"Hi, Bradley with Tread Companies / Trailer Parks calling about Country Squire Mobile Home Park in Aiken. Free marketplace for park owners — $0 listing fee, $0 success fee. Brokers take ~6%. We've operated 4,000+ spaces. Can I text the link?",Bradley @ Tread Companies / Trailer Parks re Country Squire Mobile Home Park (Aiken). Free owner marketplace — $0 fees. List in 2 min: https://temporary-zippy-celesta-4cyc4ht.vercel.app/list-your-park?ref=bradley-outreach,https://temporary-zippy-celesta-4cyc4ht.vercel.app/list-your-park?ref=bradley-outreach
Crossroads Mhp,(803) 642-5702,Aiken,SC,569 Crossroads Park Drive,29803,Aiken,"Hi, Bradley with Tread Companies / Trailer Parks calling about Crossroads Mhp in Aiken. Free marketplace for park owners — $0 listing fee, $0 success fee. Brokers take ~6%. We've operated 4,000+ spaces. Can I text the link?",Bradley @ Tread Companies / Trailer Parks re Crossroads Mhp (Aiken). Free owner marketplace — $0 fees. List in 2 min: https://temporary-zippy-celesta-4cyc4ht.vercel.app/list-your-park?ref=bradley-outreach,https://temporary-zippy-celesta-4cyc4ht.vercel.app/list-your-park?ref=bradley-outreach
Jessamine Mhp,(803) 648-4605,Aiken,SC,221 Barnwell Avenue Northwest,29801,Aiken,"Hi, Bradley with Tread Companies / Trailer Parks calling about Jessamine Mhp in Aiken. Free marketplace for park owners — $0 listing fee, $0 success fee. Brokers take ~6%. We've operated 4,000+ spaces. Can I text the link?",Bradley @ Tread Companies / Trailer Parks re Jessamine Mhp (Aiken). Free owner marketplace — $0 fees. List in 2 min: https://temporary-zippy-celesta-4cyc4ht.vercel.app/list-your-park?ref=bradley-outreach,https://temporary-zippy-celesta-4cyc4ht.vercel.app/list-your-park?ref=bradley-outreach
Pineacres Mhp,(803) 648-5715,Aiken,SC,205 Duke Drive,29801,Aiken,"Hi, Bradley with Tread Companies / Trailer Parks calling about Pineacres Mhp in Aiken. Free marketplace for park owners — $0 listing fee, $0 success fee. Brokers take ~6%. We've operated 4,000+ spaces. Can I text the link?",Bradley @ Tread Companies / Trailer Parks re Pineacres Mhp (Aiken). Free owner marketplace — $0 fees. List in 2 min: https://temporary-zippy-celesta-4cyc4ht.vercel.app/list-your-park?ref=bradley-outreach,https://temporary-zippy-celesta-4cyc4ht.vercel.app/list-your-park?ref=bradley-outreach
S & H Mhp,(803) 652-3449,Aiken,SC,5066 Whiskey Road,29803,Aiken,"Hi, Bradley with Tread Companies / Trailer Parks calling about S & H Mhp in Aiken. Free marketplace for park owners — $0 listing fee, $0 success fee. Brokers take ~6%. We've operated 4,000+ spaces. Can I text the link?",Bradley @ Tread Companies / Trailer Parks re S & H Mhp (Aiken). Free owner marketplace — $0 fees. List in 2 min: https://temporary-zippy-celesta-4cyc4ht.vercel.app/list-your-park?ref=bradley-outreach,https://temporary-zippy-celesta-4cyc4ht.vercel.app/list-your-park?ref=bradley-outreach
Skyview Mhp,(803) 652-3408,Aiken,SC,441 Dry Branch Road,29803,Aiken,"Hi, Bradley with Tread Companies / Trailer Parks calling about Skyview Mhp in Aiken. Free marketplace for park owners — $0 listing fee, $0 success fee. Brokers take ~6%. We've operated 4,000+ spaces. Can I text the link?",Bradley @ Tread Companies / Trailer Parks re Skyview Mhp (Aiken). Free owner marketplace — $0 fees. List in 2 min: https://temporary-zippy-celesta-4cyc4ht.vercel.app/list-your-park?ref=bradley-outreach,https://temporary-zippy-celesta-4cyc4ht.vercel.app/list-your-park?ref=bradley-outreach
Hermitage Farms Mhp,(803) 432-7221,Camden,SC,175 Precipice Road,29020,Kershaw,"Hi, Bradley with Tread Companies / Trailer Parks calling about Hermitage Farms Mhp in Camden. Free marketplace for park owners — $0 listing fee, $0 success fee. Brokers take ~6%. We've operated 4,000+ spaces. Can I text the link?",Bradley @ Tread Companies / Trailer Parks re Hermitage Farms Mhp (Camden). Free owner marketplace — $0 fees. List in 2 min: https://temporary-zippy-celesta-4cyc4ht.vercel.app/list-your-park?ref=bradley-outreach,https://temporary-zippy-celesta-4cyc4ht.vercel.app/list-your-park?ref=bradley-outreach
Smith'S Mhp,(803) 432-6529,Camden,SC,595 Black River Road,29020,Kershaw,"Hi, Bradley with Tread Companies / Trailer Parks calling about Smith'S Mhp in Camden. Free marketplace for park owners — $0 listing fee, $0 success fee. Brokers take ~6%. We've operated 4,000+ spaces. Can I text the link?",Bradley @ Tread Companies / Trailer Parks re Smith'S Mhp (Camden). Free owner marketplace — $0 fees. List in 2 min: https://temporary-zippy-celesta-4cyc4ht.vercel.app/list-your-park?ref=bradley-outreach,https://temporary-zippy-celesta-4cyc4ht.vercel.app/list-your-park?ref=bradley-outreach
Cedar Valley Mhp,(803) 329-3778,Catawba,SC,719 Cedar Valley Road,29704,York,"Hi, Bradley with Tread Companies / Trailer Parks calling about Cedar Valley Mhp in Catawba. Free marketplace for park owners — $0 listing fee, $0 success fee. Brokers take ~6%. We've operated 4,000+ spaces. Can I text the link?",Bradley @ Tread Companies / Trailer Parks re Cedar Valley Mhp (Catawba). Free owner marketplace — $0 fees. List in 2 min: https://temporary-zippy-celesta-4cyc4ht.vercel.app/list-your-park?ref=bradley-outreach,https://temporary-zippy-celesta-4cyc4ht.vercel.app/list-your-park?ref=bradley-outreach
Westwood Mhp,(803) 794-4004,Cayce,SC,2300 Charleston Highway,29033,Lexington,"Hi, Bradley with Tread Companies / Trailer Parks calling about Westwood Mhp in Cayce. Free marketplace for park owners — $0 listing fee, $0 success fee. Brokers take ~6%. We've operated 4,000+ spaces. Can I text the link?",Bradley @ Tread Companies / Trailer Parks re Westwood Mhp (Cayce). Free owner marketplace — $0 fees. List in 2 min: https://temporary-zippy-celesta-4cyc4ht.vercel.app/list-your-park?ref=bradley-outreach,https://temporary-zippy-celesta-4cyc4ht.vercel.app/list-your-park?ref=bradley-outreach
Americana Mhp Inc,(803) 766-3241,Charleston,SC,1800 Freedom Drive,29414,Charleston,"Hi, Bradley with Tread Companies / Trailer Parks calling about Americana Mhp Inc in Charleston. Free marketplace for park owners — $0 listing fee, $0 success fee. Brokers take ~6%. We've operated 4,000+ spaces. Can I text the link?",Bradley @ Tread Companies / Trailer Parks re Americana Mhp Inc (Charleston). Free owner marketplace — $0 fees. List in 2 min: https://temporary-zippy-celesta-4cyc4ht.vercel.app/list-your-park?ref=bradley-outreach,https://temporary-zippy-celesta-4cyc4ht.vercel.app/list-your-park?ref=bradley-outreach
Ashley Arbor Mhp,(803) 553-5933,Charleston,SC,2900 North Oakridge Circle,29420,Charleston,"Hi, Bradley with Tread Companies / Trailer Parks calling about Ashley Arbor Mhp in Charleston. Free marketplace for park owners — $0 listing fee, $0 success fee. Brokers take ~6%. We've operated 4,000+ spaces. Can I text the link?",Bradley @ Tread Companies / Trailer Parks re Ashley Arbor Mhp (Charleston). Free owner marketplace — $0 fees. List in 2 min: https://temporary-zippy-celesta-4cyc4ht.vercel.app/list-your-park?ref=bradley-outreach,https://temporary-zippy-celesta-4cyc4ht.vercel.app/list-your-park?ref=bradley-outreach
Saddlebrook Mhp,(843) 552-6194,Charleston,SC,8401 East Saddlebrook Drive,29420,Dorchester,"Hi, Bradley with Tread Companies / Trailer Parks calling about Saddlebrook Mhp in Charleston. Free marketplace for park owners — $0 listing fee, $0 success fee. Brokers take ~6%. We've operated 4,000+ spaces. Can I text the link?",Bradley @ Tread Companies / Trailer Parks re Saddlebrook Mhp (Charleston). Free owner marketplace — $0 fees. List in 2 min: https://temporary-zippy-celesta-4cyc4ht.vercel.app/list-your-park?ref=bradley-outreach,https://temporary-zippy-celesta-4cyc4ht.vercel.app/list-your-park?ref=bradley-outreach
Sherwood Mhp,(843) 553-1900,Charleston,SC,2215 Hayne Street,29406,Charleston,"Hi, Bradley with Tread Companies / Trailer Parks calling about Sherwood Mhp in Charleston. Free marketplace for park owners — $0 listing fee, $0 success fee. Brokers take ~6%. We've operated 4,000+ spaces. Can I text the link?",Bradley @ Tread Companies / Trailer Parks re Sherwood Mhp (Charleston). Free owner marketplace — $0 fees. List in 2 min: https://temporary-zippy-celesta-4cyc4ht.vercel.app/list-your-park?ref=bradley-outreach,https://temporary-zippy-celesta-4cyc4ht.vercel.app/list-your-park?ref=bradley-outreach
Trailmore Park,(843) 556-1642,Charleston,SC,1528 Trailee Drive,29407,Charleston,"Hi, Bradley with Tread Companies / Trailer Parks calling about Trailmore Park in Charleston. Free marketplace for park owners — $0 listing fee, $0 success fee. Brokers take ~6%. We've operated 4,000+ spaces. Can I text the link?",Bradley @ Tread Companies / Trailer Parks re Trailmore Park (Charleston). Free owner marketplace — $0 fees. List in 2 min: https://temporary-zippy-celesta-4cyc4ht.vercel.app/list-your-park?ref=bradley-outreach,https://temporary-zippy-celesta-4cyc4ht.vercel.app/list-your-park?ref=bradley-outreach
Waterway Mhp,(843) 249-1821,Cherry Grove Beach,SC,1423 Circle Drive South,29582,Horry,"Hi, Bradley with Tread Companies / Trailer Parks calling about Waterway Mhp in Cherry Grove Beach. Free marketplace for park owners — $0 listing fee, $0 success fee. Brokers take ~6%. We've operated 4,000+ spaces. Can I text the link?",Bradley @ Tread Companies / Trailer Parks re Waterway Mhp (Cherry Grove Beach). Free owner marketplace — $0 fees. List in 2 min: https://temporary-zippy-celesta-4cyc4ht.vercel.app/list-your-park?ref=bradley-outreach,https://temporary-zippy-celesta-4cyc4ht.vercel.app/list-your-park?ref=bradley-outreach
Maureen'S Mhp,(803) 222-9011,Clover,SC,711 O'Brien Road,29710,York,"Hi, Bradley with Tread Companies / Trailer Parks calling about Maureen'S Mhp in Clover. Free marketplace for park owners — $0 listing fee, $0 success fee. Brokers take ~6%. We've operated 4,000+ spaces. Can I text the link?",Bradley @ Tread Companies / Trailer Parks re Maureen'S Mhp (Clover). Free owner marketplace — $0 fees. List in 2 min: https://temporary-zippy-celesta-4cyc4ht.vercel.app/list-your-park?ref=bradley-outreach,https://temporary-zippy-celesta-4cyc4ht.vercel.app/list-your-park?ref=bradley-outreach
Alpine Regency Mobile Home Park,(803) 788-9300,Columbia,SC,2928 Alpine Road,29223,Richland,"Hi, Bradley with Tread Companies / Trailer Parks calling about Alpine Regency Mobile Home Park in Columbia. Free marketplace for park owners — $0 listing fee, $0 success fee. Brokers take ~6%. We've operated 4,000+ spaces. Can I text the link?",Bradley @ Tread Companies / Trailer Parks re Alpine Regency Mobile Home Park (Columbia). Free owner marketplace — $0 fees. List in 2 min: https://temporary-zippy-celesta-4cyc4ht.vercel.app/list-your-park?ref=bradley-outreach,https://temporary-zippy-celesta-4cyc4ht.vercel.app/list-your-park?ref=bradley-outreach
Chateau Forest Mobile Home,(803) 252-8080,Columbia,SC,1400 Bella Vista Drive,29223,Richland,"Hi, Bradley with Tread Companies / Trailer Parks calling about Chateau Forest Mobile Home in Columbia. Free marketplace for park owners — $0 listing fee, $0 success fee. Brokers take ~6%. We've operated 4,000+ spaces. Can I text the link?",Bradley @ Tread Companies / Trailer Parks re Chateau Forest Mobile Home (Columbia). Free owner marketplace — $0 fees. List in 2 min: https://temporary-zippy-celesta-4cyc4ht.vercel.app/list-your-park?ref=bradley-outreach,https://temporary-zippy-celesta-4cyc4ht.vercel.app/list-your-park?ref=bradley-outreach
Columbia Mall Mhp,(803) 754-8640,Columbia,SC,6317 Shakespeare Road,29223,Richland,"Hi, Bradley with Tread Companies / Trailer Parks calling about Columbia Mall Mhp in Columbia. Free marketplace for park owners — $0 listing fee, $0 success fee. Brokers take ~6%. We've operated 4,000+ spaces. Can I text the link?",Bradley @ Tread Companies / Trailer Parks re Columbia Mall Mhp (Columbia). Free owner marketplace — $0 fees. List in 2 min: https://temporary-zippy-celesta-4cyc4ht.vercel.app/list-your-park?ref=bradley-outreach,https://temporary-zippy-celesta-4cyc4ht.vercel.app/list-your-park?ref=bradley-outreach
Hunt Club Forest,(803) 788-6711,Columbia,SC,7201 Hunt Club Road,29223,Richland,"Hi, Bradley with Tread Companies / Trailer Parks calling about Hunt Club Forest in Columbia. Free marketplace for park owners — $0 listing fee, $0 success fee. Brokers take ~6%. We've operated 4,000+ spaces. Can I text the link?",Bradley @ Tread Companies / Trailer Parks re Hunt Club Forest (Columbia). Free owner marketplace — $0 fees. List in 2 min: https://temporary-zippy-celesta-4cyc4ht.vercel.app/list-your-park?ref=bradley-outreach,https://temporary-zippy-celesta-4cyc4ht.vercel.app/list-your-park?ref=bradley-outreach
K K Martin Mhp,(803) 738-1884,Columbia,SC,1535 Brookhirst Court,29223,Richland,"Hi, Bradley with Tread Companies / Trailer Parks calling about K K Martin Mhp in Columbia. Free marketplace for park owners — $0 listing fee, $0 success fee. Brokers take ~6%. We've operated 4,000+ spaces. Can I text the link?",Bradley @ Tread Companies / Trailer Parks re K K Martin Mhp (Columbia). Free owner marketplace — $0 fees. List in 2 min: https://temporary-zippy-celesta-4cyc4ht.vercel.app/list-your-park?ref=bradley-outreach,https://temporary-zippy-celesta-4cyc4ht.vercel.app/list-your-park?ref=bradley-outreach
Lakewood Mhp Inc,(803) 788-2487,Columbia,SC,3509 Percival Road,29223,Richland,"Hi, Bradley with Tread Companies / Trailer Parks calling about Lakewood Mhp Inc in Columbia. Free marketplace for park owners — $0 listing fee, $0 success fee. Brokers take ~6%. We've operated 4,000+ spaces. Can I text the link?",Bradley @ Tread Companies / Trailer Parks re Lakewood Mhp Inc (Columbia). Free owner marketplace — $0 fees. List in 2 min: https://temporary-zippy-celesta-4cyc4ht.vercel.app/list-your-park?ref=bradley-outreach,https://temporary-zippy-celesta-4cyc4ht.vercel.app/list-your-park?ref=bradley-outreach
North Gate Park,(803) 788-1930,Columbia,SC,8565 Old Percival Road,29223,Richland,"Hi, Bradley with Tread Companies / Trailer Parks calling about North Gate Park in Columbia. Free marketplace for park owners — $0 listing fee, $0 success fee. Brokers take ~6%. We've operated 4,000+ spaces. Can I text the link?",Bradley @ Tread Companies / Trailer Parks re North Gate Park (Columbia). Free owner marketplace — $0 fees. List in 2 min: https://temporary-zippy-celesta-4cyc4ht.vercel.app/list-your-park?ref=bradley-outreach,https://temporary-zippy-celesta-4cyc4ht.vercel.app/list-your-park?ref=bradley-outreach
Palmetto Palms Mhp,(803) 754-9275,Columbia,SC,9401 Wilson Boulevard,29203,Richland,"Hi, Bradley with Tread Companies / Trailer Parks calling about Palmetto Palms Mhp in Columbia. Free marketplace for park owners — $0 listing fee, $0 success fee. Brokers take ~6%. We've operated 4,000+ spaces. Can I text the link?",Bradley @ Tread Companies / Trailer Parks re Palmetto Palms Mhp (Columbia). Free owner marketplace — $0 fees. List in 2 min: https://temporary-zippy-celesta-4cyc4ht.vercel.app/list-your-park?ref=bradley-outreach,https://temporary-zippy-celesta-4cyc4ht.vercel.app/list-your-park?ref=bradley-outreach
Pine Valley Community,(803) 736-9955,Columbia,SC,705 Ross Road,29223,Richland,"Hi, Bradley with Tread Companies / Trailer Parks calling about Pine Valley Community in Columbia. Free marketplace for park owners — $0 listing fee, $0 success fee. Brokers take ~6%. We've operated 4,000+ spaces. Can I text the link?",Bradley @ Tread Companies / Trailer Parks re Pine Valley Community (Columbia). Free owner marketplace — $0 fees. List in 2 min: https://temporary-zippy-celesta-4cyc4ht.vercel.app/list-your-park?ref=bradley-outreach,https://temporary-zippy-celesta-4cyc4ht.vercel.app/list-your-park?ref=bradley-outreach
Sandy Hill Mhp,(803) 736-1893,Columbia,SC,8489 Old Percival Road,29223,Richland,"Hi, Bradley with Tread Companies / Trailer Parks calling about Sandy Hill Mhp in Columbia. Free marketplace for park owners — $0 listing fee, $0 success fee. Brokers take ~6%. We've operated 4,000+ spaces. Can I text the link?",Bradley @ Tread Companies / Trailer Parks re Sandy Hill Mhp (Columbia). Free owner marketplace — $0 fees. List in 2 min: https://temporary-zippy-celesta-4cyc4ht.vercel.app/list-your-park?ref=bradley-outreach,https://temporary-zippy-celesta-4cyc4ht.vercel.app/list-your-park?ref=bradley-outreach
Spring Valley Mobile Home Community,(803) 788-3374,Columbia,SC,3615 Percival Road #140,29223,Richland,"Hi, Bradley with Tread Companies / Trailer Parks calling about Spring Valley Mobile Home Community in Columbia. Free marketplace for park owners — $0 listing fee, $0 success fee. Brokers take ~6%. We've operated 4,000+ spaces. Can I text the link?",Bradley @ Tread Companies / Trailer Parks re Spring Valley Mobile Home Community (Columbia). Free owner marketplace — $0 fees. List in 2 min: https://temporary-zippy-celesta-4cyc4ht.vercel.app/list-your-park?ref=bradley-outreach,https://temporary-zippy-celesta-4cyc4ht.vercel.app/list-your-park?ref=bradley-outreach
Winsor Valley Rental Community,(803) 736-1410,Columbia,SC,2240 Faraway Drive,29223,Richland,"Hi, Bradley with Tread Companies / Trailer Parks calling about Winsor Valley Rental Community in Columbia. Free marketplace for park owners — $0 listing fee, $0 success fee. Brokers take ~6%. We've operated 4,000+ spaces. Can I text the link?",Bradley @ Tread Companies / Trailer Parks re Winsor Valley Rental Community (Columbia). Free owner marketplace — $0 fees. List in 2 min: https://temporary-zippy-celesta-4cyc4ht.vercel.app/list-your-park?ref=bradley-outreach,https://temporary-zippy-celesta-4cyc4ht.vercel.app/list-your-park?ref=bradley-outreach
Brown'S Mhp,(803) 365-5246,Conway,SC,4325 Highway 501 West,29526,Horry,"Hi, Bradley with Tread Companies / Trailer Parks calling about Brown'S Mhp in Conway. Free marketplace for park owners — $0 listing fee, $0 success fee. Brokers take ~6%. We've operated 4,000+ spaces. Can I text the link?",Bradley @ Tread Companies / Trailer Parks re Brown'S Mhp (Conway). Free owner marketplace — $0 fees. List in 2 min: https://temporary-zippy-celesta-4cyc4ht.vercel.app/list-your-park?ref=bradley-outreach,https://temporary-zippy-celesta-4cyc4ht.vercel.app/list-your-park?ref=bradley-outreach
Conway Plantation Community,(843) 347-2828,Conway,SC,903 Old Magnolia Drive,29526,Horry,"Hi, Bradley with Tread Companies / Trailer Parks calling about Conway Plantation Community in Conway. Free marketplace for park owners — $0 listing fee, $0 success fee. Brokers take ~6%. We've operated 4,000+ spaces. Can I text the link?",Bradley @ Tread Companies / Trailer Parks re Conway Plantation Community (Conway). Free owner marketplace — $0 fees. List in 2 min: https://temporary-zippy-celesta-4cyc4ht.vercel.app/list-your-park?ref=bradley-outreach,https://temporary-zippy-celesta-4cyc4ht.vercel.app/list-your-park?ref=bradley-outreach
Crossroads Mobile Home Village,(803) 347-1133,Conway,SC,1124 West Cox Ferry Road,29526,Horry,"Hi, Bradley with Tread Companies / Trailer Parks calling about Crossroads Mobile Home Village in Conway. Free marketplace for park owners — $0 listing fee, $0 success fee. Brokers take ~6%. We've operated 4,000+ spaces. Can I text the link?",Bradley @ Tread Companies / Trailer Parks re Crossroads Mobile Home Village (Conway). Free owner marketplace — $0 fees. List in 2 min: https://temporary-zippy-celesta-4cyc4ht.vercel.app/list-your-park?ref=bradley-outreach,https://temporary-zippy-celesta-4cyc4ht.vercel.app/list-your-park?ref=bradley-outreach
Greenwood Estates,(803) 397-3060,Conway,SC,2151 Dearwood Lane,29527,Horry,"Hi, Bradley with Tread Companies / Trailer Parks calling about Greenwood Estates in Conway. Free marketplace for park owners — $0 listing fee, $0 success fee. Brokers take ~6%. We've operated 4,000+ spaces. Can I text the link?",Bradley @ Tread Companies / Trailer Parks re Greenwood Estates (Conway). Free owner marketplace — $0 fees. List in 2 min: https://temporary-zippy-celesta-4cyc4ht.vercel.app/list-your-park?ref=bradley-outreach,https://temporary-zippy-celesta-4cyc4ht.vercel.app/list-your-park?ref=bradley-outreach
Hardwick'S Mhp,(803) 397-3165,Conway,SC,4800 Pauley Swamp Road,29527,Horry,"Hi, Bradley with Tread Companies / Trailer Parks calling about Hardwick'S Mhp in Conway. Free marketplace for park owners — $0 listing fee, $0 success fee. Brokers take ~6%. We've operated 4,000+ spaces. Can I text the link?",Bradley @ Tread Companies / Trailer Parks re Hardwick'S Mhp (Conway). Free owner marketplace — $0 fees. List in 2 min: https://temporary-zippy-celesta-4cyc4ht.vercel.app/list-your-park?ref=bradley-outreach,https://temporary-zippy-celesta-4cyc4ht.vercel.app/list-your-park?ref=bradley-outreach
Inland Village Mhp,(803) 347-7733,Conway,SC,1094 Highway 501 East,29526,Horry,"Hi, Bradley with Tread Companies / Trailer Parks calling about Inland Village Mhp in Conway. Free marketplace for park owners — $0 listing fee, $0 success fee. Brokers take ~6%. We've operated 4,000+ spaces. Can I text the link?",Bradley @ Tread Companies / Trailer Parks re Inland Village Mhp (Conway). Free owner marketplace — $0 fees. List in 2 min: https://temporary-zippy-celesta-4cyc4ht.vercel.app/list-your-park?ref=bradley-outreach,https://temporary-zippy-celesta-4cyc4ht.vercel.app/list-your-park?ref=bradley-outreach
Maple Lane Mobile Home Court,(803) 397-6304,Conway,SC,4005 Highway 701 South,29527,Horry,"Hi, Bradley with Tread Companies / Trailer Parks calling about Maple Lane Mobile Home Court in Conway. Free marketplace for park owners — $0 listing fee, $0 success fee. Brokers take ~6%. We've operated 4,000+ spaces. Can I text the link?",Bradley @ Tread Companies / Trailer Parks re Maple Lane Mobile Home Court (Conway). Free owner marketplace — $0 fees. List in 2 min: https://temporary-zippy-celesta-4cyc4ht.vercel.app/list-your-park?ref=bradley-outreach,https://temporary-zippy-celesta-4cyc4ht.vercel.app/list-your-park?ref=bradley-outreach
Martinfield Plantation,(843) 397-1800,Conway,SC,Hwy 29/135 Brownsway Shortcut Rd,29527,Horry,"Hi, Bradley with Tread Companies / Trailer Parks calling about Martinfield Plantation in Conway. Free marketplace for park owners — $0 listing fee, $0 success fee. Brokers take ~6%. We've operated 4,000+ spaces. Can I text the link?",Bradley @ Tread Companies / Trailer Parks re Martinfield Plantation (Conway). Free owner marketplace — $0 fees. List in 2 min: https://temporary-zippy-celesta-4cyc4ht.vercel.app/list-your-park?ref=bradley-outreach,https://temporary-zippy-celesta-4cyc4ht.vercel.app/list-your-park?ref=bradley-outreach
Old Farm Mobile Home Village,(803) 365-1755,Conway,SC,236 Landmark Road,29527,Horry,"Hi, Bradley with Tread Companies / Trailer Parks calling about Old Farm Mobile Home Village in Conway. Free marketplace for park owners — $0 listing fee, $0 success fee. Brokers take ~6%. We've operated 4,000+ spaces. Can I text the link?",Bradley @ Tread Companies / Trailer Parks re Old Farm Mobile Home Village (Conway). Free owner marketplace — $0 fees. List in 2 min: https://temporary-zippy-celesta-4cyc4ht.vercel.app/list-your-park?ref=bradley-outreach,https://temporary-zippy-celesta-4cyc4ht.vercel.app/list-your-park?ref=bradley-outreach
Pine Grove Estates,(803) 365-3335,Conway,SC,5217 Rush Road,29526,Horry,"Hi, Bradley with Tread Companies / Trailer Parks calling about Pine Grove Estates in Conway. Free marketplace for park owners — $0 listing fee, $0 success fee. Brokers take ~6%. We've operated 4,000+ spaces. Can I text the link?",Bradley @ Tread Companies / Trailer Parks re Pine Grove Estates (Conway). Free owner marketplace — $0 fees. List in 2 min: https://temporary-zippy-celesta-4cyc4ht.vercel.app/list-your-park?ref=bradley-outreach,https://temporary-zippy-celesta-4cyc4ht.vercel.app/list-your-park?ref=bradley-outreach
Saddlebrook Mobile Home Estates,(803) 365-4624,Conway,SC,4982 Highway 701 North,29526,Horry,"Hi, Bradley with Tread Companies / Trailer Parks calling about Saddlebrook Mobile Home Estates in Conway. Free marketplace for park owners — $0 listing fee, $0 success fee. Brokers take ~6%. We've operated 4,000+ spaces. Can I text the link?",Bradley @ Tread Companies / Trailer Parks re Saddlebrook Mobile Home Estates (Conway). Free owner marketplace — $0 fees. List in 2 min: https://temporary-zippy-celesta-4cyc4ht.vercel.app/list-your-park?ref=bradley-outreach,https://temporary-zippy-celesta-4cyc4ht.vercel.app/list-your-park?ref=bradley-outreach
Turkey Ridge Home Community,(803) 397-8716,Conway,SC,5874 Dongola Highway,29527,Horry,"Hi, Bradley with Tread Companies / Trailer Parks calling about Turkey Ridge Home Community in Conway. Free marketplace for park owners — $0 listing fee, $0 success fee. Brokers take ~6%. We've operated 4,000+ spaces. Can I text the link?",Bradley @ Tread Companies / Trailer Parks re Turkey Ridge Home Community (Conway). Free owner marketplace — $0 fees. List in 2 min: https://temporary-zippy-celesta-4cyc4ht.vercel.app/list-your-park?ref=bradley-outreach,https://temporary-zippy-celesta-4cyc4ht.vercel.app/list-your-park?ref=bradley-outreach
Waccamaw Bend Mhp,(803) 397-3897,Conway,SC,3809 Highway 701 South,29527,Horry,"Hi, Bradley with Tread Companies / Trailer Parks calling about Waccamaw Bend Mhp in Conway. Free marketplace for park owners — $0 listing fee, $0 success fee. Brokers take ~6%. We've operated 4,000+ spaces. Can I text the link?",Bradley @ Tread Companies / Trailer Parks re Waccamaw Bend Mhp (Conway). Free owner marketplace — $0 fees. List in 2 min: https://temporary-zippy-celesta-4cyc4ht.vercel.app/list-your-park?ref=bradley-outreach,https://temporary-zippy-celesta-4cyc4ht.vercel.app/list-your-park?ref=bradley-outreach
Williamson'S Mhp,(803) 365-2433,Conway,SC,1981 Highway 905,29526,Horry,"Hi, Bradley with Tread Companies / Trailer Parks calling about Williamson'S Mhp in Conway. Free marketplace for park owners — $0 listing fee, $0 success fee. Brokers take ~6%. We've operated 4,000+ spaces. Can I text the link?",Bradley @ Tread Companies / Trailer Parks re Williamson'S Mhp (Conway). Free owner marketplace — $0 fees. List in 2 min: https://temporary-zippy-celesta-4cyc4ht.vercel.app/list-your-park?ref=bradley-outreach,https://temporary-zippy-celesta-4cyc4ht.vercel.app/list-your-park?ref=bradley-outreach
Pineview Mhp,(803) 534-8776,Cordova,SC,102 Raven Road,29039,Orangeburg,"Hi, Bradley with Tread Companies / Trailer Parks calling about Pineview Mhp in Cordova. Free marketplace for park owners — $0 listing fee, $0 success fee. Brokers take ~6%. We've operated 4,000+ spaces. Can I text the link?",Bradley @ Tread Companies / Trailer Parks re Pineview Mhp (Cordova). Free owner marketplace — $0 fees. List in 2 min: https://temporary-zippy-celesta-4cyc4ht.vercel.app/list-your-park?ref=bradley-outreach,https://temporary-zippy-celesta-4cyc4ht.vercel.app/list-your-park?ref=bradley-outreach
Frierson Mhp,(803) 499-9084,Dalzell,SC,3210 Starview Drive,29040,Sumter,"Hi, Bradley with Tread Companies / Trailer Parks calling about Frierson Mhp in Dalzell. Free marketplace for park owners — $0 listing fee, $0 success fee. Brokers take ~6%. We've operated 4,000+ spaces. Can I text the link?",Bradley @ Tread Companies / Trailer Parks re Frierson Mhp (Dalzell). Free owner marketplace — $0 fees. List in 2 min: https://temporary-zippy-celesta-4cyc4ht.vercel.app/list-your-park?ref=bradley-outreach,https://temporary-zippy-celesta-4cyc4ht.vercel.app/list-your-park?ref=bradley-outreach
Plantations Parks,(803) 395-1182,Darlington,SC,1500 Harry Byrd Highway,29532,Darlington,"Hi, Bradley with Tread Companies / Trailer Parks calling about Plantations Parks in Darlington. Free marketplace for park owners — $0 listing fee, $0 success fee. Brokers take ~6%. We've operated 4,000+ spaces. Can I text the link?",Bradley @ Tread Companies / Trailer Parks re Plantations Parks (Darlington). Free owner marketplace — $0 fees. List in 2 min: https://temporary-zippy-celesta-4cyc4ht.vercel.app/list-your-park?ref=bradley-outreach,https://temporary-zippy-celesta-4cyc4ht.vercel.app/list-your-park?ref=bradley-outreach
Galloway Rentals,(864) 850-0903,Easley,SC,1627 Gentry Memorial Highway,29640,Pickens,"Hi, Bradley with Tread Companies / Trailer Parks calling about Galloway Rentals in Easley. Free marketplace for park owners — $0 listing fee, $0 success fee. Brokers take ~6%. We've operated 4,000+ spaces. Can I text the link?",Bradley @ Tread Companies / Trailer Parks re Galloway Rentals (Easley). Free owner marketplace — $0 fees. List in 2 min: https://temporary-zippy-celesta-4cyc4ht.vercel.app/list-your-park?ref=bradley-outreach,https://temporary-zippy-celesta-4cyc4ht.vercel.app/list-your-park?ref=bradley-outreach
Oakbrook Mobile Villa,(864) 269-0236,Easley,SC,4001 Saluda Dam Road,29640,Pickens,"Hi, Bradley with Tread Companies / Trailer Parks calling about Oakbrook Mobile Villa in Easley. Free marketplace for park owners — $0 listing fee, $0 success fee. Brokers take ~6%. We've operated 4,000+ spaces. Can I text the link?",Bradley @ Tread Companies / Trailer Parks re Oakbrook Mobile Villa (Easley). Free owner marketplace — $0 fees. List in 2 min: https://temporary-zippy-celesta-4cyc4ht.vercel.app/list-your-park?ref=bradley-outreach,https://temporary-zippy-celesta-4cyc4ht.vercel.app/list-your-park?ref=bradley-outreach
Southeastern Properties,(864) 859-1587,Easley,SC,126 Shangrila Drive,29640,Pickens,"Hi, Bradley with Tread Companies / Trailer Parks calling about Southeastern Properties in Easley. Free marketplace for park owners — $0 listing fee, $0 success fee. Brokers take ~6%. We've operated 4,000+ spaces. Can I text the link?",Bradley @ Tread Companies / Trailer Parks re Southeastern Properties (Easley). Free owner marketplace — $0 fees. List in 2 min: https://temporary-zippy-celesta-4cyc4ht.vercel.app/list-your-park?ref=bradley-outreach,https://temporary-zippy-celesta-4cyc4ht.vercel.app/list-your-park?ref=bradley-outreach
Cedar Creek Mhp,(803) 776-2120,Eastover,SC,10001 Garners Ferry Road,29044,Richland,"Hi, Bradley with Tread Companies / Trailer Parks calling about Cedar Creek Mhp in Eastover. Free marketplace for park owners — $0 listing fee, $0 success fee. Brokers take ~6%. We've operated 4,000+ spaces. Can I text the link?",Bradley @ Tread Companies / Trailer Parks re Cedar Creek Mhp (Eastover). Free owner marketplace — $0 fees. List in 2 min: https://temporary-zippy-celesta-4cyc4ht.vercel.app/list-your-park?ref=bradley-outreach,https://temporary-zippy-celesta-4cyc4ht.vercel.app/list-your-park?ref=bradley-outreach
Freeway Mhp,(803) 788-0123,Elgin,SC,1100 Sandy Oaks Road,29045,Richland,"Hi, Bradley with Tread Companies / Trailer Parks calling about Freeway Mhp in Elgin. Free marketplace for park owners — $0 listing fee, $0 success fee. Brokers take ~6%. We've operated 4,000+ spaces. Can I text the link?",Bradley @ Tread Companies / Trailer Parks re Freeway Mhp (Elgin). Free owner marketplace — $0 fees. List in 2 min: https://temporary-zippy-celesta-4cyc4ht.vercel.app/list-your-park?ref=bradley-outreach,https://temporary-zippy-celesta-4cyc4ht.vercel.app/list-your-park?ref=bradley-outreach
Hacienda Mobile Home Estates,(803) 788-2499,Elgin,SC,108 Sandy Haven Drive,29045,Richland,"Hi, Bradley with Tread Companies / Trailer Parks calling about Hacienda Mobile Home Estates in Elgin. Free marketplace for park owners — $0 listing fee, $0 success fee. Brokers take ~6%. We've operated 4,000+ spaces. Can I text the link?",Bradley @ Tread Companies / Trailer Parks re Hacienda Mobile Home Estates (Elgin). Free owner marketplace — $0 fees. List in 2 min: https://temporary-zippy-celesta-4cyc4ht.vercel.app/list-your-park?ref=bradley-outreach,https://temporary-zippy-celesta-4cyc4ht.vercel.app/list-your-park?ref=bradley-outreach
American Mobile Home Court,(803) 662-3457,Florence,SC,1210 East National Cemetery Road,29506,Florence,"Hi, Bradley with Tread Companies / Trailer Parks calling about American Mobile Home Court in Florence. Free marketplace for park owners — $0 listing fee, $0 success fee. Brokers take ~6%. We've operated 4,000+ spaces. Can I text the link?",Bradley @ Tread Companies / Trailer Parks re American Mobile Home Court (Florence). Free owner marketplace — $0 fees. List in 2 min: https://temporary-zippy-celesta-4cyc4ht.vercel.app/list-your-park?ref=bradley-outreach,https://temporary-zippy-celesta-4cyc4ht.vercel.app/list-your-park?ref=bradley-outreach
Cedar Terrace Mhp,(803) 662-8748,Florence,SC,3549 East National Cemetery Road,29506,Florence,"Hi, Bradley with Tread Companies / Trailer Parks calling about Cedar Terrace Mhp in Florence. Free marketplace for park owners — $0 listing fee, $0 success fee. Brokers take ~6%. We've operated 4,000+ spaces. Can I text the link?",Bradley @ Tread Companies / Trailer Parks re Cedar Terrace Mhp (Florence). Free owner marketplace — $0 fees. List in 2 min: https://temporary-zippy-celesta-4cyc4ht.vercel.app/list-your-park?ref=bradley-outreach,https://temporary-zippy-celesta-4cyc4ht.vercel.app/list-your-park?ref=bradley-outreach
Country Squire Mhp,(803) 662-3230,Florence,SC,2635 East Palmetto Street,29506,Florence,"Hi, Bradley with Tread Companies / Trailer Parks calling about Country Squire Mhp in Florence. Free marketplace for park owners — $0 listing fee, $0 success fee. Brokers take ~6%. We've operated 4,000+ spaces. Can I text the link?",Bradley @ Tread Companies / Trailer Parks re Country Squire Mhp (Florence). Free owner marketplace — $0 fees. List in 2 min: https://temporary-zippy-celesta-4cyc4ht.vercel.app/list-your-park?ref=bradley-outreach,https://temporary-zippy-celesta-4cyc4ht.vercel.app/list-your-park?ref=bradley-outreach
East Pine Mobile Court,(803) 662-4850,Florence,SC,4240 Pamplico Highway,29505,Florence,"Hi, Bradley with Tread Companies / Trailer Parks calling about East Pine Mobile Court in Florence. Free marketplace for park owners — $0 listing fee, $0 success fee. Brokers take ~6%. We've operated 4,000+ spaces. Can I text the link?",Bradley @ Tread Companies / Trailer Parks re East Pine Mobile Court (Florence). Free owner marketplace — $0 fees. List in 2 min: https://temporary-zippy-celesta-4cyc4ht.vercel.app/list-your-park?ref=bradley-outreach,https://temporary-zippy-celesta-4cyc4ht.vercel.app/list-your-park?ref=bradley-outreach
Park City Mobile Home Court,(803) 661-6098,Florence,SC,3100 South Oliver Drive,29505,Florence,"Hi, Bradley with Tread Companies / Trailer Parks calling about Park City Mobile Home Court in Florence. Free marketplace for park owners — $0 listing fee, $0 success fee. Brokers take ~6%. We've operated 4,000+ spaces. Can I text the link?",Bradley @ Tread Companies / Trailer Parks re Park City Mobile Home Court (Florence). Free owner marketplace — $0 fees. List in 2 min: https://temporary-zippy-celesta-4cyc4ht.vercel.app/list-your-park?ref=bradley-outreach,https://temporary-zippy-celesta-4cyc4ht.vercel.app/list-your-park?ref=bradley-outreach
Patriot Mhp,(803) 667-9797,Florence,SC,Old Wallace Gregg Road,29506,Florence,"Hi, Bradley with Tread Companies / Trailer Parks calling about Patriot Mhp in Florence. Free marketplace for park owners — $0 listing fee, $0 success fee. Brokers take ~6%. We've operated 4,000+ spaces. Can I text the link?",Bradley @ Tread Companies / Trailer Parks re Patriot Mhp (Florence). Free owner marketplace — $0 fees. List in 2 min: https://temporary-zippy-celesta-4cyc4ht.vercel.app/list-your-park?ref=bradley-outreach,https://temporary-zippy-celesta-4cyc4ht.vercel.app/list-your-park?ref=bradley-outreach
Village East Mhp,(803) 662-6674,Florence,SC,3639 East Palmetto Street,29506,Florence,"Hi, Bradley with Tread Companies / Trailer Parks calling about Village East Mhp in Florence. Free marketplace for park owners — $0 listing fee, $0 success fee. Brokers take ~6%. We've operated 4,000+ spaces. Can I text the link?",Bradley @ Tread Companies / Trailer Parks re Village East Mhp (Florence). Free owner marketplace — $0 fees. List in 2 min: https://temporary-zippy-celesta-4cyc4ht.vercel.app/list-your-park?ref=bradley-outreach,https://temporary-zippy-celesta-4cyc4ht.vercel.app/list-your-park?ref=bradley-outreach
W F Taylor Mhp,(803) 662-0910,Florence,SC,3575 East National Cemetary Road,29506,Florence,"Hi, Bradley with Tread Companies / Trailer Parks calling about W F Taylor Mhp in Florence. Free marketplace for park owners — $0 listing fee, $0 success fee. Brokers take ~6%. We've operated 4,000+ spaces. Can I text the link?",Bradley @ Tread Companies / Trailer Parks re W F Taylor Mhp (Florence). Free owner marketplace — $0 fees. List in 2 min: https://temporary-zippy-celesta-4cyc4ht.vercel.app/list-your-park?ref=bradley-outreach,https://temporary-zippy-celesta-4cyc4ht.vercel.app/list-your-park?ref=bradley-outreach
Twin Lakes Estate Mobile Park,(803) 548-0569,Fort Mill,SC,7001 Lakes Boulevard,29715,York,"Hi, Bradley with Tread Companies / Trailer Parks calling about Twin Lakes Estate Mobile Park in Fort Mill. Free marketplace for park owners — $0 listing fee, $0 success fee. Brokers take ~6%. We've operated 4,000+ spaces. Can I text the link?",Bradley @ Tread Companies / Trailer Parks re Twin Lakes Estate Mobile Park (Fort Mill). Free owner marketplace — $0 fees. List in 2 min: https://temporary-zippy-celesta-4cyc4ht.vercel.app/list-your-park?ref=bradley-outreach,https://temporary-zippy-celesta-4cyc4ht.vercel.app/list-your-park?ref=bradley-outreach
Fox Creek Mhp,(864) 862-1200,Fountain Inn,SC,311 Chapman Road,29644,Laurens,"Hi, Bradley with Tread Companies / Trailer Parks calling about Fox Creek Mhp in Fountain Inn. Free marketplace for park owners — $0 listing fee, $0 success fee. Brokers take ~6%. We've operated 4,000+ spaces. Can I text the link?",Bradley @ Tread Companies / Trailer Parks re Fox Creek Mhp (Fountain Inn). Free owner marketplace — $0 fees. List in 2 min: https://temporary-zippy-celesta-4cyc4ht.vercel.app/list-your-park?ref=bradley-outreach,https://temporary-zippy-celesta-4cyc4ht.vercel.app/list-your-park?ref=bradley-outreach
Gaston Mobile Home Community,(803) 252-0009,Gaston,SC,928 Mack Street,29053,Lexington,"Hi, Bradley with Tread Companies / Trailer Parks calling about Gaston Mobile Home Community in Gaston. Free marketplace for park owners — $0 listing fee, $0 success fee. Brokers take ~6%. We've operated 4,000+ spaces. Can I text the link?",Bradley @ Tread Companies / Trailer Parks re Gaston Mobile Home Community (Gaston). Free owner marketplace — $0 fees. List in 2 min: https://temporary-zippy-celesta-4cyc4ht.vercel.app/list-your-park?ref=bradley-outreach,https://temporary-zippy-celesta-4cyc4ht.vercel.app/list-your-park?ref=bradley-outreach
Harmony Hills Mhp,(803) 527-2228,Georgetown,SC,212 Harmony Hills Drive,29440,Georgetown,"Hi, Bradley with Tread Companies / Trailer Parks calling about Harmony Hills Mhp in Georgetown. Free marketplace for park owners — $0 listing fee, $0 success fee. Brokers take ~6%. We've operated 4,000+ spaces. Can I text the link?",Bradley @ Tread Companies / Trailer Parks re Harmony Hills Mhp (Georgetown). Free owner marketplace — $0 fees. List in 2 min: https://temporary-zippy-celesta-4cyc4ht.vercel.app/list-your-park?ref=bradley-outreach,https://temporary-zippy-celesta-4cyc4ht.vercel.app/list-your-park?ref=bradley-outreach
Birch Hollow Mhp,(803) 797-7139,Goose Creek,SC,101 Bayboro Circle,29445,Berkeley,"Hi, Bradley with Tread Companies / Trailer Parks calling about Birch Hollow Mhp in Goose Creek. Free marketplace for park owners — $0 listing fee, $0 success fee. Brokers take ~6%. We've operated 4,000+ spaces. Can I text the link?",Bradley @ Tread Companies / Trailer Parks re Birch Hollow Mhp (Goose Creek). Free owner marketplace — $0 fees. List in 2 min: https://temporary-zippy-celesta-4cyc4ht.vercel.app/list-your-park?ref=bradley-outreach,https://temporary-zippy-celesta-4cyc4ht.vercel.app/list-your-park?ref=bradley-outreach
Goose Creek Trailer Park,(803) 553-3582,Goose Creek,SC,103 Saint James Avenue,29445,Berkeley,"Hi, Bradley with Tread Companies / Trailer Parks calling about Goose Creek Trailer Park in Goose Creek. Free marketplace for park owners — $0 listing fee, $0 success fee. Brokers take ~6%. We've operated 4,000+ spaces. Can I text the link?",Bradley @ Tread Companies / Trailer Parks re Goose Creek Trailer Park (Goose Creek). Free owner marketplace — $0 fees. List in 2 min: https://temporary-zippy-celesta-4cyc4ht.vercel.app/list-your-park?ref=bradley-outreach,https://temporary-zippy-celesta-4cyc4ht.vercel.app/list-your-park?ref=bradley-outreach
Sunrise Mhp,(803) 553-2636,Goose Creek,SC,1004 Redbank Road,29445,Berkeley,"Hi, Bradley with Tread Companies / Trailer Parks calling about Sunrise Mhp in Goose Creek. Free marketplace for park owners — $0 listing fee, $0 success fee. Brokers take ~6%. We've operated 4,000+ spaces. Can I text the link?",Bradley @ Tread Companies / Trailer Parks re Sunrise Mhp (Goose Creek). Free owner marketplace — $0 fees. List in 2 min: https://temporary-zippy-celesta-4cyc4ht.vercel.app/list-your-park?ref=bradley-outreach,https://temporary-zippy-celesta-4cyc4ht.vercel.app/list-your-park?ref=bradley-outreach
Carolina Estates Mobile Home,(864) 269-4522,Greenville,SC,2745 Anderson Road,29611,Greenville,"Hi, Bradley with Tread Companies / Trailer Parks calling about Carolina Estates Mobile Home in Greenville. Free marketplace for park owners — $0 listing fee, $0 success fee. Brokers take ~6%. We've operated 4,000+ spaces. Can I text the link?",Bradley @ Tread Companies / Trailer Parks re Carolina Estates Mobile Home (Greenville). Free owner marketplace — $0 fees. List in 2 min: https://temporary-zippy-celesta-4cyc4ht.vercel.app/list-your-park?ref=bradley-outreach,https://temporary-zippy-celesta-4cyc4ht.vercel.app/list-your-park?ref=bradley-outreach
Green Meadows Mobile Homes Park,(864) 246-1708,Greenville,SC,1942 Cedar Lane Road #B,29617,Greenville,"Hi, Bradley with Tread Companies / Trailer Parks calling about Green Meadows Mobile Homes Park in Greenville. Free marketplace for park owners — $0 listing fee, $0 success fee. Brokers take ~6%. We've operated 4,000+ spaces. Can I text the link?",Bradley @ Tread Companies / Trailer Parks re Green Meadows Mobile Homes Park (Greenville). Free owner marketplace — $0 fees. List in 2 min: https://temporary-zippy-celesta-4cyc4ht.vercel.app/list-your-park?ref=bradley-outreach,https://temporary-zippy-celesta-4cyc4ht.vercel.app/list-your-park?ref=bradley-outreach
Hilltop Mhp,(864) 235-3282,Greenville,SC,220 Old Grove Road,29605,Greenville,"Hi, Bradley with Tread Companies / Trailer Parks calling about Hilltop Mhp in Greenville. Free marketplace for park owners — $0 listing fee, $0 success fee. Brokers take ~6%. We've operated 4,000+ spaces. Can I text the link?",Bradley @ Tread Companies / Trailer Parks re Hilltop Mhp (Greenville). Free owner marketplace — $0 fees. List in 2 min: https://temporary-zippy-celesta-4cyc4ht.vercel.app/list-your-park?ref=bradley-outreach,https://temporary-zippy-celesta-4cyc4ht.vercel.app/list-your-park?ref=bradley-outreach
Park West Mobile Homes Park,(864) 246-0183,Greenville,SC,8505 White Horse Road,29617,Greenville,"Hi, Bradley with Tread Companies / Trailer Parks calling about Park West Mobile Homes Park in Greenville. Free marketplace for park owners — $0 listing fee, $0 success fee. Brokers take ~6%. We've operated 4,000+ spaces. Can I text the link?",Bradley @ Tread Companies / Trailer Parks re Park West Mobile Homes Park (Greenville). Free owner marketplace — $0 fees. List in 2 min: https://temporary-zippy-celesta-4cyc4ht.vercel.app/list-your-park?ref=bradley-outreach,https://temporary-zippy-celesta-4cyc4ht.vercel.app/list-your-park?ref=bradley-outreach
Westgate Mobile Manor Inc,(864) 246-2606,Greenville,SC,703 Hunts Bridge Road,29617,Greenville,"Hi, Bradley with Tread Companies / Trailer Parks calling about Westgate Mobile Manor Inc in Greenville. Free marketplace for park owners — $0 listing fee, $0 success fee. Brokers take ~6%. We've operated 4,000+ spaces. Can I text the link?",Bradley @ Tread Companies / Trailer Parks re Westgate Mobile Manor Inc (Greenville). Free owner marketplace — $0 fees. List in 2 min: https://temporary-zippy-celesta-4cyc4ht.vercel.app/list-your-park?ref=bradley-outreach,https://temporary-zippy-celesta-4cyc4ht.vercel.app/list-your-park?ref=bradley-outreach
Twin Oaks Trailer Park,(803) 554-5882,Hanahan,SC,5918 Sellers Road,29406,Berkeley,"Hi, Bradley with Tread Companies / Trailer Parks calling about Twin Oaks Trailer Park in Hanahan. Free marketplace for park owners — $0 listing fee, $0 success fee. Brokers take ~6%. We've operated 4,000+ spaces. Can I text the link?",Bradley @ Tread Companies / Trailer Parks re Twin Oaks Trailer Park (Hanahan). Free owner marketplace — $0 fees. List in 2 min: https://temporary-zippy-celesta-4cyc4ht.vercel.app/list-your-park?ref=bradley-outreach,https://temporary-zippy-celesta-4cyc4ht.vercel.app/list-your-park?ref=bradley-outreach
Fischers Trailer Park,(803) 471-3780,Jackson,SC,741 Jackson Road,29831,Aiken,"Hi, Bradley with Tread Companies / Trailer Parks calling about Fischers Trailer Park in Jackson. Free marketplace for park owners — $0 listing fee, $0 success fee. Brokers take ~6%. We've operated 4,000+ spaces. Can I text the link?",Bradley @ Tread Companies / Trailer Parks re Fischers Trailer Park (Jackson). Free owner marketplace — $0 fees. List in 2 min: https://temporary-zippy-celesta-4cyc4ht.vercel.app/list-your-park?ref=bradley-outreach,https://temporary-zippy-celesta-4cyc4ht.vercel.app/list-your-park?ref=bradley-outreach
Sparky'S Mobile Home & Rec. Vehicle Park,(803) 471-9158,Jackson,SC,248 Vandalia Dr,29831,Aiken,"Hi, Bradley with Tread Companies / Trailer Parks calling about Sparky'S Mobile Home & Rec. Vehicle Park in Jackson. Free marketplace for park owners — $0 listing fee, $0 success fee. Brokers take ~6%. We've operated 4,000+ spaces. Can I text the link?",Bradley @ Tread Companies / Trailer Parks re Sparky'S Mobile Home & Rec. Vehicle Park (Jackson). Free owner marketplace — $0 fees. List in 2 min: https://temporary-zippy-celesta-4cyc4ht.vercel.app/list-your-park?ref=bradley-outreach,https://temporary-zippy-celesta-4cyc4ht.vercel.app/list-your-park?ref=bradley-outreach
Pines Mobile Home Community,(803) 873-6872,Ladson,SC,9919 Highway 78,29456,Charleston,"Hi, Bradley with Tread Companies / Trailer Parks calling about Pines Mobile Home Community in Ladson. Free marketplace for park owners — $0 listing fee, $0 success fee. Brokers take ~6%. We've operated 4,000+ spaces. Can I text the link?",Bradley @ Tread Companies / Trailer Parks re Pines Mobile Home Community (Ladson). Free owner marketplace — $0 fees. List in 2 min: https://temporary-zippy-celesta-4cyc4ht.vercel.app/list-your-park?ref=bradley-outreach,https://temporary-zippy-celesta-4cyc4ht.vercel.app/list-your-park?ref=bradley-outreach
Plantation Acres Mobile Home,(803) 797-1045,Ladson,SC,9494 Highway 78,29456,Charleston,"Hi, Bradley with Tread Companies / Trailer Parks calling about Plantation Acres Mobile Home in Ladson. Free marketplace for park owners — $0 listing fee, $0 success fee. Brokers take ~6%. We've operated 4,000+ spaces. Can I text the link?",Bradley @ Tread Companies / Trailer Parks re Plantation Acres Mobile Home (Ladson). Free owner marketplace — $0 fees. List in 2 min: https://temporary-zippy-celesta-4cyc4ht.vercel.app/list-your-park?ref=bradley-outreach,https://temporary-zippy-celesta-4cyc4ht.vercel.app/list-your-park?ref=bradley-outreach
Ryefield Mhp,(803) 572-5712,Ladson,SC,234 Miami Road,29456,Berkeley,"Hi, Bradley with Tread Companies / Trailer Parks calling about Ryefield Mhp in Ladson. Free marketplace for park owners — $0 listing fee, $0 success fee. Brokers take ~6%. We've operated 4,000+ spaces. Can I text the link?",Bradley @ Tread Companies / Trailer Parks re Ryefield Mhp (Ladson). Free owner marketplace — $0 fees. List in 2 min: https://temporary-zippy-celesta-4cyc4ht.vercel.app/list-your-park?ref=bradley-outreach,https://temporary-zippy-celesta-4cyc4ht.vercel.app/list-your-park?ref=bradley-outreach
Sineath Estates Mobile Park,(803) 873-7060,Ladson,SC,9160 Wisteria Street,29456,Berkeley,"Hi, Bradley with Tread Companies / Trailer Parks calling about Sineath Estates Mobile Park in Ladson. Free marketplace for park owners — $0 listing fee, $0 success fee. Brokers take ~6%. We've operated 4,000+ spaces. Can I text the link?",Bradley @ Tread Companies / Trailer Parks re Sineath Estates Mobile Park (Ladson). Free owner marketplace — $0 fees. List in 2 min: https://temporary-zippy-celesta-4cyc4ht.vercel.app/list-your-park?ref=bradley-outreach,https://temporary-zippy-celesta-4cyc4ht.vercel.app/list-your-park?ref=bradley-outreach
Wilmor Acres,(803) 875-6714,Ladson,SC,700 College Park Road,29456,Berkeley,"Hi, Bradley with Tread Companies / Trailer Parks calling about Wilmor Acres in Ladson. Free marketplace for park owners — $0 listing fee, $0 success fee. Brokers take ~6%. We've operated 4,000+ spaces. Can I text the link?",Bradley @ Tread Companies / Trailer Parks re Wilmor Acres (Ladson). Free owner marketplace — $0 fees. List in 2 min: https://temporary-zippy-celesta-4cyc4ht.vercel.app/list-your-park?ref=bradley-outreach,https://temporary-zippy-celesta-4cyc4ht.vercel.app/list-your-park?ref=bradley-outreach
Wedgefield Mhp,(803) 394-2693,Lake City,SC,435 South Morris Street,29560,Florence,"Hi, Bradley with Tread Companies / Trailer Parks calling about Wedgefield Mhp in Lake City. Free marketplace for park owners — $0 listing fee, $0 success fee. Brokers take ~6%. We've operated 4,000+ spaces. Can I text the link?",Bradley @ Tread Companies / Trailer Parks re Wedgefield Mhp (Lake City). Free owner marketplace — $0 fees. List in 2 min: https://temporary-zippy-celesta-4cyc4ht.vercel.app/list-your-park?ref=bradley-outreach,https://temporary-zippy-celesta-4cyc4ht.vercel.app/list-your-park?ref=bradley-outreach
Chuck'S Mhp,(803) 831-7717,Lake Wylie,SC,780 Bethel School Road,29710,York,"Hi, Bradley with Tread Companies / Trailer Parks calling about Chuck'S Mhp in Lake Wylie. Free marketplace for park owners — $0 listing fee, $0 success fee. Brokers take ~6%. We've operated 4,000+ spaces. Can I text the link?",Bradley @ Tread Companies / Trailer Parks re Chuck'S Mhp (Lake Wylie). Free owner marketplace — $0 fees. List in 2 min: https://temporary-zippy-celesta-4cyc4ht.vercel.app/list-your-park?ref=bradley-outreach,https://temporary-zippy-celesta-4cyc4ht.vercel.app/list-your-park?ref=bradley-outreach
Lake Wylie Mobile Home Community,(803) 831-7000,Lake Wylie,SC,1295 Stateline Road,29710,York,"Hi, Bradley with Tread Companies / Trailer Parks calling about Lake Wylie Mobile Home Community in Lake Wylie. Free marketplace for park owners — $0 listing fee, $0 success fee. Brokers take ~6%. We've operated 4,000+ spaces. Can I text the link?",Bradley @ Tread Companies / Trailer Parks re Lake Wylie Mobile Home Community (Lake Wylie). Free owner marketplace — $0 fees. List in 2 min: https://temporary-zippy-celesta-4cyc4ht.vercel.app/list-your-park?ref=bradley-outreach,https://temporary-zippy-celesta-4cyc4ht.vercel.app/list-your-park?ref=bradley-outreach
Steele'S Mhps,(803) 286-9419,Lancaster,SC,3751 Pageland Highway,29720,Lancaster,"Hi, Bradley with Tread Companies / Trailer Parks calling about Steele'S Mhps in Lancaster. Free marketplace for park owners — $0 listing fee, $0 success fee. Brokers take ~6%. We've operated 4,000+ spaces. Can I text the link?",Bradley @ Tread Companies / Trailer Parks re Steele'S Mhps (Lancaster). Free owner marketplace — $0 fees. List in 2 min: https://temporary-zippy-celesta-4cyc4ht.vercel.app/list-your-park?ref=bradley-outreach,https://temporary-zippy-celesta-4cyc4ht.vercel.app/list-your-park?ref=bradley-outreach
Cedar Crest Park,(803) 356-9300,Lexington,SC,366 Railroad Avenue,29072,Lexington,"Hi, Bradley with Tread Companies / Trailer Parks calling about Cedar Crest Park in Lexington. Free marketplace for park owners — $0 listing fee, $0 success fee. Brokers take ~6%. We've operated 4,000+ spaces. Can I text the link?",Bradley @ Tread Companies / Trailer Parks re Cedar Crest Park (Lexington). Free owner marketplace — $0 fees. List in 2 min: https://temporary-zippy-celesta-4cyc4ht.vercel.app/list-your-park?ref=bradley-outreach,https://temporary-zippy-celesta-4cyc4ht.vercel.app/list-your-park?ref=bradley-outreach
Country Haven Mhp,(803) 356-3330,Lexington,SC,116 Holly Tree Street,29073,Lexington,"Hi, Bradley with Tread Companies / Trailer Parks calling about Country Haven Mhp in Lexington. Free marketplace for park owners — $0 listing fee, $0 success fee. Brokers take ~6%. We've operated 4,000+ spaces. Can I text the link?",Bradley @ Tread Companies / Trailer Parks re Country Haven Mhp (Lexington). Free owner marketplace — $0 fees. List in 2 min: https://temporary-zippy-celesta-4cyc4ht.vercel.app/list-your-park?ref=bradley-outreach,https://temporary-zippy-celesta-4cyc4ht.vercel.app/list-your-park?ref=bradley-outreach
Hermitage Mhp,(803) 359-4162,Lexington,SC,305 Hermitage Road,29072,Lexington,"Hi, Bradley with Tread Companies / Trailer Parks calling about Hermitage Mhp in Lexington. Free marketplace for park owners — $0 listing fee, $0 success fee. Brokers take ~6%. We've operated 4,000+ spaces. Can I text the link?",Bradley @ Tread Companies / Trailer Parks re Hermitage Mhp (Lexington). Free owner marketplace — $0 fees. List in 2 min: https://temporary-zippy-celesta-4cyc4ht.vercel.app/list-your-park?ref=bradley-outreach,https://temporary-zippy-celesta-4cyc4ht.vercel.app/list-your-park?ref=bradley-outreach
Hickory Hills Mhp,(803) 359-1302,Lexington,SC,142 Industrial Drive,29072,Lexington,"Hi, Bradley with Tread Companies / Trailer Parks calling about Hickory Hills Mhp in Lexington. Free marketplace for park owners — $0 listing fee, $0 success fee. Brokers take ~6%. We've operated 4,000+ spaces. Can I text the link?",Bradley @ Tread Companies / Trailer Parks re Hickory Hills Mhp (Lexington). Free owner marketplace — $0 fees. List in 2 min: https://temporary-zippy-celesta-4cyc4ht.vercel.app/list-your-park?ref=bradley-outreach,https://temporary-zippy-celesta-4cyc4ht.vercel.app/list-your-park?ref=bradley-outreach
Laurel Meadows Mhp,(803) 356-2068,Lexington,SC,30 Country Meadow Lane,29073,Lexington,"Hi, Bradley with Tread Companies / Trailer Parks calling about Laurel Meadows Mhp in Lexington. Free marketplace for park owners — $0 listing fee, $0 success fee. Brokers take ~6%. We've operated 4,000+ spaces. Can I text the link?",Bradley @ Tread Companies / Trailer Parks re Laurel Meadows Mhp (Lexington). Free owner marketplace — $0 fees. List in 2 min: https://temporary-zippy-celesta-4cyc4ht.vercel.app/list-your-park?ref=bradley-outreach,https://temporary-zippy-celesta-4cyc4ht.vercel.app/list-your-park?ref=bradley-outreach
Oak Forest Mhp,(803) 356-5022,Lexington,SC,142 Railroad Avenue,29072,Lexington,"Hi, Bradley with Tread Companies / Trailer Parks calling about Oak Forest Mhp in Lexington. Free marketplace for park owners — $0 listing fee, $0 success fee. Brokers take ~6%. We've operated 4,000+ spaces. Can I text the link?",Bradley @ Tread Companies / Trailer Parks re Oak Forest Mhp (Lexington). Free owner marketplace — $0 fees. List in 2 min: https://temporary-zippy-celesta-4cyc4ht.vercel.app/list-your-park?ref=bradley-outreach,https://temporary-zippy-celesta-4cyc4ht.vercel.app/list-your-park?ref=bradley-outreach
Victorian Lakes,(803) 356-1880,Lexington,SC,4801 Sunset Boulevard,29072,Lexington,"Hi, Bradley with Tread Companies / Trailer Parks calling about Victorian Lakes in Lexington. Free marketplace for park owners — $0 listing fee, $0 success fee. Brokers take ~6%. We've operated 4,000+ spaces. Can I text the link?",Bradley @ Tread Companies / Trailer Parks re Victorian Lakes (Lexington). Free owner marketplace — $0 fees. List in 2 min: https://temporary-zippy-celesta-4cyc4ht.vercel.app/list-your-park?ref=bradley-outreach,https://temporary-zippy-celesta-4cyc4ht.vercel.app/list-your-park?ref=bradley-outreach
North 52 Trailer Park,(803) 761-8491,Moncks Corner,SC,400 North Highway 52,29461,Berkeley,"Hi, Bradley with Tread Companies / Trailer Parks calling about North 52 Trailer Park in Moncks Corner. Free marketplace for park owners — $0 listing fee, $0 success fee. Brokers take ~6%. We've operated 4,000+ spaces. Can I text the link?",Bradley @ Tread Companies / Trailer Parks re North 52 Trailer Park (Moncks Corner). Free owner marketplace — $0 fees. List in 2 min: https://temporary-zippy-celesta-4cyc4ht.vercel.app/list-your-park?ref=bradley-outreach,https://temporary-zippy-celesta-4cyc4ht.vercel.app/list-your-park?ref=bradley-outreach
Captain'S Cove Mobile Home,(803) 651-8008,Murrells Inlet,SC,10 Buccaneer Street,29576,Georgetown,"Hi, Bradley with Tread Companies / Trailer Parks calling about Captain'S Cove Mobile Home in Murrells Inlet. Free marketplace for park owners — $0 listing fee, $0 success fee. Brokers take ~6%. We've operated 4,000+ spaces. Can I text the link?",Bradley @ Tread Companies / Trailer Parks re Captain'S Cove Mobile Home (Murrells Inlet). Free owner marketplace — $0 fees. List in 2 min: https://temporary-zippy-celesta-4cyc4ht.vercel.app/list-your-park?ref=bradley-outreach,https://temporary-zippy-celesta-4cyc4ht.vercel.app/list-your-park?ref=bradley-outreach
Garden City Mobile Home Resort,(803) 651-2998,Murrells Inlet,SC,510A Porter Drive,29576,Horry,"Hi, Bradley with Tread Companies / Trailer Parks calling about Garden City Mobile Home Resort in Murrells Inlet. Free marketplace for park owners — $0 listing fee, $0 success fee. Brokers take ~6%. We've operated 4,000+ spaces. Can I text the link?",Bradley @ Tread Companies / Trailer Parks re Garden City Mobile Home Resort (Murrells Inlet). Free owner marketplace — $0 fees. List in 2 min: https://temporary-zippy-celesta-4cyc4ht.vercel.app/list-your-park?ref=bradley-outreach,https://temporary-zippy-celesta-4cyc4ht.vercel.app/list-your-park?ref=bradley-outreach
Pirate Cove Mhp,(803) 651-2472,Murrells Inlet,SC,2887 Charlotte Drive,29576,Horry,"Hi, Bradley with Tread Companies / Trailer Parks calling about Pirate Cove Mhp in Murrells Inlet. Free marketplace for park owners — $0 listing fee, $0 success fee. Brokers take ~6%. We've operated 4,000+ spaces. Can I text the link?",Bradley @ Tread Companies / Trailer Parks re Pirate Cove Mhp (Murrells Inlet). Free owner marketplace — $0 fees. List in 2 min: https://temporary-zippy-celesta-4cyc4ht.vercel.app/list-your-park?ref=bradley-outreach,https://temporary-zippy-celesta-4cyc4ht.vercel.app/list-your-park?ref=bradley-outreach
Windjammer Village,(803) 651-5900,Murrells Inlet,SC,200 Offshore Drive,29576,Horry,"Hi, Bradley with Tread Companies / Trailer Parks calling about Windjammer Village in Murrells Inlet. Free marketplace for park owners — $0 listing fee, $0 success fee. Brokers take ~6%. We've operated 4,000+ spaces. Can I text the link?",Bradley @ Tread Companies / Trailer Parks re Windjammer Village (Murrells Inlet). Free owner marketplace — $0 fees. List in 2 min: https://temporary-zippy-celesta-4cyc4ht.vercel.app/list-your-park?ref=bradley-outreach,https://temporary-zippy-celesta-4cyc4ht.vercel.app/list-your-park?ref=bradley-outreach
Apache Pier & Family Campground,(803) 449-7323,Myrtle Beach,SC,9700 Kings Road,29572,Horry,"Hi, Bradley with Tread Companies / Trailer Parks calling about Apache Pier & Family Campground in Myrtle Beach. Free marketplace for park owners — $0 listing fee, $0 success fee. Brokers take ~6%. We've operated 4,000+ spaces. Can I text the link?",Bradley @ Tread Companies / Trailer Parks re Apache Pier & Family Campground (Myrtle Beach). Free owner marketplace — $0 fees. List in 2 min: https://temporary-zippy-celesta-4cyc4ht.vercel.app/list-your-park?ref=bradley-outreach,https://temporary-zippy-celesta-4cyc4ht.vercel.app/list-your-park?ref=bradley-outreach
Bonnie'S Trailer Court,(803) 448-6905,Myrtle Beach,SC,2004 Highway 15,29577,Horry,"Hi, Bradley with Tread Companies / Trailer Parks calling about Bonnie'S Trailer Court in Myrtle Beach. Free marketplace for park owners — $0 listing fee, $0 success fee. Brokers take ~6%. We've operated 4,000+ spaces. Can I text the link?",Bradley @ Tread Companies / Trailer Parks re Bonnie'S Trailer Court (Myrtle Beach). Free owner marketplace — $0 fees. List in 2 min: https://temporary-zippy-celesta-4cyc4ht.vercel.app/list-your-park?ref=bradley-outreach,https://temporary-zippy-celesta-4cyc4ht.vercel.app/list-your-park?ref=bradley-outreach
Crystal Lake Mobile Home Village,(803) 238-1421,Myrtle Beach,SC,6001 Highway 17 South,29575,Horry,"Hi, Bradley with Tread Companies / Trailer Parks calling about Crystal Lake Mobile Home Village in Myrtle Beach. Free marketplace for park owners — $0 listing fee, $0 success fee. Brokers take ~6%. We've operated 4,000+ spaces. Can I text the link?",Bradley @ Tread Companies / Trailer Parks re Crystal Lake Mobile Home Village (Myrtle Beach). Free owner marketplace — $0 fees. List in 2 min: https://temporary-zippy-celesta-4cyc4ht.vercel.app/list-your-park?ref=bradley-outreach,https://temporary-zippy-celesta-4cyc4ht.vercel.app/list-your-park?ref=bradley-outreach
Cypress Park,(803) 293-6888,Myrtle Beach,SC,5790 Dick Pond Road,29575,Horry,"Hi, Bradley with Tread Companies / Trailer Parks calling about Cypress Park in Myrtle Beach. Free marketplace for park owners — $0 listing fee, $0 success fee. Brokers take ~6%. We've operated 4,000+ spaces. Can I text the link?",Bradley @ Tread Companies / Trailer Parks re Cypress Park (Myrtle Beach). Free owner marketplace — $0 fees. List in 2 min: https://temporary-zippy-celesta-4cyc4ht.vercel.app/list-your-park?ref=bradley-outreach,https://temporary-zippy-celesta-4cyc4ht.vercel.app/list-your-park?ref=bradley-outreach
Flat Bay Mhp,(803) 347-3909,Myrtle Beach,SC,8030 Highway 814,29579,Horry,"Hi, Bradley with Tread Companies / Trailer Parks calling about Flat Bay Mhp in Myrtle Beach. Free marketplace for park owners — $0 listing fee, $0 success fee. Brokers take ~6%. We've operated 4,000+ spaces. Can I text the link?",Bradley @ Tread Companies / Trailer Parks re Flat Bay Mhp (Myrtle Beach). Free owner marketplace — $0 fees. List in 2 min: https://temporary-zippy-celesta-4cyc4ht.vercel.app/list-your-park?ref=bradley-outreach,https://temporary-zippy-celesta-4cyc4ht.vercel.app/list-your-park?ref=bradley-outreach
Folly Estates,(843) 293-3888,Myrtle Beach,SC,978 Folly Road,29577,Horry,"Hi, Bradley with Tread Companies / Trailer Parks calling about Folly Estates in Myrtle Beach. Free marketplace for park owners — $0 listing fee, $0 success fee. Brokers take ~6%. We've operated 4,000+ spaces. Can I text the link?",Bradley @ Tread Companies / Trailer Parks re Folly Estates (Myrtle Beach). Free owner marketplace — $0 fees. List in 2 min: https://temporary-zippy-celesta-4cyc4ht.vercel.app/list-your-park?ref=bradley-outreach,https://temporary-zippy-celesta-4cyc4ht.vercel.app/list-your-park?ref=bradley-outreach
Hidden Acres Park,(843) 293-4696,Myrtle Beach,SC,5083 Watergate Drive,29588,Horry,"Hi, Bradley with Tread Companies / Trailer Parks calling about Hidden Acres Park in Myrtle Beach. Free marketplace for park owners — $0 listing fee, $0 success fee. Brokers take ~6%. We've operated 4,000+ spaces. Can I text the link?",Bradley @ Tread Companies / Trailer Parks re Hidden Acres Park (Myrtle Beach). Free owner marketplace — $0 fees. List in 2 min: https://temporary-zippy-celesta-4cyc4ht.vercel.app/list-your-park?ref=bradley-outreach,https://temporary-zippy-celesta-4cyc4ht.vercel.app/list-your-park?ref=bradley-outreach
Johnny'S Park,(803) 293-4777,Myrtle Beach,SC,5226 Figure Eight Road,29577,Horry,"Hi, Bradley with Tread Companies / Trailer Parks calling about Johnny'S Park in Myrtle Beach. Free marketplace for park owners — $0 listing fee, $0 success fee. Brokers take ~6%. We've operated 4,000+ spaces. Can I text the link?",Bradley @ Tread Companies / Trailer Parks re Johnny'S Park (Myrtle Beach). Free owner marketplace — $0 fees. List in 2 min: https://temporary-zippy-celesta-4cyc4ht.vercel.app/list-your-park?ref=bradley-outreach,https://temporary-zippy-celesta-4cyc4ht.vercel.app/list-your-park?ref=bradley-outreach
Kirkley'S Mobile Home Court,(803) 448-2601,Myrtle Beach,SC,2206 Highway 15,29577,Horry,"Hi, Bradley with Tread Companies / Trailer Parks calling about Kirkley'S Mobile Home Court in Myrtle Beach. Free marketplace for park owners — $0 listing fee, $0 success fee. Brokers take ~6%. We've operated 4,000+ spaces. Can I text the link?",Bradley @ Tread Companies / Trailer Parks re Kirkley'S Mobile Home Court (Myrtle Beach). Free owner marketplace — $0 fees. List in 2 min: https://temporary-zippy-celesta-4cyc4ht.vercel.app/list-your-park?ref=bradley-outreach,https://temporary-zippy-celesta-4cyc4ht.vercel.app/list-your-park?ref=bradley-outreach
Midway Trailer Park,(803) 293-2756,Myrtle Beach,SC,1833 Stacey Street,29577,Horry,"Hi, Bradley with Tread Companies / Trailer Parks calling about Midway Trailer Park in Myrtle Beach. Free marketplace for park owners — $0 listing fee, $0 success fee. Brokers take ~6%. We've operated 4,000+ spaces. Can I text the link?",Bradley @ Tread Companies / Trailer Parks re Midway Trailer Park (Myrtle Beach). Free owner marketplace — $0 fees. List in 2 min: https://temporary-zippy-celesta-4cyc4ht.vercel.app/list-your-park?ref=bradley-outreach,https://temporary-zippy-celesta-4cyc4ht.vercel.app/list-your-park?ref=bradley-outreach
Mills Mhp,(803) 293-2704,Myrtle Beach,SC,3993 Socastee Boulevard,29577,Horry,"Hi, Bradley with Tread Companies / Trailer Parks calling about Mills Mhp in Myrtle Beach. Free marketplace for park owners — $0 listing fee, $0 success fee. Brokers take ~6%. We've operated 4,000+ spaces. Can I text the link?",Bradley @ Tread Companies / Trailer Parks re Mills Mhp (Myrtle Beach). Free owner marketplace — $0 fees. List in 2 min: https://temporary-zippy-celesta-4cyc4ht.vercel.app/list-your-park?ref=bradley-outreach,https://temporary-zippy-celesta-4cyc4ht.vercel.app/list-your-park?ref=bradley-outreach
Montgomery Mhp,(803) 448-3366,Myrtle Beach,SC,2008 Highway 15,29577,Horry,"Hi, Bradley with Tread Companies / Trailer Parks calling about Montgomery Mhp in Myrtle Beach. Free marketplace for park owners — $0 listing fee, $0 success fee. Brokers take ~6%. We've operated 4,000+ spaces. Can I text the link?",Bradley @ Tread Companies / Trailer Parks re Montgomery Mhp (Myrtle Beach). Free owner marketplace — $0 fees. List in 2 min: https://temporary-zippy-celesta-4cyc4ht.vercel.app/list-your-park?ref=bradley-outreach,https://temporary-zippy-celesta-4cyc4ht.vercel.app/list-your-park?ref=bradley-outreach
Myrtle Beach Travel Park,(803) 449-3714,Myrtle Beach,SC,10108 Kings Road,29572,Horry,"Hi, Bradley with Tread Companies / Trailer Parks calling about Myrtle Beach Travel Park in Myrtle Beach. Free marketplace for park owners — $0 listing fee, $0 success fee. Brokers take ~6%. We've operated 4,000+ spaces. Can I text the link?",Bradley @ Tread Companies / Trailer Parks re Myrtle Beach Travel Park (Myrtle Beach). Free owner marketplace — $0 fees. List in 2 min: https://temporary-zippy-celesta-4cyc4ht.vercel.app/list-your-park?ref=bradley-outreach,https://temporary-zippy-celesta-4cyc4ht.vercel.app/list-your-park?ref=bradley-outreach
Olde Mill Mhp,(803) 650-5171,Myrtle Beach,SC,7573 Foster Avenue,29575,Horry,"Hi, Bradley with Tread Companies / Trailer Parks calling about Olde Mill Mhp in Myrtle Beach. Free marketplace for park owners — $0 listing fee, $0 success fee. Brokers take ~6%. We've operated 4,000+ spaces. Can I text the link?",Bradley @ Tread Companies / Trailer Parks re Olde Mill Mhp (Myrtle Beach). Free owner marketplace — $0 fees. List in 2 min: https://temporary-zippy-celesta-4cyc4ht.vercel.app/list-your-park?ref=bradley-outreach,https://temporary-zippy-celesta-4cyc4ht.vercel.app/list-your-park?ref=bradley-outreach
Owens Mhp,(803) 448-5308,Myrtle Beach,SC,1105 Highway 15,29577,Horry,"Hi, Bradley with Tread Companies / Trailer Parks calling about Owens Mhp in Myrtle Beach. Free marketplace for park owners — $0 listing fee, $0 success fee. Brokers take ~6%. We've operated 4,000+ spaces. Can I text the link?",Bradley @ Tread Companies / Trailer Parks re Owens Mhp (Myrtle Beach). Free owner marketplace — $0 fees. List in 2 min: https://temporary-zippy-celesta-4cyc4ht.vercel.app/list-your-park?ref=bradley-outreach,https://temporary-zippy-celesta-4cyc4ht.vercel.app/list-your-park?ref=bradley-outreach
Patrick'S Mhp,(803) 448-6369,Myrtle Beach,SC,2000 Highway 15,29577,Horry,"Hi, Bradley with Tread Companies / Trailer Parks calling about Patrick'S Mhp in Myrtle Beach. Free marketplace for park owners — $0 listing fee, $0 success fee. Brokers take ~6%. We've operated 4,000+ spaces. Can I text the link?",Bradley @ Tread Companies / Trailer Parks re Patrick'S Mhp (Myrtle Beach). Free owner marketplace — $0 fees. List in 2 min: https://temporary-zippy-celesta-4cyc4ht.vercel.app/list-your-park?ref=bradley-outreach,https://temporary-zippy-celesta-4cyc4ht.vercel.app/list-your-park?ref=bradley-outreach
R & R Mhp,(803) 347-3520,Myrtle Beach,SC,8399 Highway 814,29579,Horry,"Hi, Bradley with Tread Companies / Trailer Parks calling about R & R Mhp in Myrtle Beach. Free marketplace for park owners — $0 listing fee, $0 success fee. Brokers take ~6%. We've operated 4,000+ spaces. Can I text the link?",Bradley @ Tread Companies / Trailer Parks re R & R Mhp (Myrtle Beach). Free owner marketplace — $0 fees. List in 2 min: https://temporary-zippy-celesta-4cyc4ht.vercel.app/list-your-park?ref=bradley-outreach,https://temporary-zippy-celesta-4cyc4ht.vercel.app/list-your-park?ref=bradley-outreach
Shady Grove Mhp,(803) 448-7243,Myrtle Beach,SC,613 5Th Avenue South,29577,Horry,"Hi, Bradley with Tread Companies / Trailer Parks calling about Shady Grove Mhp in Myrtle Beach. Free marketplace for park owners — $0 listing fee, $0 success fee. Brokers take ~6%. We've operated 4,000+ spaces. Can I text the link?",Bradley @ Tread Companies / Trailer Parks re Shady Grove Mhp (Myrtle Beach). Free owner marketplace — $0 fees. List in 2 min: https://temporary-zippy-celesta-4cyc4ht.vercel.app/list-your-park?ref=bradley-outreach,https://temporary-zippy-celesta-4cyc4ht.vercel.app/list-your-park?ref=bradley-outreach
Strand Village,(803) 293-4200,Myrtle Beach,SC,5227 Strand Drive,29575,Horry,"Hi, Bradley with Tread Companies / Trailer Parks calling about Strand Village in Myrtle Beach. Free marketplace for park owners — $0 listing fee, $0 success fee. Brokers take ~6%. We've operated 4,000+ spaces. Can I text the link?",Bradley @ Tread Companies / Trailer Parks re Strand Village (Myrtle Beach). Free owner marketplace — $0 fees. List in 2 min: https://temporary-zippy-celesta-4cyc4ht.vercel.app/list-your-park?ref=bradley-outreach,https://temporary-zippy-celesta-4cyc4ht.vercel.app/list-your-park?ref=bradley-outreach
Woodlawn Mhp,(803) 293-2376,Myrtle Beach,SC,5514 Gwen Drive,29577,Horry,"Hi, Bradley with Tread Companies / Trailer Parks calling about Woodlawn Mhp in Myrtle Beach. Free marketplace for park owners — $0 listing fee, $0 success fee. Brokers take ~6%. We've operated 4,000+ spaces. Can I text the link?",Bradley @ Tread Companies / Trailer Parks re Woodlawn Mhp (Myrtle Beach). Free owner marketplace — $0 fees. List in 2 min: https://temporary-zippy-celesta-4cyc4ht.vercel.app/list-your-park?ref=bradley-outreach,https://temporary-zippy-celesta-4cyc4ht.vercel.app/list-your-park?ref=bradley-outreach
Sunrize Mhp,(803) 652-3516,New Ellenton,SC,6 Sunrize Lane,29809,Aiken,"Hi, Bradley with Tread Companies / Trailer Parks calling about Sunrize Mhp in New Ellenton. Free marketplace for park owners — $0 listing fee, $0 success fee. Brokers take ~6%. We've operated 4,000+ spaces. Can I text the link?",Bradley @ Tread Companies / Trailer Parks re Sunrize Mhp (New Ellenton). Free owner marketplace — $0 fees. List in 2 min: https://temporary-zippy-celesta-4cyc4ht.vercel.app/list-your-park?ref=bradley-outreach,https://temporary-zippy-celesta-4cyc4ht.vercel.app/list-your-park?ref=bradley-outreach
Northside Countryside Mobile Home Community,(803) 279-5598,North Augusta,SC,631 Edgefield Road,29841,Aiken,"Hi, Bradley with Tread Companies / Trailer Parks calling about Northside Countryside Mobile Home Community in North Augusta. Free marketplace for park owners — $0 listing fee, $0 success fee. Brokers take ~6%. We've operated 4,000+ spaces. Can I text the link?",Bradley @ Tread Companies / Trailer Parks re Northside Countryside Mobile Home Community (North Augusta). Free owner marketplace — $0 fees. List in 2 min: https://temporary-zippy-celesta-4cyc4ht.vercel.app/list-your-park?ref=bradley-outreach,https://temporary-zippy-celesta-4cyc4ht.vercel.app/list-your-park?ref=bradley-outreach
Small Southern Pines Mobile Home Park,(803) 279-4150,North Augusta,SC,842 Edgefield Road,29841,Aiken,"Hi, Bradley with Tread Companies / Trailer Parks calling about Small Southern Pines Mobile Home Park in North Augusta. Free marketplace for park owners — $0 listing fee, $0 success fee. Brokers take ~6%. We've operated 4,000+ spaces. Can I text the link?",Bradley @ Tread Companies / Trailer Parks re Small Southern Pines Mobile Home Park (North Augusta). Free owner marketplace — $0 fees. List in 2 min: https://temporary-zippy-celesta-4cyc4ht.vercel.app/list-your-park?ref=bradley-outreach,https://temporary-zippy-celesta-4cyc4ht.vercel.app/list-your-park?ref=bradley-outreach
Tanglewood Estates,(803) 593-3535,North Augusta,SC,432 Fir Street,29841,Aiken,"Hi, Bradley with Tread Companies / Trailer Parks calling about Tanglewood Estates in North Augusta. Free marketplace for park owners — $0 listing fee, $0 success fee. Brokers take ~6%. We've operated 4,000+ spaces. Can I text the link?",Bradley @ Tread Companies / Trailer Parks re Tanglewood Estates (North Augusta). Free owner marketplace — $0 fees. List in 2 min: https://temporary-zippy-celesta-4cyc4ht.vercel.app/list-your-park?ref=bradley-outreach,https://temporary-zippy-celesta-4cyc4ht.vercel.app/list-your-park?ref=bradley-outreach
Ashley Arbor Mhp,(843) 552-2764,North Charleston,SC,5299 Dorchester Road,29418,Charleston,"Hi, Bradley with Tread Companies / Trailer Parks calling about Ashley Arbor Mhp in North Charleston. Free marketplace for park owners — $0 listing fee, $0 success fee. Brokers take ~6%. We've operated 4,000+ spaces. Can I text the link?",Bradley @ Tread Companies / Trailer Parks re Ashley Arbor Mhp (North Charleston). Free owner marketplace — $0 fees. List in 2 min: https://temporary-zippy-celesta-4cyc4ht.vercel.app/list-your-park?ref=bradley-outreach,https://temporary-zippy-celesta-4cyc4ht.vercel.app/list-your-park?ref=bradley-outreach
Charlestowne Village Mobile,(843) 552-6342,North Charleston,SC,6486 Dorchester Road #73,29418,Charleston,"Hi, Bradley with Tread Companies / Trailer Parks calling about Charlestowne Village Mobile in North Charleston. Free marketplace for park owners — $0 listing fee, $0 success fee. Brokers take ~6%. We've operated 4,000+ spaces. Can I text the link?",Bradley @ Tread Companies / Trailer Parks re Charlestowne Village Mobile (North Charleston). Free owner marketplace — $0 fees. List in 2 min: https://temporary-zippy-celesta-4cyc4ht.vercel.app/list-your-park?ref=bradley-outreach,https://temporary-zippy-celesta-4cyc4ht.vercel.app/list-your-park?ref=bradley-outreach
Dale Valley Mhp,(843) 824-8861,North Charleston,SC,7021 Stall Road,29406,Charleston,"Hi, Bradley with Tread Companies / Trailer Parks calling about Dale Valley Mhp in North Charleston. Free marketplace for park owners — $0 listing fee, $0 success fee. Brokers take ~6%. We've operated 4,000+ spaces. Can I text the link?",Bradley @ Tread Companies / Trailer Parks re Dale Valley Mhp (North Charleston). Free owner marketplace — $0 fees. List in 2 min: https://temporary-zippy-celesta-4cyc4ht.vercel.app/list-your-park?ref=bradley-outreach,https://temporary-zippy-celesta-4cyc4ht.vercel.app/list-your-park?ref=bradley-outreach
Deer Park Trailer Court,(843) 553-0883,North Charleston,SC,8810 Deerwood Drive,29406,Charleston,"Hi, Bradley with Tread Companies / Trailer Parks calling about Deer Park Trailer Court in North Charleston. Free marketplace for park owners — $0 listing fee, $0 success fee. Brokers take ~6%. We've operated 4,000+ spaces. Can I text the link?",Bradley @ Tread Companies / Trailer Parks re Deer Park Trailer Court (North Charleston). Free owner marketplace — $0 fees. List in 2 min: https://temporary-zippy-celesta-4cyc4ht.vercel.app/list-your-park?ref=bradley-outreach,https://temporary-zippy-celesta-4cyc4ht.vercel.app/list-your-park?ref=bradley-outreach
Deerhaven Mhp,(843) 553-5715,North Charleston,SC,8829 Salamander Road,29406,Charleston,"Hi, Bradley with Tread Companies / Trailer Parks calling about Deerhaven Mhp in North Charleston. Free marketplace for park owners — $0 listing fee, $0 success fee. Brokers take ~6%. We've operated 4,000+ spaces. Can I text the link?",Bradley @ Tread Companies / Trailer Parks re Deerhaven Mhp (North Charleston). Free owner marketplace — $0 fees. List in 2 min: https://temporary-zippy-celesta-4cyc4ht.vercel.app/list-your-park?ref=bradley-outreach,https://temporary-zippy-celesta-4cyc4ht.vercel.app/list-your-park?ref=bradley-outreach
Dorchester Village Mobile Home,(843) 552-5775,North Charleston,SC,5701 Dundrum Street,29418,Charleston,"Hi, Bradley with Tread Companies / Trailer Parks calling about Dorchester Village Mobile Home in North Charleston. Free marketplace for park owners — $0 listing fee, $0 success fee. Brokers take ~6%. We've operated 4,000+ spaces. Can I text the link?",Bradley @ Tread Companies / Trailer Parks re Dorchester Village Mobile Home (North Charleston). Free owner marketplace — $0 fees. List in 2 min: https://temporary-zippy-celesta-4cyc4ht.vercel.app/list-your-park?ref=bradley-outreach,https://temporary-zippy-celesta-4cyc4ht.vercel.app/list-your-park?ref=bradley-outreach
Hawthorne City Mobile Home,(843) 744-5711,North Charleston,SC,1990 Hawthorne Drive,29406,Charleston,"Hi, Bradley with Tread Companies / Trailer Parks calling about Hawthorne City Mobile Home in North Charleston. Free marketplace for park owners — $0 listing fee, $0 success fee. Brokers take ~6%. We've operated 4,000+ spaces. Can I text the link?",Bradley @ Tread Companies / Trailer Parks re Hawthorne City Mobile Home (North Charleston). Free owner marketplace — $0 fees. List in 2 min: https://temporary-zippy-celesta-4cyc4ht.vercel.app/list-your-park?ref=bradley-outreach,https://temporary-zippy-celesta-4cyc4ht.vercel.app/list-your-park?ref=bradley-outreach
Lake Ashley Mhp,(843) 552-5704,North Charleston,SC,6625 Dorchester Road,29418,Charleston,"Hi, Bradley with Tread Companies / Trailer Parks calling about Lake Ashley Mhp in North Charleston. Free marketplace for park owners — $0 listing fee, $0 success fee. Brokers take ~6%. We've operated 4,000+ spaces. Can I text the link?",Bradley @ Tread Companies / Trailer Parks re Lake Ashley Mhp (North Charleston). Free owner marketplace — $0 fees. List in 2 min: https://temporary-zippy-celesta-4cyc4ht.vercel.app/list-your-park?ref=bradley-outreach,https://temporary-zippy-celesta-4cyc4ht.vercel.app/list-your-park?ref=bradley-outreach
Otranto Acres Mhp,(843) 797-3542,North Charleston,SC,2908 Otranto Road,29406,Charleston,"Hi, Bradley with Tread Companies / Trailer Parks calling about Otranto Acres Mhp in North Charleston. Free marketplace for park owners — $0 listing fee, $0 success fee. Brokers take ~6%. We've operated 4,000+ spaces. Can I text the link?",Bradley @ Tread Companies / Trailer Parks re Otranto Acres Mhp (North Charleston). Free owner marketplace — $0 fees. List in 2 min: https://temporary-zippy-celesta-4cyc4ht.vercel.app/list-your-park?ref=bradley-outreach,https://temporary-zippy-celesta-4cyc4ht.vercel.app/list-your-park?ref=bradley-outreach
Paramount Mhp,(843) 553-6410,North Charleston,SC,6819 Rivers Avenue,29406,Charleston,"Hi, Bradley with Tread Companies / Trailer Parks calling about Paramount Mhp in North Charleston. Free marketplace for park owners — $0 listing fee, $0 success fee. Brokers take ~6%. We've operated 4,000+ spaces. Can I text the link?",Bradley @ Tread Companies / Trailer Parks re Paramount Mhp (North Charleston). Free owner marketplace — $0 fees. List in 2 min: https://temporary-zippy-celesta-4cyc4ht.vercel.app/list-your-park?ref=bradley-outreach,https://temporary-zippy-celesta-4cyc4ht.vercel.app/list-your-park?ref=bradley-outreach
Trailmore Park Number Two,(843) 552-5730,North Charleston,SC,5225 West Montague Avenue,29418,Charleston,"Hi, Bradley with Tread Companies / Trailer Parks calling about Trailmore Park Number Two in North Charleston. Free marketplace for park owners — $0 listing fee, $0 success fee. Brokers take ~6%. We've operated 4,000+ spaces. Can I text the link?",Bradley @ Tread Companies / Trailer Parks re Trailmore Park Number Two (North Charleston). Free owner marketplace — $0 fees. List in 2 min: https://temporary-zippy-celesta-4cyc4ht.vercel.app/list-your-park?ref=bradley-outreach,https://temporary-zippy-celesta-4cyc4ht.vercel.app/list-your-park?ref=bradley-outreach
Trailwood,(843) 552-3468,North Charleston,SC,5414 Trailwood Drive,29418,Charleston,"Hi, Bradley with Tread Companies / Trailer Parks calling about Trailwood in North Charleston. Free marketplace for park owners — $0 listing fee, $0 success fee. Brokers take ~6%. We've operated 4,000+ spaces. Can I text the link?",Bradley @ Tread Companies / Trailer Parks re Trailwood (North Charleston). Free owner marketplace — $0 fees. List in 2 min: https://temporary-zippy-celesta-4cyc4ht.vercel.app/list-your-park?ref=bradley-outreach,https://temporary-zippy-celesta-4cyc4ht.vercel.app/list-your-park?ref=bradley-outreach
Whispering Pines Mobile Home,(843) 553-5715,North Charleston,SC,8827 Deerwood Drive,29406,Charleston,"Hi, Bradley with Tread Companies / Trailer Parks calling about Whispering Pines Mobile Home in North Charleston. Free marketplace for park owners — $0 listing fee, $0 success fee. Brokers take ~6%. We've operated 4,000+ spaces. Can I text the link?",Bradley @ Tread Companies / Trailer Parks re Whispering Pines Mobile Home (North Charleston). Free owner marketplace — $0 fees. List in 2 min: https://temporary-zippy-celesta-4cyc4ht.vercel.app/list-your-park?ref=bradley-outreach,https://temporary-zippy-celesta-4cyc4ht.vercel.app/list-your-park?ref=bradley-outreach
Fox Fire Village Mobile Home,(803) 249-4286,North Myrtle Beach,SC,1101 2Nd Avenue North,29582,Horry,"Hi, Bradley with Tread Companies / Trailer Parks calling about Fox Fire Village Mobile Home in North Myrtle Beach. Free marketplace for park owners — $0 listing fee, $0 success fee. Brokers take ~6%. We've operated 4,000+ spaces. Can I text the link?",Bradley @ Tread Companies / Trailer Parks re Fox Fire Village Mobile Home (North Myrtle Beach). Free owner marketplace — $0 fees. List in 2 min: https://temporary-zippy-celesta-4cyc4ht.vercel.app/list-your-park?ref=bradley-outreach,https://temporary-zippy-celesta-4cyc4ht.vercel.app/list-your-park?ref=bradley-outreach
Centerfield Mhp,864-934-3381,Not Available,SC,Not Available,NOT AVAILABLE,Pickens,"Hi, Bradley with Tread Companies / Trailer Parks calling about Centerfield Mhp in Not Available. Free marketplace for park owners — $0 listing fee, $0 success fee. Brokers take ~6%. We've operated 4,000+ spaces. Can I text the link?",Bradley @ Tread Companies / Trailer Parks re Centerfield Mhp (Not Available). Free owner marketplace — $0 fees. List in 2 min: https://temporary-zippy-celesta-4cyc4ht.vercel.app/list-your-park?ref=bradley-outreach,https://temporary-zippy-celesta-4cyc4ht.vercel.app/list-your-park?ref=bradley-outreach
Dixon Mobile Home Park,803-439-2934,Not Available,SC,Not Available,NOT AVAILABLE,Aiken,"Hi, Bradley with Tread Companies / Trailer Parks calling about Dixon Mobile Home Park in Not Available. Free marketplace for park owners — $0 listing fee, $0 success fee. Brokers take ~6%. We've operated 4,000+ spaces. Can I text the link?",Bradley @ Tread Companies / Trailer Parks re Dixon Mobile Home Park (Not Available). Free owner marketplace — $0 fees. List in 2 min: https://temporary-zippy-celesta-4cyc4ht.vercel.app/list-your-park?ref=bradley-outreach,https://temporary-zippy-celesta-4cyc4ht.vercel.app/list-your-park?ref=bradley-outreach
Nells Mobile Home Park,864-492-3073,Not Available,SC,Not Available,NOT AVAILABLE,Cherokee,"Hi, Bradley with Tread Companies / Trailer Parks calling about Nells Mobile Home Park in Not Available. Free marketplace for park owners — $0 listing fee, $0 success fee. Brokers take ~6%. We've operated 4,000+ spaces. Can I text the link?",Bradley @ Tread Companies / Trailer Parks re Nells Mobile Home Park (Not Available). Free owner marketplace — $0 fees. List in 2 min: https://temporary-zippy-celesta-4cyc4ht.vercel.app/list-your-park?ref=bradley-outreach,https://temporary-zippy-celesta-4cyc4ht.vercel.app/list-your-park?ref=bradley-outreach
New Vision Mobile Home Park,803-767-0087,Not Available,SC,Not Available,NOT AVAILABLE,Bamberg,"Hi, Bradley with Tread Companies / Trailer Parks calling about New Vision Mobile Home Park in Not Available. Free marketplace for park owners — $0 listing fee, $0 success fee. Brokers take ~6%. We've operated 4,000+ spaces. Can I text the link?",Bradley @ Tread Companies / Trailer Parks re New Vision Mobile Home Park (Not Available). Free owner marketplace — $0 fees. List in 2 min: https://temporary-zippy-celesta-4cyc4ht.vercel.app/list-your-park?ref=bradley-outreach,https://temporary-zippy-celesta-4cyc4ht.vercel.app/list-your-park?ref=bradley-outreach
Parrotts Mobile Home Village,843-858-2212,Not Available,SC,Not Available,NOT AVAILABLE,Darlington,"Hi, Bradley with Tread Companies / Trailer Parks calling about Parrotts Mobile Home Village in Not Available. Free marketplace for park owners — $0 listing fee, $0 success fee. Brokers take ~6%. We've operated 4,000+ spaces. Can I text the link?",Bradley @ Tread Companies / Trailer Parks re Parrotts Mobile Home Village (Not Available). Free owner marketplace — $0 fees. List in 2 min: https://temporary-zippy-celesta-4cyc4ht.vercel.app/list-your-park?ref=bradley-outreach,https://temporary-zippy-celesta-4cyc4ht.vercel.app/list-your-park?ref=bradley-outreach
Pine Tree Mobile Home Park,803-634-7689,Not Available,SC,Not Available,NOT AVAILABLE,Aiken,"Hi, Bradley with Tread Companies / Trailer Parks calling about Pine Tree Mobile Home Park in Not Available. Free marketplace for park owners — $0 listing fee, $0 success fee. Brokers take ~6%. We've operated 4,000+ spaces. Can I text the link?",Bradley @ Tread Companies / Trailer Parks re Pine Tree Mobile Home Park (Not Available). Free owner marketplace — $0 fees. List in 2 min: https://temporary-zippy-celesta-4cyc4ht.vercel.app/list-your-park?ref=bradley-outreach,https://temporary-zippy-celesta-4cyc4ht.vercel.app/list-your-park?ref=bradley-outreach
Olanta Mhp,(803) 396-4316,Olanta,SC,364 1/2 West Hampton Street,29114,Florence,"Hi, Bradley with Tread Companies / Trailer Parks calling about Olanta Mhp in Olanta. Free marketplace for park owners — $0 listing fee, $0 success fee. Brokers take ~6%. We've operated 4,000+ spaces. Can I text the link?",Bradley @ Tread Companies / Trailer Parks re Olanta Mhp (Olanta). Free owner marketplace — $0 fees. List in 2 min: https://temporary-zippy-celesta-4cyc4ht.vercel.app/list-your-park?ref=bradley-outreach,https://temporary-zippy-celesta-4cyc4ht.vercel.app/list-your-park?ref=bradley-outreach
Metts Mhp,(803) 534-2287,Orangeburg,SC,701 Whaley Street Southeast,29115,Orangeburg,"Hi, Bradley with Tread Companies / Trailer Parks calling about Metts Mhp in Orangeburg. Free marketplace for park owners — $0 listing fee, $0 success fee. Brokers take ~6%. We've operated 4,000+ spaces. Can I text the link?",Bradley @ Tread Companies / Trailer Parks re Metts Mhp (Orangeburg). Free owner marketplace — $0 fees. List in 2 min: https://temporary-zippy-celesta-4cyc4ht.vercel.app/list-your-park?ref=bradley-outreach,https://temporary-zippy-celesta-4cyc4ht.vercel.app/list-your-park?ref=bradley-outreach
Mill Pond Mhp,(803) 672-5616,Pageland,SC,Rt 4,29728,Chesterfield,"Hi, Bradley with Tread Companies / Trailer Parks calling about Mill Pond Mhp in Pageland. Free marketplace for park owners — $0 listing fee, $0 success fee. Brokers take ~6%. We've operated 4,000+ spaces. Can I text the link?",Bradley @ Tread Companies / Trailer Parks re Mill Pond Mhp (Pageland). Free owner marketplace — $0 fees. List in 2 min: https://temporary-zippy-celesta-4cyc4ht.vercel.app/list-your-park?ref=bradley-outreach,https://temporary-zippy-celesta-4cyc4ht.vercel.app/list-your-park?ref=bradley-outreach
State Line Mhp,(803) 672-5616,Pageland,SC,Rt 2,29728,Chesterfield,"Hi, Bradley with Tread Companies / Trailer Parks calling about State Line Mhp in Pageland. Free marketplace for park owners — $0 listing fee, $0 success fee. Brokers take ~6%. We've operated 4,000+ spaces. Can I text the link?",Bradley @ Tread Companies / Trailer Parks re State Line Mhp (Pageland). Free owner marketplace — $0 fees. List in 2 min: https://temporary-zippy-celesta-4cyc4ht.vercel.app/list-your-park?ref=bradley-outreach,https://temporary-zippy-celesta-4cyc4ht.vercel.app/list-your-park?ref=bradley-outreach
Duncan Mhp,(803) 366-2160,Rock Hill,SC,1421 Old Friendship Road,29730,York,"Hi, Bradley with Tread Companies / Trailer Parks calling about Duncan Mhp in Rock Hill. Free marketplace for park owners — $0 listing fee, $0 success fee. Brokers take ~6%. We've operated 4,000+ spaces. Can I text the link?",Bradley @ Tread Companies / Trailer Parks re Duncan Mhp (Rock Hill). Free owner marketplace — $0 fees. List in 2 min: https://temporary-zippy-celesta-4cyc4ht.vercel.app/list-your-park?ref=bradley-outreach,https://temporary-zippy-celesta-4cyc4ht.vercel.app/list-your-park?ref=bradley-outreach
Jack Nelson Estates Mobile Home,(803) 324-0636,Rock Hill,SC,3175 Lesslie Highway,29730,York,"Hi, Bradley with Tread Companies / Trailer Parks calling about Jack Nelson Estates Mobile Home in Rock Hill. Free marketplace for park owners — $0 listing fee, $0 success fee. Brokers take ~6%. We've operated 4,000+ spaces. Can I text the link?",Bradley @ Tread Companies / Trailer Parks re Jack Nelson Estates Mobile Home (Rock Hill). Free owner marketplace — $0 fees. List in 2 min: https://temporary-zippy-celesta-4cyc4ht.vercel.app/list-your-park?ref=bradley-outreach,https://temporary-zippy-celesta-4cyc4ht.vercel.app/list-your-park?ref=bradley-outreach
Mc Guire Mhp,(803) 366-7539,Rock Hill,SC,2975 Pump Station Drive,29730,York,"Hi, Bradley with Tread Companies / Trailer Parks calling about Mc Guire Mhp in Rock Hill. Free marketplace for park owners — $0 listing fee, $0 success fee. Brokers take ~6%. We've operated 4,000+ spaces. Can I text the link?",Bradley @ Tread Companies / Trailer Parks re Mc Guire Mhp (Rock Hill). Free owner marketplace — $0 fees. List in 2 min: https://temporary-zippy-celesta-4cyc4ht.vercel.app/list-your-park?ref=bradley-outreach,https://temporary-zippy-celesta-4cyc4ht.vercel.app/list-your-park?ref=bradley-outreach
Rock Hill Motel & Mhp,(803) 324-0324,Rock Hill,SC,2269 Lesslie Highway,29730,York,"Hi, Bradley with Tread Companies / Trailer Parks calling about Rock Hill Motel & Mhp in Rock Hill. Free marketplace for park owners — $0 listing fee, $0 success fee. Brokers take ~6%. We've operated 4,000+ spaces. Can I text the link?",Bradley @ Tread Companies / Trailer Parks re Rock Hill Motel & Mhp (Rock Hill). Free owner marketplace — $0 fees. List in 2 min: https://temporary-zippy-celesta-4cyc4ht.vercel.app/list-your-park?ref=bradley-outreach,https://temporary-zippy-celesta-4cyc4ht.vercel.app/list-your-park?ref=bradley-outreach
Willow Spring Mhp,(803) 327-4323,Rock Hill,SC,926 Spring Street,29730,York,"Hi, Bradley with Tread Companies / Trailer Parks calling about Willow Spring Mhp in Rock Hill. Free marketplace for park owners — $0 listing fee, $0 success fee. Brokers take ~6%. We've operated 4,000+ spaces. Can I text the link?",Bradley @ Tread Companies / Trailer Parks re Willow Spring Mhp (Rock Hill). Free owner marketplace — $0 fees. List in 2 min: https://temporary-zippy-celesta-4cyc4ht.vercel.app/list-your-park?ref=bradley-outreach,https://temporary-zippy-celesta-4cyc4ht.vercel.app/list-your-park?ref=bradley-outreach
B & B Mhp,(864) 885-0089,Seneca,SC,130 East Street,29678,Oconee,"Hi, Bradley with Tread Companies / Trailer Parks calling about B & B Mhp in Seneca. Free marketplace for park owners — $0 listing fee, $0 success fee. Brokers take ~6%. We've operated 4,000+ spaces. Can I text the link?",Bradley @ Tread Companies / Trailer Parks re B & B Mhp (Seneca). Free owner marketplace — $0 fees. List in 2 min: https://temporary-zippy-celesta-4cyc4ht.vercel.app/list-your-park?ref=bradley-outreach,https://temporary-zippy-celesta-4cyc4ht.vercel.app/list-your-park?ref=bradley-outreach
Coachwood Mobile Colony,(864) 967-4072,Simpsonville,SC,409 North Main Street,29681,Greenville,"Hi, Bradley with Tread Companies / Trailer Parks calling about Coachwood Mobile Colony in Simpsonville. Free marketplace for park owners — $0 listing fee, $0 success fee. Brokers take ~6%. We've operated 4,000+ spaces. Can I text the link?",Bradley @ Tread Companies / Trailer Parks re Coachwood Mobile Colony (Simpsonville). Free owner marketplace — $0 fees. List in 2 min: https://temporary-zippy-celesta-4cyc4ht.vercel.app/list-your-park?ref=bradley-outreach,https://temporary-zippy-celesta-4cyc4ht.vercel.app/list-your-park?ref=bradley-outreach
Country Air Mhp,(864) 277-3277,Simpsonville,SC,2212 West Georgia Road,29680,Greenville,"Hi, Bradley with Tread Companies / Trailer Parks calling about Country Air Mhp in Simpsonville. Free marketplace for park owners — $0 listing fee, $0 success fee. Brokers take ~6%. We've operated 4,000+ spaces. Can I text the link?",Bradley @ Tread Companies / Trailer Parks re Country Air Mhp (Simpsonville). Free owner marketplace — $0 fees. List in 2 min: https://temporary-zippy-celesta-4cyc4ht.vercel.app/list-your-park?ref=bradley-outreach,https://temporary-zippy-celesta-4cyc4ht.vercel.app/list-your-park?ref=bradley-outreach
Evergreen Mhp,(864) 967-8603,Simpsonville,SC,200 Bryson Drive,29681,Greenville,"Hi, Bradley with Tread Companies / Trailer Parks calling about Evergreen Mhp in Simpsonville. Free marketplace for park owners — $0 listing fee, $0 success fee. Brokers take ~6%. We've operated 4,000+ spaces. Can I text the link?",Bradley @ Tread Companies / Trailer Parks re Evergreen Mhp (Simpsonville). Free owner marketplace — $0 fees. List in 2 min: https://temporary-zippy-celesta-4cyc4ht.vercel.app/list-your-park?ref=bradley-outreach,https://temporary-zippy-celesta-4cyc4ht.vercel.app/list-your-park?ref=bradley-outreach
Pinewood Mhp,(864) 967-0387,Simpsonville,SC,3200 Grandview Drive #100,29680,Greenville,"Hi, Bradley with Tread Companies / Trailer Parks calling about Pinewood Mhp in Simpsonville. Free marketplace for park owners — $0 listing fee, $0 success fee. Brokers take ~6%. We've operated 4,000+ spaces. Can I text the link?",Bradley @ Tread Companies / Trailer Parks re Pinewood Mhp (Simpsonville). Free owner marketplace — $0 fees. List in 2 min: https://temporary-zippy-celesta-4cyc4ht.vercel.app/list-your-park?ref=bradley-outreach,https://temporary-zippy-celesta-4cyc4ht.vercel.app/list-your-park?ref=bradley-outreach
Lakewood Sales,(864) 583-5307,Spartanburg,SC,126 Cleveland Chapel Road,29303,Spartanburg,"Hi, Bradley with Tread Companies / Trailer Parks calling about Lakewood Sales in Spartanburg. Free marketplace for park owners — $0 listing fee, $0 success fee. Brokers take ~6%. We've operated 4,000+ spaces. Can I text the link?",Bradley @ Tread Companies / Trailer Parks re Lakewood Sales (Spartanburg). Free owner marketplace — $0 fees. List in 2 min: https://temporary-zippy-celesta-4cyc4ht.vercel.app/list-your-park?ref=bradley-outreach,https://temporary-zippy-celesta-4cyc4ht.vercel.app/list-your-park?ref=bradley-outreach
Palmetto West,(864) 576-7638,Spartanburg,SC,2600 Fairforest Clevedale Rd,29301,Spartanburg,"Hi, Bradley with Tread Companies / Trailer Parks calling about Palmetto West in Spartanburg. Free marketplace for park owners — $0 listing fee, $0 success fee. Brokers take ~6%. We've operated 4,000+ spaces. Can I text the link?",Bradley @ Tread Companies / Trailer Parks re Palmetto West (Spartanburg). Free owner marketplace — $0 fees. List in 2 min: https://temporary-zippy-celesta-4cyc4ht.vercel.app/list-your-park?ref=bradley-outreach,https://temporary-zippy-celesta-4cyc4ht.vercel.app/list-your-park?ref=bradley-outreach
Pinebrook Mobile Home Community,(864) 503-0823,Spartanburg,SC,100 Daytona Drive,29303,Spartanburg,"Hi, Bradley with Tread Companies / Trailer Parks calling about Pinebrook Mobile Home Community in Spartanburg. Free marketplace for park owners — $0 listing fee, $0 success fee. Brokers take ~6%. We've operated 4,000+ spaces. Can I text the link?",Bradley @ Tread Companies / Trailer Parks re Pinebrook Mobile Home Community (Spartanburg). Free owner marketplace — $0 fees. List in 2 min: https://temporary-zippy-celesta-4cyc4ht.vercel.app/list-your-park?ref=bradley-outreach,https://temporary-zippy-celesta-4cyc4ht.vercel.app/list-your-park?ref=bradley-outreach
Stone Haven Mhp,(864) 583-9952,Spartanburg,SC,50 Stone Drive,29302,Spartanburg,"Hi, Bradley with Tread Companies / Trailer Parks calling about Stone Haven Mhp in Spartanburg. Free marketplace for park owners — $0 listing fee, $0 success fee. Brokers take ~6%. We've operated 4,000+ spaces. Can I text the link?",Bradley @ Tread Companies / Trailer Parks re Stone Haven Mhp (Spartanburg). Free owner marketplace — $0 fees. List in 2 min: https://temporary-zippy-celesta-4cyc4ht.vercel.app/list-your-park?ref=bradley-outreach,https://temporary-zippy-celesta-4cyc4ht.vercel.app/list-your-park?ref=bradley-outreach
642 Mhp,(803) 871-3420,Summerville,SC,10650 Dorchester Road,29485,Dorchester,"Hi, Bradley with Tread Companies / Trailer Parks calling about 642 Mhp in Summerville. Free marketplace for park owners — $0 listing fee, $0 success fee. Brokers take ~6%. We've operated 4,000+ spaces. Can I text the link?",Bradley @ Tread Companies / Trailer Parks re 642 Mhp (Summerville). Free owner marketplace — $0 fees. List in 2 min: https://temporary-zippy-celesta-4cyc4ht.vercel.app/list-your-park?ref=bradley-outreach,https://temporary-zippy-celesta-4cyc4ht.vercel.app/list-your-park?ref=bradley-outreach
Baywood Mhp,(803) 871-6050,Summerville,SC,2 Dollie Circle,29485,Dorchester,"Hi, Bradley with Tread Companies / Trailer Parks calling about Baywood Mhp in Summerville. Free marketplace for park owners — $0 listing fee, $0 success fee. Brokers take ~6%. We've operated 4,000+ spaces. Can I text the link?",Bradley @ Tread Companies / Trailer Parks re Baywood Mhp (Summerville). Free owner marketplace — $0 fees. List in 2 min: https://temporary-zippy-celesta-4cyc4ht.vercel.app/list-your-park?ref=bradley-outreach,https://temporary-zippy-celesta-4cyc4ht.vercel.app/list-your-park?ref=bradley-outreach
Bell'S Mhp,(803) 821-0613,Summerville,SC,303 Owens Drive,29485,Charleston,"Hi, Bradley with Tread Companies / Trailer Parks calling about Bell'S Mhp in Summerville. Free marketplace for park owners — $0 listing fee, $0 success fee. Brokers take ~6%. We've operated 4,000+ spaces. Can I text the link?",Bradley @ Tread Companies / Trailer Parks re Bell'S Mhp (Summerville). Free owner marketplace — $0 fees. List in 2 min: https://temporary-zippy-celesta-4cyc4ht.vercel.app/list-your-park?ref=bradley-outreach,https://temporary-zippy-celesta-4cyc4ht.vercel.app/list-your-park?ref=bradley-outreach
Carnes Crossing Mobile Home Community,(843) 875-0918,Summerville,SC,420 Pittsburg Landing,29483,Berkeley,"Hi, Bradley with Tread Companies / Trailer Parks calling about Carnes Crossing Mobile Home Community in Summerville. Free marketplace for park owners — $0 listing fee, $0 success fee. Brokers take ~6%. We've operated 4,000+ spaces. Can I text the link?",Bradley @ Tread Companies / Trailer Parks re Carnes Crossing Mobile Home Community (Summerville). Free owner marketplace — $0 fees. List in 2 min: https://temporary-zippy-celesta-4cyc4ht.vercel.app/list-your-park?ref=bradley-outreach,https://temporary-zippy-celesta-4cyc4ht.vercel.app/list-your-park?ref=bradley-outreach
Creek Side Mhp,(803) 873-3752,Summerville,SC,1925 Bacons Bridge Road,29485,Dorchester,"Hi, Bradley with Tread Companies / Trailer Parks calling about Creek Side Mhp in Summerville. Free marketplace for park owners — $0 listing fee, $0 success fee. Brokers take ~6%. We've operated 4,000+ spaces. Can I text the link?",Bradley @ Tread Companies / Trailer Parks re Creek Side Mhp (Summerville). Free owner marketplace — $0 fees. List in 2 min: https://temporary-zippy-celesta-4cyc4ht.vercel.app/list-your-park?ref=bradley-outreach,https://temporary-zippy-celesta-4cyc4ht.vercel.app/list-your-park?ref=bradley-outreach
Crestview Mhp,(803) 871-1317,Summerville,SC,501 Crestview Drive,29485,Dorchester,"Hi, Bradley with Tread Companies / Trailer Parks calling about Crestview Mhp in Summerville. Free marketplace for park owners — $0 listing fee, $0 success fee. Brokers take ~6%. We've operated 4,000+ spaces. Can I text the link?",Bradley @ Tread Companies / Trailer Parks re Crestview Mhp (Summerville). Free owner marketplace — $0 fees. List in 2 min: https://temporary-zippy-celesta-4cyc4ht.vercel.app/list-your-park?ref=bradley-outreach,https://temporary-zippy-celesta-4cyc4ht.vercel.app/list-your-park?ref=bradley-outreach
Green Pointe Mhp,(803) 871-3549,Summerville,SC,143 Green Point Drive,29483,Berkeley,"Hi, Bradley with Tread Companies / Trailer Parks calling about Green Pointe Mhp in Summerville. Free marketplace for park owners — $0 listing fee, $0 success fee. Brokers take ~6%. We've operated 4,000+ spaces. Can I text the link?",Bradley @ Tread Companies / Trailer Parks re Green Pointe Mhp (Summerville). Free owner marketplace — $0 fees. List in 2 min: https://temporary-zippy-celesta-4cyc4ht.vercel.app/list-your-park?ref=bradley-outreach,https://temporary-zippy-celesta-4cyc4ht.vercel.app/list-your-park?ref=bradley-outreach
South Main Mobile Home Community,(803) 875-9890,Summerville,SC,235 Forest Circle,29483,Dorchester,"Hi, Bradley with Tread Companies / Trailer Parks calling about South Main Mobile Home Community in Summerville. Free marketplace for park owners — $0 listing fee, $0 success fee. Brokers take ~6%. We've operated 4,000+ spaces. Can I text the link?",Bradley @ Tread Companies / Trailer Parks re South Main Mobile Home Community (Summerville). Free owner marketplace — $0 fees. List in 2 min: https://temporary-zippy-celesta-4cyc4ht.vercel.app/list-your-park?ref=bradley-outreach,https://temporary-zippy-celesta-4cyc4ht.vercel.app/list-your-park?ref=bradley-outreach
Summercreek Mhp,(803) 875-4666,Summerville,SC,1147 College Park Road,29483,Berkeley,"Hi, Bradley with Tread Companies / Trailer Parks calling about Summercreek Mhp in Summerville. Free marketplace for park owners — $0 listing fee, $0 success fee. Brokers take ~6%. We've operated 4,000+ spaces. Can I text the link?",Bradley @ Tread Companies / Trailer Parks re Summercreek Mhp (Summerville). Free owner marketplace — $0 fees. List in 2 min: https://temporary-zippy-celesta-4cyc4ht.vercel.app/list-your-park?ref=bradley-outreach,https://temporary-zippy-celesta-4cyc4ht.vercel.app/list-your-park?ref=bradley-outreach
Summervillage,(803) 871-2998,Summerville,SC,101 Winter Drive,29483,Dorchester,"Hi, Bradley with Tread Companies / Trailer Parks calling about Summervillage in Summerville. Free marketplace for park owners — $0 listing fee, $0 success fee. Brokers take ~6%. We've operated 4,000+ spaces. Can I text the link?",Bradley @ Tread Companies / Trailer Parks re Summervillage (Summerville). Free owner marketplace — $0 fees. List in 2 min: https://temporary-zippy-celesta-4cyc4ht.vercel.app/list-your-park?ref=bradley-outreach,https://temporary-zippy-celesta-4cyc4ht.vercel.app/list-your-park?ref=bradley-outreach
Village Inc The Village M,(803) 871-4818,Summerville,SC,606 Dustin Lane,29483,Berkeley,"Hi, Bradley with Tread Companies / Trailer Parks calling about Village Inc The Village M in Summerville. Free marketplace for park owners — $0 listing fee, $0 success fee. Brokers take ~6%. We've operated 4,000+ spaces. Can I text the link?",Bradley @ Tread Companies / Trailer Parks re Village Inc The Village M (Summerville). Free owner marketplace — $0 fees. List in 2 min: https://temporary-zippy-celesta-4cyc4ht.vercel.app/list-your-park?ref=bradley-outreach,https://temporary-zippy-celesta-4cyc4ht.vercel.app/list-your-park?ref=bradley-outreach
Burgess Glen Mhp,(803) 494-2142,Sumter,SC,4627 Blanche Road #1,29154,Sumter,"Hi, Bradley with Tread Companies / Trailer Parks calling about Burgess Glen Mhp in Sumter. Free marketplace for park owners — $0 listing fee, $0 success fee. Brokers take ~6%. We've operated 4,000+ spaces. Can I text the link?",Bradley @ Tread Companies / Trailer Parks re Burgess Glen Mhp (Sumter). Free owner marketplace — $0 fees. List in 2 min: https://temporary-zippy-celesta-4cyc4ht.vercel.app/list-your-park?ref=bradley-outreach,https://temporary-zippy-celesta-4cyc4ht.vercel.app/list-your-park?ref=bradley-outreach
Carolina Mobile Court,(803) 499-4550,Sumter,SC,1699 Peach Orchard Road,29154,Sumter,"Hi, Bradley with Tread Companies / Trailer Parks calling about Carolina Mobile Court in Sumter. Free marketplace for park owners — $0 listing fee, $0 success fee. Brokers take ~6%. We've operated 4,000+ spaces. Can I text the link?",Bradley @ Tread Companies / Trailer Parks re Carolina Mobile Court (Sumter). Free owner marketplace — $0 fees. List in 2 min: https://temporary-zippy-celesta-4cyc4ht.vercel.app/list-your-park?ref=bradley-outreach,https://temporary-zippy-celesta-4cyc4ht.vercel.app/list-your-park?ref=bradley-outreach
Crescent Mhp,(803) 494-8024,Sumter,SC,4080 Broad Street,29154,Sumter,"Hi, Bradley with Tread Companies / Trailer Parks calling about Crescent Mhp in Sumter. Free marketplace for park owners — $0 listing fee, $0 success fee. Brokers take ~6%. We've operated 4,000+ spaces. Can I text the link?",Bradley @ Tread Companies / Trailer Parks re Crescent Mhp (Sumter). Free owner marketplace — $0 fees. List in 2 min: https://temporary-zippy-celesta-4cyc4ht.vercel.app/list-your-park?ref=bradley-outreach,https://temporary-zippy-celesta-4cyc4ht.vercel.app/list-your-park?ref=bradley-outreach
Ideal Trailer Park,(803) 494-2746,Sumter,SC,55 Ideal Circle,29154,Sumter,"Hi, Bradley with Tread Companies / Trailer Parks calling about Ideal Trailer Park in Sumter. Free marketplace for park owners — $0 listing fee, $0 success fee. Brokers take ~6%. We've operated 4,000+ spaces. Can I text the link?",Bradley @ Tread Companies / Trailer Parks re Ideal Trailer Park (Sumter). Free owner marketplace — $0 fees. List in 2 min: https://temporary-zippy-celesta-4cyc4ht.vercel.app/list-your-park?ref=bradley-outreach,https://temporary-zippy-celesta-4cyc4ht.vercel.app/list-your-park?ref=bradley-outreach
Iris Winds Mh Park,(803) 775-6816,Sumter,SC,1200 South Pike East,29153,Sumter,"Hi, Bradley with Tread Companies / Trailer Parks calling about Iris Winds Mh Park in Sumter. Free marketplace for park owners — $0 listing fee, $0 success fee. Brokers take ~6%. We've operated 4,000+ spaces. Can I text the link?",Bradley @ Tread Companies / Trailer Parks re Iris Winds Mh Park (Sumter). Free owner marketplace — $0 fees. List in 2 min: https://temporary-zippy-celesta-4cyc4ht.vercel.app/list-your-park?ref=bradley-outreach,https://temporary-zippy-celesta-4cyc4ht.vercel.app/list-your-park?ref=bradley-outreach
Jackson Enterprises-Sumter Inc,(803) 494-9044,Sumter,SC,5070 Broad Street Extension,29151,Sumter,"Hi, Bradley with Tread Companies / Trailer Parks calling about Jackson Enterprises-Sumter Inc in Sumter. Free marketplace for park owners — $0 listing fee, $0 success fee. Brokers take ~6%. We've operated 4,000+ spaces. Can I text the link?",Bradley @ Tread Companies / Trailer Parks re Jackson Enterprises-Sumter Inc (Sumter). Free owner marketplace — $0 fees. List in 2 min: https://temporary-zippy-celesta-4cyc4ht.vercel.app/list-your-park?ref=bradley-outreach,https://temporary-zippy-celesta-4cyc4ht.vercel.app/list-your-park?ref=bradley-outreach
Oaklawn Mhp,(803) 494-8350,Sumter,SC,4428 Dorsey Drive,29154,Sumter,"Hi, Bradley with Tread Companies / Trailer Parks calling about Oaklawn Mhp in Sumter. Free marketplace for park owners — $0 listing fee, $0 success fee. Brokers take ~6%. We've operated 4,000+ spaces. Can I text the link?",Bradley @ Tread Companies / Trailer Parks re Oaklawn Mhp (Sumter). Free owner marketplace — $0 fees. List in 2 min: https://temporary-zippy-celesta-4cyc4ht.vercel.app/list-your-park?ref=bradley-outreach,https://temporary-zippy-celesta-4cyc4ht.vercel.app/list-your-park?ref=bradley-outreach
Pineridge Mhp Inc,(803) 494-5398,Sumter,SC,3055 Broad Street,29150,Sumter,"Hi, Bradley with Tread Companies / Trailer Parks calling about Pineridge Mhp Inc in Sumter. Free marketplace for park owners — $0 listing fee, $0 success fee. Brokers take ~6%. We've operated 4,000+ spaces. Can I text the link?",Bradley @ Tread Companies / Trailer Parks re Pineridge Mhp Inc (Sumter). Free owner marketplace — $0 fees. List in 2 min: https://temporary-zippy-celesta-4cyc4ht.vercel.app/list-your-park?ref=bradley-outreach,https://temporary-zippy-celesta-4cyc4ht.vercel.app/list-your-park?ref=bradley-outreach
Windsor City Homes,(803) 469-8519,Sumter,SC,211 Sussex Drive #A,29150,Sumter,"Hi, Bradley with Tread Companies / Trailer Parks calling about Windsor City Homes in Sumter. Free marketplace for park owners — $0 listing fee, $0 success fee. Brokers take ~6%. We've operated 4,000+ spaces. Can I text the link?",Bradley @ Tread Companies / Trailer Parks re Windsor City Homes (Sumter). Free owner marketplace — $0 fees. List in 2 min: https://temporary-zippy-celesta-4cyc4ht.vercel.app/list-your-park?ref=bradley-outreach,https://temporary-zippy-celesta-4cyc4ht.vercel.app/list-your-park?ref=bradley-outreach
Oceanside Village,(803) 650-4440,Surfside Beach,SC,1711 Highway 17 South,29575,Horry,"Hi, Bradley with Tread Companies / Trailer Parks calling about Oceanside Village in Surfside Beach. Free marketplace for park owners — $0 listing fee, $0 success fee. Brokers take ~6%. We've operated 4,000+ spaces. Can I text the link?",Bradley @ Tread Companies / Trailer Parks re Oceanside Village (Surfside Beach). Free owner marketplace — $0 fees. List in 2 min: https://temporary-zippy-celesta-4cyc4ht.vercel.app/list-your-park?ref=bradley-outreach,https://temporary-zippy-celesta-4cyc4ht.vercel.app/list-your-park?ref=bradley-outreach
Boulevard Mhp,(864) 268-1220,Taylors,SC,2805 Wade Hampton Boulevard,29687,Greenville,"Hi, Bradley with Tread Companies / Trailer Parks calling about Boulevard Mhp in Taylors. Free marketplace for park owners — $0 listing fee, $0 success fee. Brokers take ~6%. We've operated 4,000+ spaces. Can I text the link?",Bradley @ Tread Companies / Trailer Parks re Boulevard Mhp (Taylors). Free owner marketplace — $0 fees. List in 2 min: https://temporary-zippy-celesta-4cyc4ht.vercel.app/list-your-park?ref=bradley-outreach,https://temporary-zippy-celesta-4cyc4ht.vercel.app/list-your-park?ref=bradley-outreach
Milford Manor Mobile Home Community,(864) 895-2807,Taylors,SC,453 Milford Church Rd,29687,Greenville,"Hi, Bradley with Tread Companies / Trailer Parks calling about Milford Manor Mobile Home Community in Taylors. Free marketplace for park owners — $0 listing fee, $0 success fee. Brokers take ~6%. We've operated 4,000+ spaces. Can I text the link?",Bradley @ Tread Companies / Trailer Parks re Milford Manor Mobile Home Community (Taylors). Free owner marketplace — $0 fees. List in 2 min: https://temporary-zippy-celesta-4cyc4ht.vercel.app/list-your-park?ref=bradley-outreach,https://temporary-zippy-celesta-4cyc4ht.vercel.app/list-your-park?ref=bradley-outreach
Summit Park,(864) 456-7475,Ware Shoals,SC,810 North Greenwood Avenue,29692,Greenwood,"Hi, Bradley with Tread Companies / Trailer Parks calling about Summit Park in Ware Shoals. Free marketplace for park owners — $0 listing fee, $0 success fee. Brokers take ~6%. We've operated 4,000+ spaces. Can I text the link?",Bradley @ Tread Companies / Trailer Parks re Summit Park (Ware Shoals). Free owner marketplace — $0 fees. List in 2 min: https://temporary-zippy-celesta-4cyc4ht.vercel.app/list-your-park?ref=bradley-outreach,https://temporary-zippy-celesta-4cyc4ht.vercel.app/list-your-park?ref=bradley-outreach
Lakewood Mobile Home Estates,(803) 796-0068,West Columbia,SC,600 Ermine Road,29170,Lexington,"Hi, Bradley with Tread Companies / Trailer Parks calling about Lakewood Mobile Home Estates in West Columbia. Free marketplace for park owners — $0 listing fee, $0 success fee. Brokers take ~6%. We've operated 4,000+ spaces. Can I text the link?",Bradley @ Tread Companies / Trailer Parks re Lakewood Mobile Home Estates (West Columbia). Free owner marketplace — $0 fees. List in 2 min: https://temporary-zippy-celesta-4cyc4ht.vercel.app/list-your-park?ref=bradley-outreach,https://temporary-zippy-celesta-4cyc4ht.vercel.app/list-your-park?ref=bradley-outreach
Mc Gregor Downs Mhp,(803) 796-9550,West Columbia,SC,200 Woodberry Road,29170,Lexington,"Hi, Bradley with Tread Companies / Trailer Parks calling about Mc Gregor Downs Mhp in West Columbia. Free marketplace for park owners — $0 listing fee, $0 success fee. Brokers take ~6%. We've operated 4,000+ spaces. Can I text the link?",Bradley @ Tread Companies / Trailer Parks re Mc Gregor Downs Mhp (West Columbia). Free owner marketplace — $0 fees. List in 2 min: https://temporary-zippy-celesta-4cyc4ht.vercel.app/list-your-park?ref=bradley-outreach,https://temporary-zippy-celesta-4cyc4ht.vercel.app/list-your-park?ref=bradley-outreach
Moore Mobile Manor,(803) 794-8296,West Columbia,SC,68 Sharon Circle,29169,Lexington,"Hi, Bradley with Tread Companies / Trailer Parks calling about Moore Mobile Manor in West Columbia. Free marketplace for park owners — $0 listing fee, $0 success fee. Brokers take ~6%. We've operated 4,000+ spaces. Can I text the link?",Bradley @ Tread Companies / Trailer Parks re Moore Mobile Manor (West Columbia). Free owner marketplace — $0 fees. List in 2 min: https://temporary-zippy-celesta-4cyc4ht.vercel.app/list-your-park?ref=bradley-outreach,https://temporary-zippy-celesta-4cyc4ht.vercel.app/list-your-park?ref=bradley-outreach
Pine Ridge Mhp,(803) 755-1360,West Columbia,SC,Fish Hatchery Road,29172,Lexington,"Hi, Bradley with Tread Companies / Trailer Parks calling about Pine Ridge Mhp in West Columbia. Free marketplace for park owners — $0 listing fee, $0 success fee. Brokers take ~6%. We've operated 4,000+ spaces. Can I text the link?",Bradley @ Tread Companies / Trailer Parks re Pine Ridge Mhp (West Columbia). Free owner marketplace — $0 fees. List in 2 min: https://temporary-zippy-celesta-4cyc4ht.vercel.app/list-your-park?ref=bradley-outreach,https://temporary-zippy-celesta-4cyc4ht.vercel.app/list-your-park?ref=bradley-outreach
Red Oak Mhp,(803) 791-9090,West Columbia,SC,1911 Augusta Highway,29169,Lexington,"Hi, Bradley with Tread Companies / Trailer Parks calling about Red Oak Mhp in West Columbia. Free marketplace for park owners — $0 listing fee, $0 success fee. Brokers take ~6%. We've operated 4,000+ spaces. Can I text the link?",Bradley @ Tread Companies / Trailer Parks re Red Oak Mhp (West Columbia). Free owner marketplace — $0 fees. List in 2 min: https://temporary-zippy-celesta-4cyc4ht.vercel.app/list-your-park?ref=bradley-outreach,https://temporary-zippy-celesta-4cyc4ht.vercel.app/list-your-park?ref=bradley-outreach
Scottland Homes,(803) 796-1641,West Columbia,SC,2035 Augusta Highway,29169,Lexington,"Hi, Bradley with Tread Companies / Trailer Parks calling about Scottland Homes in West Columbia. Free marketplace for park owners — $0 listing fee, $0 success fee. Brokers take ~6%. We've operated 4,000+ spaces. Can I text the link?",Bradley @ Tread Companies / Trailer Parks re Scottland Homes (West Columbia). Free owner marketplace — $0 fees. List in 2 min: https://temporary-zippy-celesta-4cyc4ht.vercel.app/list-your-park?ref=bradley-outreach,https://temporary-zippy-celesta-4cyc4ht.vercel.app/list-your-park?ref=bradley-outreach
Triple Acres Mhp,(803) 755-3312,West Columbia,SC,2160 Pine Street - 17,29170,Lexington,"Hi, Bradley with Tread Companies / Trailer Parks calling about Triple Acres Mhp in West Columbia. Free marketplace for park owners — $0 listing fee, $0 success fee. Brokers take ~6%. We've operated 4,000+ spaces. Can I text the link?",Bradley @ Tread Companies / Trailer Parks re Triple Acres Mhp (West Columbia). Free owner marketplace — $0 fees. List in 2 min: https://temporary-zippy-celesta-4cyc4ht.vercel.app/list-your-park?ref=bradley-outreach,https://temporary-zippy-celesta-4cyc4ht.vercel.app/list-your-park?ref=bradley-outreach
Allatoona Mhp,(770) 974-2800,Acworth,GA,5621 Glade Road Southeast,30102,Bartow,"Hi, Bradley with Tread Companies / Trailer Parks calling about Allatoona Mhp in Acworth. Free marketplace for park owners — $0 listing fee, $0 success fee. Brokers take ~6%. We've operated 4,000+ spaces. Can I text the link?",Bradley @ Tread Companies / Trailer Parks re Allatoona Mhp (Acworth). Free owner marketplace — $0 fees. List in 2 min: https://temporary-zippy-celesta-4cyc4ht.vercel.app/list-your-park?ref=bradley-outreach,https://temporary-zippy-celesta-4cyc4ht.vercel.app/list-your-park?ref=bradley-outreach
Eastgate Mhp,(770) 926-2085,Acworth,GA,6310 Bells Ferry Road,30102,Cherokee,"Hi, Bradley with Tread Companies / Trailer Parks calling about Eastgate Mhp in Acworth. Free marketplace for park owners — $0 listing fee, $0 success fee. Brokers take ~6%. We've operated 4,000+ spaces. Can I text the link?",Bradley @ Tread Companies / Trailer Parks re Eastgate Mhp (Acworth). Free owner marketplace — $0 fees. List in 2 min: https://temporary-zippy-celesta-4cyc4ht.vercel.app/list-your-park?ref=bradley-outreach,https://temporary-zippy-celesta-4cyc4ht.vercel.app/list-your-park?ref=bradley-outreach
Fairway Villas Mfd.,(770) 974-9407,Acworth,GA,4725 North Cobb Pkwy Northwest,30101,Cobb,"Hi, Bradley with Tread Companies / Trailer Parks calling about Fairway Villas Mfd. in Acworth. Free marketplace for park owners — $0 listing fee, $0 success fee. Brokers take ~6%. We've operated 4,000+ spaces. Can I text the link?",Bradley @ Tread Companies / Trailer Parks re Fairway Villas Mfd. (Acworth). Free owner marketplace — $0 fees. List in 2 min: https://temporary-zippy-celesta-4cyc4ht.vercel.app/list-your-park?ref=bradley-outreach,https://temporary-zippy-celesta-4cyc4ht.vercel.app/list-your-park?ref=bradley-outreach
Hidden Springs Mhp,(770) 974-5851,Acworth,GA,6944 Glade Road Southeast,30102,Bartow,"Hi, Bradley with Tread Companies / Trailer Parks calling about Hidden Springs Mhp in Acworth. Free marketplace for park owners — $0 listing fee, $0 success fee. Brokers take ~6%. We've operated 4,000+ spaces. Can I text the link?",Bradley @ Tread Companies / Trailer Parks re Hidden Springs Mhp (Acworth). Free owner marketplace — $0 fees. List in 2 min: https://temporary-zippy-celesta-4cyc4ht.vercel.app/list-your-park?ref=bradley-outreach,https://temporary-zippy-celesta-4cyc4ht.vercel.app/list-your-park?ref=bradley-outreach
Oakridge Mhp,(770) 974-3188,Acworth,GA,4555 Roberts Drive Southeast,30102,Bartow,"Hi, Bradley with Tread Companies / Trailer Parks calling about Oakridge Mhp in Acworth. Free marketplace for park owners — $0 listing fee, $0 success fee. Brokers take ~6%. We've operated 4,000+ spaces. Can I text the link?",Bradley @ Tread Companies / Trailer Parks re Oakridge Mhp (Acworth). Free owner marketplace — $0 fees. List in 2 min: https://temporary-zippy-celesta-4cyc4ht.vercel.app/list-your-park?ref=bradley-outreach,https://temporary-zippy-celesta-4cyc4ht.vercel.app/list-your-park?ref=bradley-outreach
Red Top Mountain Estates,(770) 974-1209,Acworth,GA,4810 Ryan Road Southeast,30102,Bartow,"Hi, Bradley with Tread Companies / Trailer Parks calling about Red Top Mountain Estates in Acworth. Free marketplace for park owners — $0 listing fee, $0 success fee. Brokers take ~6%. We've operated 4,000+ spaces. Can I text the link?",Bradley @ Tread Companies / Trailer Parks re Red Top Mountain Estates (Acworth). Free owner marketplace — $0 fees. List in 2 min: https://temporary-zippy-celesta-4cyc4ht.vercel.app/list-your-park?ref=bradley-outreach,https://temporary-zippy-celesta-4cyc4ht.vercel.app/list-your-park?ref=bradley-outreach
Shadowood Mobile Home Community,(770) 926-2680,Acworth,GA,6359 Bells Ferry Road,30102,Cherokee,"Hi, Bradley with Tread Companies / Trailer Parks calling about Shadowood Mobile Home Community in Acworth. Free marketplace for park owners — $0 listing fee, $0 success fee. Brokers take ~6%. We've operated 4,000+ spaces. Can I text the link?",Bradley @ Tread Companies / Trailer Parks re Shadowood Mobile Home Community (Acworth). Free owner marketplace — $0 fees. List in 2 min: https://temporary-zippy-celesta-4cyc4ht.vercel.app/list-your-park?ref=bradley-outreach,https://temporary-zippy-celesta-4cyc4ht.vercel.app/list-your-park?ref=bradley-outreach
B & S Mobile Home Estate,(912) 435-9846,Albany,GA,3215 Sylvester Road,31705,Dougherty,"Hi, Bradley with Tread Companies / Trailer Parks calling about B & S Mobile Home Estate in Albany. Free marketplace for park owners — $0 listing fee, $0 success fee. Brokers take ~6%. We've operated 4,000+ spaces. Can I text the link?",Bradley @ Tread Companies / Trailer Parks re B & S Mobile Home Estate (Albany). Free owner marketplace — $0 fees. List in 2 min: https://temporary-zippy-celesta-4cyc4ht.vercel.app/list-your-park?ref=bradley-outreach,https://temporary-zippy-celesta-4cyc4ht.vercel.app/list-your-park?ref=bradley-outreach
Burnt-Tree Mhp,(912) 883-2499,Albany,GA,3001 Dunwoody Drive,31707,Dougherty,"Hi, Bradley with Tread Companies / Trailer Parks calling about Burnt-Tree Mhp in Albany. Free marketplace for park owners — $0 listing fee, $0 success fee. Brokers take ~6%. We've operated 4,000+ spaces. Can I text the link?",Bradley @ Tread Companies / Trailer Parks re Burnt-Tree Mhp (Albany). Free owner marketplace — $0 fees. List in 2 min: https://temporary-zippy-celesta-4cyc4ht.vercel.app/list-your-park?ref=bradley-outreach,https://temporary-zippy-celesta-4cyc4ht.vercel.app/list-your-park?ref=bradley-outreach
Cabana Village,(912) 436-9025,Albany,GA,3076 Palmyra Road,31707,Lee,"Hi, Bradley with Tread Companies / Trailer Parks calling about Cabana Village in Albany. Free marketplace for park owners — $0 listing fee, $0 success fee. Brokers take ~6%. We've operated 4,000+ spaces. Can I text the link?",Bradley @ Tread Companies / Trailer Parks re Cabana Village (Albany). Free owner marketplace — $0 fees. List in 2 min: https://temporary-zippy-celesta-4cyc4ht.vercel.app/list-your-park?ref=bradley-outreach,https://temporary-zippy-celesta-4cyc4ht.vercel.app/list-your-park?ref=bradley-outreach
Cinnamon Court,(912) 883-9782,Albany,GA,1709 East Broad Avenue,31705,Dougherty,"Hi, Bradley with Tread Companies / Trailer Parks calling about Cinnamon Court in Albany. Free marketplace for park owners — $0 listing fee, $0 success fee. Brokers take ~6%. We've operated 4,000+ spaces. Can I text the link?",Bradley @ Tread Companies / Trailer Parks re Cinnamon Court (Albany). Free owner marketplace — $0 fees. List in 2 min: https://temporary-zippy-celesta-4cyc4ht.vercel.app/list-your-park?ref=bradley-outreach,https://temporary-zippy-celesta-4cyc4ht.vercel.app/list-your-park?ref=bradley-outreach
Countryside Village,(912) 439-2311,Albany,GA,3000 West Oakridge Drive,31707,Dougherty,"Hi, Bradley with Tread Companies / Trailer Parks calling about Countryside Village in Albany. Free marketplace for park owners — $0 listing fee, $0 success fee. Brokers take ~6%. We've operated 4,000+ spaces. Can I text the link?",Bradley @ Tread Companies / Trailer Parks re Countryside Village (Albany). Free owner marketplace — $0 fees. List in 2 min: https://temporary-zippy-celesta-4cyc4ht.vercel.app/list-your-park?ref=bradley-outreach,https://temporary-zippy-celesta-4cyc4ht.vercel.app/list-your-park?ref=bradley-outreach
Devencrest Mhp,(912) 432-2641,Albany,GA,1833 Liberty Expressway Southeast,31705,Dougherty,"Hi, Bradley with Tread Companies / Trailer Parks calling about Devencrest Mhp in Albany. Free marketplace for park owners — $0 listing fee, $0 success fee. Brokers take ~6%. We've operated 4,000+ spaces. Can I text the link?",Bradley @ Tread Companies / Trailer Parks re Devencrest Mhp (Albany). Free owner marketplace — $0 fees. List in 2 min: https://temporary-zippy-celesta-4cyc4ht.vercel.app/list-your-park?ref=bradley-outreach,https://temporary-zippy-celesta-4cyc4ht.vercel.app/list-your-park?ref=bradley-outreach
Dunes Mhp,(912) 888-7900,Albany,GA,1001 Dunes Avenue #72,31705,Dougherty,"Hi, Bradley with Tread Companies / Trailer Parks calling about Dunes Mhp in Albany. Free marketplace for park owners — $0 listing fee, $0 success fee. Brokers take ~6%. We've operated 4,000+ spaces. Can I text the link?",Bradley @ Tread Companies / Trailer Parks re Dunes Mhp (Albany). Free owner marketplace — $0 fees. List in 2 min: https://temporary-zippy-celesta-4cyc4ht.vercel.app/list-your-park?ref=bradley-outreach,https://temporary-zippy-celesta-4cyc4ht.vercel.app/list-your-park?ref=bradley-outreach
E H Minix Trailer Park,(912) 432-0257,Albany,GA,2908 Sylvester Road,31705,Dougherty,"Hi, Bradley with Tread Companies / Trailer Parks calling about E H Minix Trailer Park in Albany. Free marketplace for park owners — $0 listing fee, $0 success fee. Brokers take ~6%. We've operated 4,000+ spaces. Can I text the link?",Bradley @ Tread Companies / Trailer Parks re E H Minix Trailer Park (Albany). Free owner marketplace — $0 fees. List in 2 min: https://temporary-zippy-celesta-4cyc4ht.vercel.app/list-your-park?ref=bradley-outreach,https://temporary-zippy-celesta-4cyc4ht.vercel.app/list-your-park?ref=bradley-outreach
Marion Trailer Court,(912) 436-0705,Albany,GA,515 Pinebluff Road,31705,Dougherty,"Hi, Bradley with Tread Companies / Trailer Parks calling about Marion Trailer Court in Albany. Free marketplace for park owners — $0 listing fee, $0 success fee. Brokers take ~6%. We've operated 4,000+ spaces. Can I text the link?",Bradley @ Tread Companies / Trailer Parks re Marion Trailer Court (Albany). Free owner marketplace — $0 fees. List in 2 min: https://temporary-zippy-celesta-4cyc4ht.vercel.app/list-your-park?ref=bradley-outreach,https://temporary-zippy-celesta-4cyc4ht.vercel.app/list-your-park?ref=bradley-outreach
Mimosa Mobile Park,(912) 435-5645,Albany,GA,1904 Clark Avenue,31705,Dougherty,"Hi, Bradley with Tread Companies / Trailer Parks calling about Mimosa Mobile Park in Albany. Free marketplace for park owners — $0 listing fee, $0 success fee. Brokers take ~6%. We've operated 4,000+ spaces. Can I text the link?",Bradley @ Tread Companies / Trailer Parks re Mimosa Mobile Park (Albany). Free owner marketplace — $0 fees. List in 2 min: https://temporary-zippy-celesta-4cyc4ht.vercel.app/list-your-park?ref=bradley-outreach,https://temporary-zippy-celesta-4cyc4ht.vercel.app/list-your-park?ref=bradley-outreach
Nob-Hill Mobile Estates,(912) 435-4895,Albany,GA,3309 Sylvester Road,31705,Dougherty,"Hi, Bradley with Tread Companies / Trailer Parks calling about Nob-Hill Mobile Estates in Albany. Free marketplace for park owners — $0 listing fee, $0 success fee. Brokers take ~6%. We've operated 4,000+ spaces. Can I text the link?",Bradley @ Tread Companies / Trailer Parks re Nob-Hill Mobile Estates (Albany). Free owner marketplace — $0 fees. List in 2 min: https://temporary-zippy-celesta-4cyc4ht.vercel.app/list-your-park?ref=bradley-outreach,https://temporary-zippy-celesta-4cyc4ht.vercel.app/list-your-park?ref=bradley-outreach
Oak Grove Estates,(912) 439-8841,Albany,GA,1209 Moultrie Road,31705,Dougherty,"Hi, Bradley with Tread Companies / Trailer Parks calling about Oak Grove Estates in Albany. Free marketplace for park owners — $0 listing fee, $0 success fee. Brokers take ~6%. We've operated 4,000+ spaces. Can I text the link?",Bradley @ Tread Companies / Trailer Parks re Oak Grove Estates (Albany). Free owner marketplace — $0 fees. List in 2 min: https://temporary-zippy-celesta-4cyc4ht.vercel.app/list-your-park?ref=bradley-outreach,https://temporary-zippy-celesta-4cyc4ht.vercel.app/list-your-park?ref=bradley-outreach
Suburban Mhp,(912) 435-5951,Albany,GA,3205 Sylvester Road,31705,Dougherty,"Hi, Bradley with Tread Companies / Trailer Parks calling about Suburban Mhp in Albany. Free marketplace for park owners — $0 listing fee, $0 success fee. Brokers take ~6%. We've operated 4,000+ spaces. Can I text the link?",Bradley @ Tread Companies / Trailer Parks re Suburban Mhp (Albany). Free owner marketplace — $0 fees. List in 2 min: https://temporary-zippy-celesta-4cyc4ht.vercel.app/list-your-park?ref=bradley-outreach,https://temporary-zippy-celesta-4cyc4ht.vercel.app/list-your-park?ref=bradley-outreach
David Mc Donald Enterprises,(912) 368-9218,Allenhurst,GA,1457 Dunlevie Road #B,31301,Liberty,"Hi, Bradley with Tread Companies / Trailer Parks calling about David Mc Donald Enterprises in Allenhurst. Free marketplace for park owners — $0 listing fee, $0 success fee. Brokers take ~6%. We've operated 4,000+ spaces. Can I text the link?",Bradley @ Tread Companies / Trailer Parks re David Mc Donald Enterprises (Allenhurst). Free owner marketplace — $0 fees. List in 2 min: https://temporary-zippy-celesta-4cyc4ht.vercel.app/list-your-park?ref=bradley-outreach,https://temporary-zippy-celesta-4cyc4ht.vercel.app/list-your-park?ref=bradley-outreach
Dennis Waters Rental Property,(912) 368-9205,Allenhurst,GA,565 Dunlevie Road,31301,Liberty,"Hi, Bradley with Tread Companies / Trailer Parks calling about Dennis Waters Rental Property in Allenhurst. Free marketplace for park owners — $0 listing fee, $0 success fee. Brokers take ~6%. We've operated 4,000+ spaces. Can I text the link?",Bradley @ Tread Companies / Trailer Parks re Dennis Waters Rental Property (Allenhurst). Free owner marketplace — $0 fees. List in 2 min: https://temporary-zippy-celesta-4cyc4ht.vercel.app/list-your-park?ref=bradley-outreach,https://temporary-zippy-celesta-4cyc4ht.vercel.app/list-your-park?ref=bradley-outreach
Pine Ridge Mobile Home Community,(770) 475-4767,Alpharetta,GA,6465 Highway 9 North,30004,Forsyth,"Hi, Bradley with Tread Companies / Trailer Parks calling about Pine Ridge Mobile Home Community in Alpharetta. Free marketplace for park owners — $0 listing fee, $0 success fee. Brokers take ~6%. We've operated 4,000+ spaces. Can I text the link?",Bradley @ Tread Companies / Trailer Parks re Pine Ridge Mobile Home Community (Alpharetta). Free owner marketplace — $0 fees. List in 2 min: https://temporary-zippy-celesta-4cyc4ht.vercel.app/list-your-park?ref=bradley-outreach,https://temporary-zippy-celesta-4cyc4ht.vercel.app/list-your-park?ref=bradley-outreach
Americus Homes & Construction,(912) 924-6944,Americus,GA,557 Us Highway 280 East,31709,Sumter,"Hi, Bradley with Tread Companies / Trailer Parks calling about Americus Homes & Construction in Americus. Free marketplace for park owners — $0 listing fee, $0 success fee. Brokers take ~6%. We've operated 4,000+ spaces. Can I text the link?",Bradley @ Tread Companies / Trailer Parks re Americus Homes & Construction (Americus). Free owner marketplace — $0 fees. List in 2 min: https://temporary-zippy-celesta-4cyc4ht.vercel.app/list-your-park?ref=bradley-outreach,https://temporary-zippy-celesta-4cyc4ht.vercel.app/list-your-park?ref=bradley-outreach
Country Estates,(912) 924-7532,Americus,GA,321 Lacrosse Road,31709,Sumter,"Hi, Bradley with Tread Companies / Trailer Parks calling about Country Estates in Americus. Free marketplace for park owners — $0 listing fee, $0 success fee. Brokers take ~6%. We've operated 4,000+ spaces. Can I text the link?",Bradley @ Tread Companies / Trailer Parks re Country Estates (Americus). Free owner marketplace — $0 fees. List in 2 min: https://temporary-zippy-celesta-4cyc4ht.vercel.app/list-your-park?ref=bradley-outreach,https://temporary-zippy-celesta-4cyc4ht.vercel.app/list-your-park?ref=bradley-outreach
Athens Mobile Home Court,(706) 543-6143,Athens,GA,218 North Avenue,30601,Clarke,"Hi, Bradley with Tread Companies / Trailer Parks calling about Athens Mobile Home Court in Athens. Free marketplace for park owners — $0 listing fee, $0 success fee. Brokers take ~6%. We've operated 4,000+ spaces. Can I text the link?",Bradley @ Tread Companies / Trailer Parks re Athens Mobile Home Court (Athens). Free owner marketplace — $0 fees. List in 2 min: https://temporary-zippy-celesta-4cyc4ht.vercel.app/list-your-park?ref=bradley-outreach,https://temporary-zippy-celesta-4cyc4ht.vercel.app/list-your-park?ref=bradley-outreach
Beaverdam Estates Mobile Home,(706) 543-9750,Athens,GA,2430 Cherokee Road,30605,Clarke,"Hi, Bradley with Tread Companies / Trailer Parks calling about Beaverdam Estates Mobile Home in Athens. Free marketplace for park owners — $0 listing fee, $0 success fee. Brokers take ~6%. We've operated 4,000+ spaces. Can I text the link?",Bradley @ Tread Companies / Trailer Parks re Beaverdam Estates Mobile Home (Athens). Free owner marketplace — $0 fees. List in 2 min: https://temporary-zippy-celesta-4cyc4ht.vercel.app/list-your-park?ref=bradley-outreach,https://temporary-zippy-celesta-4cyc4ht.vercel.app/list-your-park?ref=bradley-outreach
Country Corners Mhp,(706) 548-2315,Athens,GA,1495 Highway 29 North,30601,Clarke,"Hi, Bradley with Tread Companies / Trailer Parks calling about Country Corners Mhp in Athens. Free marketplace for park owners — $0 listing fee, $0 success fee. Brokers take ~6%. We've operated 4,000+ spaces. Can I text the link?",Bradley @ Tread Companies / Trailer Parks re Country Corners Mhp (Athens). Free owner marketplace — $0 fees. List in 2 min: https://temporary-zippy-celesta-4cyc4ht.vercel.app/list-your-park?ref=bradley-outreach,https://temporary-zippy-celesta-4cyc4ht.vercel.app/list-your-park?ref=bradley-outreach
Hallmark Mhp,(706) 549-2843,Athens,GA,705 Spring Valley Road,30605,Clarke,"Hi, Bradley with Tread Companies / Trailer Parks calling about Hallmark Mhp in Athens. Free marketplace for park owners — $0 listing fee, $0 success fee. Brokers take ~6%. We've operated 4,000+ spaces. Can I text the link?",Bradley @ Tread Companies / Trailer Parks re Hallmark Mhp (Athens). Free owner marketplace — $0 fees. List in 2 min: https://temporary-zippy-celesta-4cyc4ht.vercel.app/list-your-park?ref=bradley-outreach,https://temporary-zippy-celesta-4cyc4ht.vercel.app/list-your-park?ref=bradley-outreach
Highland Greens,(706) 546-8343,Athens,GA,950 Danielsville Road,30601,Clarke,"Hi, Bradley with Tread Companies / Trailer Parks calling about Highland Greens in Athens. Free marketplace for park owners — $0 listing fee, $0 success fee. Brokers take ~6%. We've operated 4,000+ spaces. Can I text the link?",Bradley @ Tread Companies / Trailer Parks re Highland Greens (Athens). Free owner marketplace — $0 fees. List in 2 min: https://temporary-zippy-celesta-4cyc4ht.vercel.app/list-your-park?ref=bradley-outreach,https://temporary-zippy-celesta-4cyc4ht.vercel.app/list-your-park?ref=bradley-outreach
Ray'S Mhp,(706) 548-1894,Athens,GA,190 Chandler Ray Road,30601,Madison,"Hi, Bradley with Tread Companies / Trailer Parks calling about Ray'S Mhp in Athens. Free marketplace for park owners — $0 listing fee, $0 success fee. Brokers take ~6%. We've operated 4,000+ spaces. Can I text the link?",Bradley @ Tread Companies / Trailer Parks re Ray'S Mhp (Athens). Free owner marketplace — $0 fees. List in 2 min: https://temporary-zippy-celesta-4cyc4ht.vercel.app/list-your-park?ref=bradley-outreach,https://temporary-zippy-celesta-4cyc4ht.vercel.app/list-your-park?ref=bradley-outreach
Big Oak Mhp,(404) 794-3611,Atlanta,GA,2748 Bankhead Highway Northwest,30318,Carroll,"Hi, Bradley with Tread Companies / Trailer Parks calling about Big Oak Mhp in Atlanta. Free marketplace for park owners — $0 listing fee, $0 success fee. Brokers take ~6%. We've operated 4,000+ spaces. Can I text the link?",Bradley @ Tread Companies / Trailer Parks re Big Oak Mhp (Atlanta). Free owner marketplace — $0 fees. List in 2 min: https://temporary-zippy-celesta-4cyc4ht.vercel.app/list-your-park?ref=bradley-outreach,https://temporary-zippy-celesta-4cyc4ht.vercel.app/list-your-park?ref=bradley-outreach
Central Mobile Home Village,(404) 355-5978,Atlanta,GA,1505 Chattahoochee Avenue Northwest,30318,Fulton,"Hi, Bradley with Tread Companies / Trailer Parks calling about Central Mobile Home Village in Atlanta. Free marketplace for park owners — $0 listing fee, $0 success fee. Brokers take ~6%. We've operated 4,000+ spaces. Can I text the link?",Bradley @ Tread Companies / Trailer Parks re Central Mobile Home Village (Atlanta). Free owner marketplace — $0 fees. List in 2 min: https://temporary-zippy-celesta-4cyc4ht.vercel.app/list-your-park?ref=bradley-outreach,https://temporary-zippy-celesta-4cyc4ht.vercel.app/list-your-park?ref=bradley-outreach
Colony South Mhp,(404) 622-2611,Atlanta,GA,2520 Jonesboro Road Southeast,30315,Fulton,"Hi, Bradley with Tread Companies / Trailer Parks calling about Colony South Mhp in Atlanta. Free marketplace for park owners — $0 listing fee, $0 success fee. Brokers take ~6%. We've operated 4,000+ spaces. Can I text the link?",Bradley @ Tread Companies / Trailer Parks re Colony South Mhp (Atlanta). Free owner marketplace — $0 fees. List in 2 min: https://temporary-zippy-celesta-4cyc4ht.vercel.app/list-your-park?ref=bradley-outreach,https://temporary-zippy-celesta-4cyc4ht.vercel.app/list-your-park?ref=bradley-outreach
Trail-R-Inn Mhp,(404) 766-4522,Atlanta,GA,501 Connell Avenue Southwest,30315,Fulton,"Hi, Bradley with Tread Companies / Trailer Parks calling about Trail-R-Inn Mhp in Atlanta. Free marketplace for park owners — $0 listing fee, $0 success fee. Brokers take ~6%. We've operated 4,000+ spaces. Can I text the link?",Bradley @ Tread Companies / Trailer Parks re Trail-R-Inn Mhp (Atlanta). Free owner marketplace — $0 fees. List in 2 min: https://temporary-zippy-celesta-4cyc4ht.vercel.app/list-your-park?ref=bradley-outreach,https://temporary-zippy-celesta-4cyc4ht.vercel.app/list-your-park?ref=bradley-outreach
Auburn Mhp,(770) 963-5018,Auburn,GA,275 Carter Road #3,30011,Barrow,"Hi, Bradley with Tread Companies / Trailer Parks calling about Auburn Mhp in Auburn. Free marketplace for park owners — $0 listing fee, $0 success fee. Brokers take ~6%. We've operated 4,000+ spaces. Can I text the link?",Bradley @ Tread Companies / Trailer Parks re Auburn Mhp (Auburn). Free owner marketplace — $0 fees. List in 2 min: https://temporary-zippy-celesta-4cyc4ht.vercel.app/list-your-park?ref=bradley-outreach,https://temporary-zippy-celesta-4cyc4ht.vercel.app/list-your-park?ref=bradley-outreach
Adam'S Mobile Home Transporter,(706) 798-0425,Augusta,GA,3378 Milledgeville Road,30909,Richmond,"Hi, Bradley with Tread Companies / Trailer Parks calling about Adam'S Mobile Home Transporter in Augusta. Free marketplace for park owners — $0 listing fee, $0 success fee. Brokers take ~6%. We've operated 4,000+ spaces. Can I text the link?",Bradley @ Tread Companies / Trailer Parks re Adam'S Mobile Home Transporter (Augusta). Free owner marketplace — $0 fees. List in 2 min: https://temporary-zippy-celesta-4cyc4ht.vercel.app/list-your-park?ref=bradley-outreach,https://temporary-zippy-celesta-4cyc4ht.vercel.app/list-your-park?ref=bradley-outreach
Augusta Estates,(706) 733-0563,Augusta,GA,2526 Milledgeville Road,30904,Richmond,"Hi, Bradley with Tread Companies / Trailer Parks calling about Augusta Estates in Augusta. Free marketplace for park owners — $0 listing fee, $0 success fee. Brokers take ~6%. We've operated 4,000+ spaces. Can I text the link?",Bradley @ Tread Companies / Trailer Parks re Augusta Estates (Augusta). Free owner marketplace — $0 fees. List in 2 min: https://temporary-zippy-celesta-4cyc4ht.vercel.app/list-your-park?ref=bradley-outreach,https://temporary-zippy-celesta-4cyc4ht.vercel.app/list-your-park?ref=bradley-outreach
Butler Creek Mobile Home Community,(706) 790-0664,Augusta,GA,1850 Phinizy Road,30906,Richmond,"Hi, Bradley with Tread Companies / Trailer Parks calling about Butler Creek Mobile Home Community in Augusta. Free marketplace for park owners — $0 listing fee, $0 success fee. Brokers take ~6%. We've operated 4,000+ spaces. Can I text the link?",Bradley @ Tread Companies / Trailer Parks re Butler Creek Mobile Home Community (Augusta). Free owner marketplace — $0 fees. List in 2 min: https://temporary-zippy-celesta-4cyc4ht.vercel.app/list-your-park?ref=bradley-outreach,https://temporary-zippy-celesta-4cyc4ht.vercel.app/list-your-park?ref=bradley-outreach
Carmell Mhp,(706) 738-5491,Augusta,GA,3337 Milledgeville Road #220,30909,Richmond,"Hi, Bradley with Tread Companies / Trailer Parks calling about Carmell Mhp in Augusta. Free marketplace for park owners — $0 listing fee, $0 success fee. Brokers take ~6%. We've operated 4,000+ spaces. Can I text the link?",Bradley @ Tread Companies / Trailer Parks re Carmell Mhp (Augusta). Free owner marketplace — $0 fees. List in 2 min: https://temporary-zippy-celesta-4cyc4ht.vercel.app/list-your-park?ref=bradley-outreach,https://temporary-zippy-celesta-4cyc4ht.vercel.app/list-your-park?ref=bradley-outreach
Castle Pines Mobile Homes-Park,(706) 793-1296,Augusta,GA,3866 Mike Padgett Highway,30906,Richmond,"Hi, Bradley with Tread Companies / Trailer Parks calling about Castle Pines Mobile Homes-Park in Augusta. Free marketplace for park owners — $0 listing fee, $0 success fee. Brokers take ~6%. We've operated 4,000+ spaces. Can I text the link?",Bradley @ Tread Companies / Trailer Parks re Castle Pines Mobile Homes-Park (Augusta). Free owner marketplace — $0 fees. List in 2 min: https://temporary-zippy-celesta-4cyc4ht.vercel.app/list-your-park?ref=bradley-outreach,https://temporary-zippy-celesta-4cyc4ht.vercel.app/list-your-park?ref=bradley-outreach
Creekside Estates Ii,(706) 855-8063,Augusta,GA,5321 Wrightsboro Road,30909,Columbia,"Hi, Bradley with Tread Companies / Trailer Parks calling about Creekside Estates Ii in Augusta. Free marketplace for park owners — $0 listing fee, $0 success fee. Brokers take ~6%. We've operated 4,000+ spaces. Can I text the link?",Bradley @ Tread Companies / Trailer Parks re Creekside Estates Ii (Augusta). Free owner marketplace — $0 fees. List in 2 min: https://temporary-zippy-celesta-4cyc4ht.vercel.app/list-your-park?ref=bradley-outreach,https://temporary-zippy-celesta-4cyc4ht.vercel.app/list-your-park?ref=bradley-outreach
Durand Mobile Home Court,(706) 736-9049,Augusta,GA,2036 Gordon Highway,30909,Richmond,"Hi, Bradley with Tread Companies / Trailer Parks calling about Durand Mobile Home Court in Augusta. Free marketplace for park owners — $0 listing fee, $0 success fee. Brokers take ~6%. We've operated 4,000+ spaces. Can I text the link?",Bradley @ Tread Companies / Trailer Parks re Durand Mobile Home Court (Augusta). Free owner marketplace — $0 fees. List in 2 min: https://temporary-zippy-celesta-4cyc4ht.vercel.app/list-your-park?ref=bradley-outreach,https://temporary-zippy-celesta-4cyc4ht.vercel.app/list-your-park?ref=bradley-outreach
Emery Hills Mhp,(706) 790-5599,Augusta,GA,2969 Glenn Hills Drive,30906,Richmond,"Hi, Bradley with Tread Companies / Trailer Parks calling about Emery Hills Mhp in Augusta. Free marketplace for park owners — $0 listing fee, $0 success fee. Brokers take ~6%. We've operated 4,000+ spaces. Can I text the link?",Bradley @ Tread Companies / Trailer Parks re Emery Hills Mhp (Augusta). Free owner marketplace — $0 fees. List in 2 min: https://temporary-zippy-celesta-4cyc4ht.vercel.app/list-your-park?ref=bradley-outreach,https://temporary-zippy-celesta-4cyc4ht.vercel.app/list-your-park?ref=bradley-outreach
Gaskins Mhps,(706) 736-2294,Augusta,GA,2212 Sibley Rd,30909,Richmond,"Hi, Bradley with Tread Companies / Trailer Parks calling about Gaskins Mhps in Augusta. Free marketplace for park owners — $0 listing fee, $0 success fee. Brokers take ~6%. We've operated 4,000+ spaces. Can I text the link?",Bradley @ Tread Companies / Trailer Parks re Gaskins Mhps (Augusta). Free owner marketplace — $0 fees. List in 2 min: https://temporary-zippy-celesta-4cyc4ht.vercel.app/list-your-park?ref=bradley-outreach,https://temporary-zippy-celesta-4cyc4ht.vercel.app/list-your-park?ref=bradley-outreach
Heritage Mobile Home Community,(706) 863-3333,Augusta,GA,3863 Wrightsboro Road,30909,Richmond,"Hi, Bradley with Tread Companies / Trailer Parks calling about Heritage Mobile Home Community in Augusta. Free marketplace for park owners — $0 listing fee, $0 success fee. Brokers take ~6%. We've operated 4,000+ spaces. Can I text the link?",Bradley @ Tread Companies / Trailer Parks re Heritage Mobile Home Community (Augusta). Free owner marketplace — $0 fees. List in 2 min: https://temporary-zippy-celesta-4cyc4ht.vercel.app/list-your-park?ref=bradley-outreach,https://temporary-zippy-celesta-4cyc4ht.vercel.app/list-your-park?ref=bradley-outreach
Mobile Home Country Club,(706) 738-6820,Augusta,GA,1923 Barton Chapel Road,30909,Richmond,"Hi, Bradley with Tread Companies / Trailer Parks calling about Mobile Home Country Club in Augusta. Free marketplace for park owners — $0 listing fee, $0 success fee. Brokers take ~6%. We've operated 4,000+ spaces. Can I text the link?",Bradley @ Tread Companies / Trailer Parks re Mobile Home Country Club (Augusta). Free owner marketplace — $0 fees. List in 2 min: https://temporary-zippy-celesta-4cyc4ht.vercel.app/list-your-park?ref=bradley-outreach,https://temporary-zippy-celesta-4cyc4ht.vercel.app/list-your-park?ref=bradley-outreach
Oakdale Park Trailer Park,(706) 736-0936,Augusta,GA,2549 Deans Bridge Road,30906,Richmond,"Hi, Bradley with Tread Companies / Trailer Parks calling about Oakdale Park Trailer Park in Augusta. Free marketplace for park owners — $0 listing fee, $0 success fee. Brokers take ~6%. We've operated 4,000+ spaces. Can I text the link?",Bradley @ Tread Companies / Trailer Parks re Oakdale Park Trailer Park (Augusta). Free owner marketplace — $0 fees. List in 2 min: https://temporary-zippy-celesta-4cyc4ht.vercel.app/list-your-park?ref=bradley-outreach,https://temporary-zippy-celesta-4cyc4ht.vercel.app/list-your-park?ref=bradley-outreach
Cross Creek Villas,(770) 948-3579,Austell,GA,2711 Brook Forrest Road,30168,Douglas,"Hi, Bradley with Tread Companies / Trailer Parks calling about Cross Creek Villas in Austell. Free marketplace for park owners — $0 listing fee, $0 success fee. Brokers take ~6%. We've operated 4,000+ spaces. Can I text the link?",Bradley @ Tread Companies / Trailer Parks re Cross Creek Villas (Austell). Free owner marketplace — $0 fees. List in 2 min: https://temporary-zippy-celesta-4cyc4ht.vercel.app/list-your-park?ref=bradley-outreach,https://temporary-zippy-celesta-4cyc4ht.vercel.app/list-your-park?ref=bradley-outreach
Douglas Estates Mobile Home,(770) 941-1112,Austell,GA,1 Barbara Lane,30168,Douglas,"Hi, Bradley with Tread Companies / Trailer Parks calling about Douglas Estates Mobile Home in Austell. Free marketplace for park owners — $0 listing fee, $0 success fee. Brokers take ~6%. We've operated 4,000+ spaces. Can I text the link?",Bradley @ Tread Companies / Trailer Parks re Douglas Estates Mobile Home (Austell). Free owner marketplace — $0 fees. List in 2 min: https://temporary-zippy-celesta-4cyc4ht.vercel.app/list-your-park?ref=bradley-outreach,https://temporary-zippy-celesta-4cyc4ht.vercel.app/list-your-park?ref=bradley-outreach
Green Acres Mobile Home Estates,(770) 948-4001,Austell,GA,1915 Cardell Road,30168,Cobb,"Hi, Bradley with Tread Companies / Trailer Parks calling about Green Acres Mobile Home Estates in Austell. Free marketplace for park owners — $0 listing fee, $0 success fee. Brokers take ~6%. We've operated 4,000+ spaces. Can I text the link?",Bradley @ Tread Companies / Trailer Parks re Green Acres Mobile Home Estates (Austell). Free owner marketplace — $0 fees. List in 2 min: https://temporary-zippy-celesta-4cyc4ht.vercel.app/list-your-park?ref=bradley-outreach,https://temporary-zippy-celesta-4cyc4ht.vercel.app/list-your-park?ref=bradley-outreach
Ralph'S Mobile Homes Estates,(770) 948-3020,Austell,GA,2300 Bankhead Highway,30168,Cobb,"Hi, Bradley with Tread Companies / Trailer Parks calling about Ralph'S Mobile Homes Estates in Austell. Free marketplace for park owners — $0 listing fee, $0 success fee. Brokers take ~6%. We've operated 4,000+ spaces. Can I text the link?",Bradley @ Tread Companies / Trailer Parks re Ralph'S Mobile Homes Estates (Austell). Free owner marketplace — $0 fees. List in 2 min: https://temporary-zippy-celesta-4cyc4ht.vercel.app/list-your-park?ref=bradley-outreach,https://temporary-zippy-celesta-4cyc4ht.vercel.app/list-your-park?ref=bradley-outreach
Sweet Water Shoals,(770) 944-2422,Austell,GA,1979 Cardell Road,30168,Cobb,"Hi, Bradley with Tread Companies / Trailer Parks calling about Sweet Water Shoals in Austell. Free marketplace for park owners — $0 listing fee, $0 success fee. Brokers take ~6%. We've operated 4,000+ spaces. Can I text the link?",Bradley @ Tread Companies / Trailer Parks re Sweet Water Shoals (Austell). Free owner marketplace — $0 fees. List in 2 min: https://temporary-zippy-celesta-4cyc4ht.vercel.app/list-your-park?ref=bradley-outreach,https://temporary-zippy-celesta-4cyc4ht.vercel.app/list-your-park?ref=bradley-outreach
Village Mhp,(770) 941-7070,Austell,GA,750 Six Flags Road,30168,Cobb,"Hi, Bradley with Tread Companies / Trailer Parks calling about Village Mhp in Austell. Free marketplace for park owners — $0 listing fee, $0 success fee. Brokers take ~6%. We've operated 4,000+ spaces. Can I text the link?",Bradley @ Tread Companies / Trailer Parks re Village Mhp (Austell). Free owner marketplace — $0 fees. List in 2 min: https://temporary-zippy-celesta-4cyc4ht.vercel.app/list-your-park?ref=bradley-outreach,https://temporary-zippy-celesta-4cyc4ht.vercel.app/list-your-park?ref=bradley-outreach
Campus Colony Mhp,(912) 246-7000,Bainbridge,GA,2632 Thomasville Road,31717,Decatur,"Hi, Bradley with Tread Companies / Trailer Parks calling about Campus Colony Mhp in Bainbridge. Free marketplace for park owners — $0 listing fee, $0 success fee. Brokers take ~6%. We've operated 4,000+ spaces. Can I text the link?",Bradley @ Tread Companies / Trailer Parks re Campus Colony Mhp (Bainbridge). Free owner marketplace — $0 fees. List in 2 min: https://temporary-zippy-celesta-4cyc4ht.vercel.app/list-your-park?ref=bradley-outreach,https://temporary-zippy-celesta-4cyc4ht.vercel.app/list-your-park?ref=bradley-outreach
Sandy Acres Mhp,(912) 246-4816,Bainbridge,GA,2521 Old Whigham Road,31717,Decatur,"Hi, Bradley with Tread Companies / Trailer Parks calling about Sandy Acres Mhp in Bainbridge. Free marketplace for park owners — $0 listing fee, $0 success fee. Brokers take ~6%. We've operated 4,000+ spaces. Can I text the link?",Bradley @ Tread Companies / Trailer Parks re Sandy Acres Mhp (Bainbridge). Free owner marketplace — $0 fees. List in 2 min: https://temporary-zippy-celesta-4cyc4ht.vercel.app/list-your-park?ref=bradley-outreach,https://temporary-zippy-celesta-4cyc4ht.vercel.app/list-your-park?ref=bradley-outreach
341 Mhp,(770) 358-3683,Barnesville,GA,132 Johnson Road,30204,Lamar,"Hi, Bradley with Tread Companies / Trailer Parks calling about 341 Mhp in Barnesville. Free marketplace for park owners — $0 listing fee, $0 success fee. Brokers take ~6%. We've operated 4,000+ spaces. Can I text the link?",Bradley @ Tread Companies / Trailer Parks re 341 Mhp (Barnesville). Free owner marketplace — $0 fees. List in 2 min: https://temporary-zippy-celesta-4cyc4ht.vercel.app/list-your-park?ref=bradley-outreach,https://temporary-zippy-celesta-4cyc4ht.vercel.app/list-your-park?ref=bradley-outreach
Pines Mhp,(912) 367-2048,Baxley,GA,1949 Hatch Pkwy South #1,31513,Appling,"Hi, Bradley with Tread Companies / Trailer Parks calling about Pines Mhp in Baxley. Free marketplace for park owners — $0 listing fee, $0 success fee. Brokers take ~6%. We've operated 4,000+ spaces. Can I text the link?",Bradley @ Tread Companies / Trailer Parks re Pines Mhp (Baxley). Free owner marketplace — $0 fees. List in 2 min: https://temporary-zippy-celesta-4cyc4ht.vercel.app/list-your-park?ref=bradley-outreach,https://temporary-zippy-celesta-4cyc4ht.vercel.app/list-your-park?ref=bradley-outreach
Ledford Mhp,(706) 632-3057,Blue Ridge,GA,Wilson Street,30513,Fannin,"Hi, Bradley with Tread Companies / Trailer Parks calling about Ledford Mhp in Blue Ridge. Free marketplace for park owners — $0 listing fee, $0 success fee. Brokers take ~6%. We've operated 4,000+ spaces. Can I text the link?",Bradley @ Tread Companies / Trailer Parks re Ledford Mhp (Blue Ridge). Free owner marketplace — $0 fees. List in 2 min: https://temporary-zippy-celesta-4cyc4ht.vercel.app/list-your-park?ref=bradley-outreach,https://temporary-zippy-celesta-4cyc4ht.vercel.app/list-your-park?ref=bradley-outreach
Knightsbridge Mhp,(706) 548-3865,Bogart,GA,225 Lone Star Drive,30622,Clarke,"Hi, Bradley with Tread Companies / Trailer Parks calling about Knightsbridge Mhp in Bogart. Free marketplace for park owners — $0 listing fee, $0 success fee. Brokers take ~6%. We've operated 4,000+ spaces. Can I text the link?",Bradley @ Tread Companies / Trailer Parks re Knightsbridge Mhp (Bogart). Free owner marketplace — $0 fees. List in 2 min: https://temporary-zippy-celesta-4cyc4ht.vercel.app/list-your-park?ref=bradley-outreach,https://temporary-zippy-celesta-4cyc4ht.vercel.app/list-your-park?ref=bradley-outreach
Bonaire Mobile Home Plaza,(912) 923-7646,Bonaire,GA,107 Sandy Run Road,31005,Houston,"Hi, Bradley with Tread Companies / Trailer Parks calling about Bonaire Mobile Home Plaza in Bonaire. Free marketplace for park owners — $0 listing fee, $0 success fee. Brokers take ~6%. We've operated 4,000+ spaces. Can I text the link?",Bradley @ Tread Companies / Trailer Parks re Bonaire Mobile Home Plaza (Bonaire). Free owner marketplace — $0 fees. List in 2 min: https://temporary-zippy-celesta-4cyc4ht.vercel.app/list-your-park?ref=bradley-outreach,https://temporary-zippy-celesta-4cyc4ht.vercel.app/list-your-park?ref=bradley-outreach
Pinewood Village Mobile Home,(912) 923-8706,Bonaire,GA,185 Oakwood Drive,31005,Houston,"Hi, Bradley with Tread Companies / Trailer Parks calling about Pinewood Village Mobile Home in Bonaire. Free marketplace for park owners — $0 listing fee, $0 success fee. Brokers take ~6%. We've operated 4,000+ spaces. Can I text the link?",Bradley @ Tread Companies / Trailer Parks re Pinewood Village Mobile Home (Bonaire). Free owner marketplace — $0 fees. List in 2 min: https://temporary-zippy-celesta-4cyc4ht.vercel.app/list-your-park?ref=bradley-outreach,https://temporary-zippy-celesta-4cyc4ht.vercel.app/list-your-park?ref=bradley-outreach
Pleasant Acres Mhp,(770) 537-1462,Bremen,GA,14 Hurst Mill Road,30110,Haralson,"Hi, Bradley with Tread Companies / Trailer Parks calling about Pleasant Acres Mhp in Bremen. Free marketplace for park owners — $0 listing fee, $0 success fee. Brokers take ~6%. We've operated 4,000+ spaces. Can I text the link?",Bradley @ Tread Companies / Trailer Parks re Pleasant Acres Mhp (Bremen). Free owner marketplace — $0 fees. List in 2 min: https://temporary-zippy-celesta-4cyc4ht.vercel.app/list-your-park?ref=bradley-outreach,https://temporary-zippy-celesta-4cyc4ht.vercel.app/list-your-park?ref=bradley-outreach
Driftwood Mhp,(912) 265-7150,Brunswick,GA,1027 Old Jesup Road,31520,Glynn,"Hi, Bradley with Tread Companies / Trailer Parks calling about Driftwood Mhp in Brunswick. Free marketplace for park owners — $0 listing fee, $0 success fee. Brokers take ~6%. We've operated 4,000+ spaces. Can I text the link?",Bradley @ Tread Companies / Trailer Parks re Driftwood Mhp (Brunswick). Free owner marketplace — $0 fees. List in 2 min: https://temporary-zippy-celesta-4cyc4ht.vercel.app/list-your-park?ref=bradley-outreach,https://temporary-zippy-celesta-4cyc4ht.vercel.app/list-your-park?ref=bradley-outreach
Druid Oaks Mhp,(912) 265-8310,Brunswick,GA,4240 Us Highway 17 North,31525,Glynn,"Hi, Bradley with Tread Companies / Trailer Parks calling about Druid Oaks Mhp in Brunswick. Free marketplace for park owners — $0 listing fee, $0 success fee. Brokers take ~6%. We've operated 4,000+ spaces. Can I text the link?",Bradley @ Tread Companies / Trailer Parks re Druid Oaks Mhp (Brunswick). Free owner marketplace — $0 fees. List in 2 min: https://temporary-zippy-celesta-4cyc4ht.vercel.app/list-your-park?ref=bradley-outreach,https://temporary-zippy-celesta-4cyc4ht.vercel.app/list-your-park?ref=bradley-outreach
Fairview Trailer Village,(912) 265-7469,Brunswick,GA,221 Robarts Street,31520,Glynn,"Hi, Bradley with Tread Companies / Trailer Parks calling about Fairview Trailer Village in Brunswick. Free marketplace for park owners — $0 listing fee, $0 success fee. Brokers take ~6%. We've operated 4,000+ spaces. Can I text the link?",Bradley @ Tread Companies / Trailer Parks re Fairview Trailer Village (Brunswick). Free owner marketplace — $0 fees. List in 2 min: https://temporary-zippy-celesta-4cyc4ht.vercel.app/list-your-park?ref=bradley-outreach,https://temporary-zippy-celesta-4cyc4ht.vercel.app/list-your-park?ref=bradley-outreach
New Hope Mhp,(912) 264-5747,Brunswick,GA,5410 Us Highway 17 North,31525,Glynn,"Hi, Bradley with Tread Companies / Trailer Parks calling about New Hope Mhp in Brunswick. Free marketplace for park owners — $0 listing fee, $0 success fee. Brokers take ~6%. We've operated 4,000+ spaces. Can I text the link?",Bradley @ Tread Companies / Trailer Parks re New Hope Mhp (Brunswick). Free owner marketplace — $0 fees. List in 2 min: https://temporary-zippy-celesta-4cyc4ht.vercel.app/list-your-park?ref=bradley-outreach,https://temporary-zippy-celesta-4cyc4ht.vercel.app/list-your-park?ref=bradley-outreach
Shady Acres Mhp,(912) 264-8952,Brunswick,GA,54 Holtz Road,31523,Glynn,"Hi, Bradley with Tread Companies / Trailer Parks calling about Shady Acres Mhp in Brunswick. Free marketplace for park owners — $0 listing fee, $0 success fee. Brokers take ~6%. We've operated 4,000+ spaces. Can I text the link?",Bradley @ Tread Companies / Trailer Parks re Shady Acres Mhp (Brunswick). Free owner marketplace — $0 fees. List in 2 min: https://temporary-zippy-celesta-4cyc4ht.vercel.app/list-your-park?ref=bradley-outreach,https://temporary-zippy-celesta-4cyc4ht.vercel.app/list-your-park?ref=bradley-outreach
Thornhill Mhp,(912) 265-4990,Brunswick,GA,4525 Darien Highway,31525,Glynn,"Hi, Bradley with Tread Companies / Trailer Parks calling about Thornhill Mhp in Brunswick. Free marketplace for park owners — $0 listing fee, $0 success fee. Brokers take ~6%. We've operated 4,000+ spaces. Can I text the link?",Bradley @ Tread Companies / Trailer Parks re Thornhill Mhp (Brunswick). Free owner marketplace — $0 fees. List in 2 min: https://temporary-zippy-celesta-4cyc4ht.vercel.app/list-your-park?ref=bradley-outreach,https://temporary-zippy-celesta-4cyc4ht.vercel.app/list-your-park?ref=bradley-outreach
Trans-Villa Mhp,(912) 265-3232,Brunswick,GA,145 Emanuel Farm Road,31525,Glynn,"Hi, Bradley with Tread Companies / Trailer Parks calling about Trans-Villa Mhp in Brunswick. Free marketplace for park owners — $0 listing fee, $0 success fee. Brokers take ~6%. We've operated 4,000+ spaces. Can I text the link?",Bradley @ Tread Companies / Trailer Parks re Trans-Villa Mhp (Brunswick). Free owner marketplace — $0 fees. List in 2 min: https://temporary-zippy-celesta-4cyc4ht.vercel.app/list-your-park?ref=bradley-outreach,https://temporary-zippy-celesta-4cyc4ht.vercel.app/list-your-park?ref=bradley-outreach
Woodland Mhp,(912) 264-9293,Brunswick,GA,3975 Darien Highway,31525,Glynn,"Hi, Bradley with Tread Companies / Trailer Parks calling about Woodland Mhp in Brunswick. Free marketplace for park owners — $0 listing fee, $0 success fee. Brokers take ~6%. We've operated 4,000+ spaces. Can I text the link?",Bradley @ Tread Companies / Trailer Parks re Woodland Mhp (Brunswick). Free owner marketplace — $0 fees. List in 2 min: https://temporary-zippy-celesta-4cyc4ht.vercel.app/list-your-park?ref=bradley-outreach,https://temporary-zippy-celesta-4cyc4ht.vercel.app/list-your-park?ref=bradley-outreach
Apple Ridge,(770) 945-7666,Buford,GA,2054 Appling Circle,30518,Gwinnett,"Hi, Bradley with Tread Companies / Trailer Parks calling about Apple Ridge in Buford. Free marketplace for park owners — $0 listing fee, $0 success fee. Brokers take ~6%. We've operated 4,000+ spaces. Can I text the link?",Bradley @ Tread Companies / Trailer Parks re Apple Ridge (Buford). Free owner marketplace — $0 fees. List in 2 min: https://temporary-zippy-celesta-4cyc4ht.vercel.app/list-your-park?ref=bradley-outreach,https://temporary-zippy-celesta-4cyc4ht.vercel.app/list-your-park?ref=bradley-outreach
Countryside Village Of Gwinnett,(866) 238-8756,Buford,GA,1125 Horizon Pkwy,30518,Gwinnett,"Hi, Bradley with Tread Companies / Trailer Parks calling about Countryside Village Of Gwinnett in Buford. Free marketplace for park owners — $0 listing fee, $0 success fee. Brokers take ~6%. We've operated 4,000+ spaces. Can I text the link?",Bradley @ Tread Companies / Trailer Parks re Countryside Village Of Gwinnett (Buford). Free owner marketplace — $0 fees. List in 2 min: https://temporary-zippy-celesta-4cyc4ht.vercel.app/list-your-park?ref=bradley-outreach,https://temporary-zippy-celesta-4cyc4ht.vercel.app/list-your-park?ref=bradley-outreach
Countryside Village Of Lake Lanier,(770) 945-8901,Buford,GA,4802 Friendship Road,30518,Hall,"Hi, Bradley with Tread Companies / Trailer Parks calling about Countryside Village Of Lake Lanier in Buford. Free marketplace for park owners — $0 listing fee, $0 success fee. Brokers take ~6%. We've operated 4,000+ spaces. Can I text the link?",Bradley @ Tread Companies / Trailer Parks re Countryside Village Of Lake Lanier (Buford). Free owner marketplace — $0 fees. List in 2 min: https://temporary-zippy-celesta-4cyc4ht.vercel.app/list-your-park?ref=bradley-outreach,https://temporary-zippy-celesta-4cyc4ht.vercel.app/list-your-park?ref=bradley-outreach
Peachtree Village Mobile Home,(770) 932-8451,Buford,GA,1475 Peachtree Industrial Boulevard,30518,Gwinnett,"Hi, Bradley with Tread Companies / Trailer Parks calling about Peachtree Village Mobile Home in Buford. Free marketplace for park owners — $0 listing fee, $0 success fee. Brokers take ~6%. We've operated 4,000+ spaces. Can I text the link?",Bradley @ Tread Companies / Trailer Parks re Peachtree Village Mobile Home (Buford). Free owner marketplace — $0 fees. List in 2 min: https://temporary-zippy-celesta-4cyc4ht.vercel.app/list-your-park?ref=bradley-outreach,https://temporary-zippy-celesta-4cyc4ht.vercel.app/list-your-park?ref=bradley-outreach
Gleaton'S Mhp,(912) 953-3902,Byron,GA,3336 Us Highway 41 North,31008,Houston,"Hi, Bradley with Tread Companies / Trailer Parks calling about Gleaton'S Mhp in Byron. Free marketplace for park owners — $0 listing fee, $0 success fee. Brokers take ~6%. We've operated 4,000+ spaces. Can I text the link?",Bradley @ Tread Companies / Trailer Parks re Gleaton'S Mhp (Byron). Free owner marketplace — $0 fees. List in 2 min: https://temporary-zippy-celesta-4cyc4ht.vercel.app/list-your-park?ref=bradley-outreach,https://temporary-zippy-celesta-4cyc4ht.vercel.app/list-your-park?ref=bradley-outreach
Grove Estates,(912) 953-1733,Byron,GA,4001 Us Highway 41 North,31008,Houston,"Hi, Bradley with Tread Companies / Trailer Parks calling about Grove Estates in Byron. Free marketplace for park owners — $0 listing fee, $0 success fee. Brokers take ~6%. We've operated 4,000+ spaces. Can I text the link?",Bradley @ Tread Companies / Trailer Parks re Grove Estates (Byron). Free owner marketplace — $0 fees. List in 2 min: https://temporary-zippy-celesta-4cyc4ht.vercel.app/list-your-park?ref=bradley-outreach,https://temporary-zippy-celesta-4cyc4ht.vercel.app/list-your-park?ref=bradley-outreach
Kingsridge Mhp,(912) 956-4966,Byron,GA,1422 Dunbar Road,31008,Houston,"Hi, Bradley with Tread Companies / Trailer Parks calling about Kingsridge Mhp in Byron. Free marketplace for park owners — $0 listing fee, $0 success fee. Brokers take ~6%. We've operated 4,000+ spaces. Can I text the link?",Bradley @ Tread Companies / Trailer Parks re Kingsridge Mhp (Byron). Free owner marketplace — $0 fees. List in 2 min: https://temporary-zippy-celesta-4cyc4ht.vercel.app/list-your-park?ref=bradley-outreach,https://temporary-zippy-celesta-4cyc4ht.vercel.app/list-your-park?ref=bradley-outreach
Sunnyland Mhp,(912) 953-3683,Byron,GA,224 Sudan Road,31008,Peach,"Hi, Bradley with Tread Companies / Trailer Parks calling about Sunnyland Mhp in Byron. Free marketplace for park owners — $0 listing fee, $0 success fee. Brokers take ~6%. We've operated 4,000+ spaces. Can I text the link?",Bradley @ Tread Companies / Trailer Parks re Sunnyland Mhp (Byron). Free owner marketplace — $0 fees. List in 2 min: https://temporary-zippy-celesta-4cyc4ht.vercel.app/list-your-park?ref=bradley-outreach,https://temporary-zippy-celesta-4cyc4ht.vercel.app/list-your-park?ref=bradley-outreach
Karema Estates,(912) 377-2862,Cairo,GA,363 Joyner Road,31728,Grady,"Hi, Bradley with Tread Companies / Trailer Parks calling about Karema Estates in Cairo. Free marketplace for park owners — $0 listing fee, $0 success fee. Brokers take ~6%. We've operated 4,000+ spaces. Can I text the link?",Bradley @ Tread Companies / Trailer Parks re Karema Estates (Cairo). Free owner marketplace — $0 fees. List in 2 min: https://temporary-zippy-celesta-4cyc4ht.vercel.app/list-your-park?ref=bradley-outreach,https://temporary-zippy-celesta-4cyc4ht.vercel.app/list-your-park?ref=bradley-outreach
Bennie Darnell Mobile Homes,(770) 345-5531,Canton,GA,4872 Hickory Flat Highway,30115,Cherokee,"Hi, Bradley with Tread Companies / Trailer Parks calling about Bennie Darnell Mobile Homes in Canton. Free marketplace for park owners — $0 listing fee, $0 success fee. Brokers take ~6%. We've operated 4,000+ spaces. Can I text the link?",Bradley @ Tread Companies / Trailer Parks re Bennie Darnell Mobile Homes (Canton). Free owner marketplace — $0 fees. List in 2 min: https://temporary-zippy-celesta-4cyc4ht.vercel.app/list-your-park?ref=bradley-outreach,https://temporary-zippy-celesta-4cyc4ht.vercel.app/list-your-park?ref=bradley-outreach
Holly Mhp,(770) 345-3093,Canton,GA,4251 Holly Springs Pkwy,30115,Cherokee,"Hi, Bradley with Tread Companies / Trailer Parks calling about Holly Mhp in Canton. Free marketplace for park owners — $0 listing fee, $0 success fee. Brokers take ~6%. We've operated 4,000+ spaces. Can I text the link?",Bradley @ Tread Companies / Trailer Parks re Holly Mhp (Canton). Free owner marketplace — $0 fees. List in 2 min: https://temporary-zippy-celesta-4cyc4ht.vercel.app/list-your-park?ref=bradley-outreach,https://temporary-zippy-celesta-4cyc4ht.vercel.app/list-your-park?ref=bradley-outreach
Benefield Mobile Home Rentals,(770) 834-7188,Carrollton,GA,1745 Bankhead Highway,30116,Carroll,"Hi, Bradley with Tread Companies / Trailer Parks calling about Benefield Mobile Home Rentals in Carrollton. Free marketplace for park owners — $0 listing fee, $0 success fee. Brokers take ~6%. We've operated 4,000+ spaces. Can I text the link?",Bradley @ Tread Companies / Trailer Parks re Benefield Mobile Home Rentals (Carrollton). Free owner marketplace — $0 fees. List in 2 min: https://temporary-zippy-celesta-4cyc4ht.vercel.app/list-your-park?ref=bradley-outreach,https://temporary-zippy-celesta-4cyc4ht.vercel.app/list-your-park?ref=bradley-outreach
Cedar Village Mhp,(770) 834-4707,Carrollton,GA,250 Cedar Heights Road,30116,Carroll,"Hi, Bradley with Tread Companies / Trailer Parks calling about Cedar Village Mhp in Carrollton. Free marketplace for park owners — $0 listing fee, $0 success fee. Brokers take ~6%. We've operated 4,000+ spaces. Can I text the link?",Bradley @ Tread Companies / Trailer Parks re Cedar Village Mhp (Carrollton). Free owner marketplace — $0 fees. List in 2 min: https://temporary-zippy-celesta-4cyc4ht.vercel.app/list-your-park?ref=bradley-outreach,https://temporary-zippy-celesta-4cyc4ht.vercel.app/list-your-park?ref=bradley-outreach
Del Villa Mobile Park,(770) 214-1992,Carrollton,GA,4340 West Highway 166,30117,Carroll,"Hi, Bradley with Tread Companies / Trailer Parks calling about Del Villa Mobile Park in Carrollton. Free marketplace for park owners — $0 listing fee, $0 success fee. Brokers take ~6%. We've operated 4,000+ spaces. Can I text the link?",Bradley @ Tread Companies / Trailer Parks re Del Villa Mobile Park (Carrollton). Free owner marketplace — $0 fees. List in 2 min: https://temporary-zippy-celesta-4cyc4ht.vercel.app/list-your-park?ref=bradley-outreach,https://temporary-zippy-celesta-4cyc4ht.vercel.app/list-your-park?ref=bradley-outreach
Elizabeth Village Mobile Home,(770) 834-3397,Carrollton,GA,1065 Alabama Street,30117,Carroll,"Hi, Bradley with Tread Companies / Trailer Parks calling about Elizabeth Village Mobile Home in Carrollton. Free marketplace for park owners — $0 listing fee, $0 success fee. Brokers take ~6%. We've operated 4,000+ spaces. Can I text the link?",Bradley @ Tread Companies / Trailer Parks re Elizabeth Village Mobile Home (Carrollton). Free owner marketplace — $0 fees. List in 2 min: https://temporary-zippy-celesta-4cyc4ht.vercel.app/list-your-park?ref=bradley-outreach,https://temporary-zippy-celesta-4cyc4ht.vercel.app/list-your-park?ref=bradley-outreach
Memory Springs Mobile Park,(770) 832-7236,Carrollton,GA,150 Memory Springs Drive,30117,Carroll,"Hi, Bradley with Tread Companies / Trailer Parks calling about Memory Springs Mobile Park in Carrollton. Free marketplace for park owners — $0 listing fee, $0 success fee. Brokers take ~6%. We've operated 4,000+ spaces. Can I text the link?",Bradley @ Tread Companies / Trailer Parks re Memory Springs Mobile Park (Carrollton). Free owner marketplace — $0 fees. List in 2 min: https://temporary-zippy-celesta-4cyc4ht.vercel.app/list-your-park?ref=bradley-outreach,https://temporary-zippy-celesta-4cyc4ht.vercel.app/list-your-park?ref=bradley-outreach
Riverside Mobile Park,(770) 214-1117,Carrollton,GA,1137 Alabama Street,30117,Carroll,"Hi, Bradley with Tread Companies / Trailer Parks calling about Riverside Mobile Park in Carrollton. Free marketplace for park owners — $0 listing fee, $0 success fee. Brokers take ~6%. We've operated 4,000+ spaces. Can I text the link?",Bradley @ Tread Companies / Trailer Parks re Riverside Mobile Park (Carrollton). Free owner marketplace — $0 fees. List in 2 min: https://temporary-zippy-celesta-4cyc4ht.vercel.app/list-your-park?ref=bradley-outreach,https://temporary-zippy-celesta-4cyc4ht.vercel.app/list-your-park?ref=bradley-outreach
Victory Village,(770) 832-3877,Carrollton,GA,1085 Lovvorn Road,30117,Carroll,"Hi, Bradley with Tread Companies / Trailer Parks calling about Victory Village in Carrollton. Free marketplace for park owners — $0 listing fee, $0 success fee. Brokers take ~6%. We've operated 4,000+ spaces. Can I text the link?",Bradley @ Tread Companies / Trailer Parks re Victory Village (Carrollton). Free owner marketplace — $0 fees. List in 2 min: https://temporary-zippy-celesta-4cyc4ht.vercel.app/list-your-park?ref=bradley-outreach,https://temporary-zippy-celesta-4cyc4ht.vercel.app/list-your-park?ref=bradley-outreach
75 Mhp & Sales,(770) 386-8952,Cartersville,GA,5588 Highway 20 Southeast,30121,Bartow,"Hi, Bradley with Tread Companies / Trailer Parks calling about 75 Mhp & Sales in Cartersville. Free marketplace for park owners — $0 listing fee, $0 success fee. Brokers take ~6%. We've operated 4,000+ spaces. Can I text the link?",Bradley @ Tread Companies / Trailer Parks re 75 Mhp & Sales (Cartersville). Free owner marketplace — $0 fees. List in 2 min: https://temporary-zippy-celesta-4cyc4ht.vercel.app/list-your-park?ref=bradley-outreach,https://temporary-zippy-celesta-4cyc4ht.vercel.app/list-your-park?ref=bradley-outreach
Ansley Park Of Cartersville,(770) 386-4414,Cartersville,GA,263 Mac Johnson Road Northwest,30121,Bartow,"Hi, Bradley with Tread Companies / Trailer Parks calling about Ansley Park Of Cartersville in Cartersville. Free marketplace for park owners — $0 listing fee, $0 success fee. Brokers take ~6%. We've operated 4,000+ spaces. Can I text the link?",Bradley @ Tread Companies / Trailer Parks re Ansley Park Of Cartersville (Cartersville). Free owner marketplace — $0 fees. List in 2 min: https://temporary-zippy-celesta-4cyc4ht.vercel.app/list-your-park?ref=bradley-outreach,https://temporary-zippy-celesta-4cyc4ht.vercel.app/list-your-park?ref=bradley-outreach
Burnt Hickory Mhp,(770) 386-8003,Cartersville,GA,102 Burnt Hickory Drive Southwest,30120,Bartow,"Hi, Bradley with Tread Companies / Trailer Parks calling about Burnt Hickory Mhp in Cartersville. Free marketplace for park owners — $0 listing fee, $0 success fee. Brokers take ~6%. We've operated 4,000+ spaces. Can I text the link?",Bradley @ Tread Companies / Trailer Parks re Burnt Hickory Mhp (Cartersville). Free owner marketplace — $0 fees. List in 2 min: https://temporary-zippy-celesta-4cyc4ht.vercel.app/list-your-park?ref=bradley-outreach,https://temporary-zippy-celesta-4cyc4ht.vercel.app/list-your-park?ref=bradley-outreach
Cedar Hill Mhp,(770) 382-7334,Cartersville,GA,1338 Highway 113 Southwest,30120,Bartow,"Hi, Bradley with Tread Companies / Trailer Parks calling about Cedar Hill Mhp in Cartersville. Free marketplace for park owners — $0 listing fee, $0 success fee. Brokers take ~6%. We've operated 4,000+ spaces. Can I text the link?",Bradley @ Tread Companies / Trailer Parks re Cedar Hill Mhp (Cartersville). Free owner marketplace — $0 fees. List in 2 min: https://temporary-zippy-celesta-4cyc4ht.vercel.app/list-your-park?ref=bradley-outreach,https://temporary-zippy-celesta-4cyc4ht.vercel.app/list-your-park?ref=bradley-outreach
Friendly Lane Estates Moble Home,(770) 386-4080,Cartersville,GA,278 Mac Johnson Road Northwest,30121,Bartow,"Hi, Bradley with Tread Companies / Trailer Parks calling about Friendly Lane Estates Moble Home in Cartersville. Free marketplace for park owners — $0 listing fee, $0 success fee. Brokers take ~6%. We've operated 4,000+ spaces. Can I text the link?",Bradley @ Tread Companies / Trailer Parks re Friendly Lane Estates Moble Home (Cartersville). Free owner marketplace — $0 fees. List in 2 min: https://temporary-zippy-celesta-4cyc4ht.vercel.app/list-your-park?ref=bradley-outreach,https://temporary-zippy-celesta-4cyc4ht.vercel.app/list-your-park?ref=bradley-outreach
Woodsong Mhp,(770) 386-3940,Cartersville,GA,108 Roving Road Southeast,30121,Bartow,"Hi, Bradley with Tread Companies / Trailer Parks calling about Woodsong Mhp in Cartersville. Free marketplace for park owners — $0 listing fee, $0 success fee. Brokers take ~6%. We've operated 4,000+ spaces. Can I text the link?",Bradley @ Tread Companies / Trailer Parks re Woodsong Mhp (Cartersville). Free owner marketplace — $0 fees. List in 2 min: https://temporary-zippy-celesta-4cyc4ht.vercel.app/list-your-park?ref=bradley-outreach,https://temporary-zippy-celesta-4cyc4ht.vercel.app/list-your-park?ref=bradley-outreach
Acres Of Shade Mobile Home,(706) 324-7810,Cataula,GA,300 Acres Of Shade Drive,31804,Harris,"Hi, Bradley with Tread Companies / Trailer Parks calling about Acres Of Shade Mobile Home in Cataula. Free marketplace for park owners — $0 listing fee, $0 success fee. Brokers take ~6%. We've operated 4,000+ spaces. Can I text the link?",Bradley @ Tread Companies / Trailer Parks re Acres Of Shade Mobile Home (Cataula). Free owner marketplace — $0 fees. List in 2 min: https://temporary-zippy-celesta-4cyc4ht.vercel.app/list-your-park?ref=bradley-outreach,https://temporary-zippy-celesta-4cyc4ht.vercel.app/list-your-park?ref=bradley-outreach
Haney'S Mhp,(678) 773-8586,Cedartown,GA,2182 Buchanan Hwy,30125,Polk,"Hi, Bradley with Tread Companies / Trailer Parks calling about Haney'S Mhp in Cedartown. Free marketplace for park owners — $0 listing fee, $0 success fee. Brokers take ~6%. We've operated 4,000+ spaces. Can I text the link?",Bradley @ Tread Companies / Trailer Parks re Haney'S Mhp (Cedartown). Free owner marketplace — $0 fees. List in 2 min: https://temporary-zippy-celesta-4cyc4ht.vercel.app/list-your-park?ref=bradley-outreach,https://temporary-zippy-celesta-4cyc4ht.vercel.app/list-your-park?ref=bradley-outreach
Maplewood,(770) 748-2014,Cedartown,GA,1319 Mckibben Street,30125,Polk,"Hi, Bradley with Tread Companies / Trailer Parks calling about Maplewood in Cedartown. Free marketplace for park owners — $0 listing fee, $0 success fee. Brokers take ~6%. We've operated 4,000+ spaces. Can I text the link?",Bradley @ Tread Companies / Trailer Parks re Maplewood (Cedartown). Free owner marketplace — $0 fees. List in 2 min: https://temporary-zippy-celesta-4cyc4ht.vercel.app/list-your-park?ref=bradley-outreach,https://temporary-zippy-celesta-4cyc4ht.vercel.app/list-your-park?ref=bradley-outreach
Timber Ridge Mhp,(770) 748-1259,Cedartown,GA,166 Wieuca Way,30125,Polk,"Hi, Bradley with Tread Companies / Trailer Parks calling about Timber Ridge Mhp in Cedartown. Free marketplace for park owners — $0 listing fee, $0 success fee. Brokers take ~6%. We've operated 4,000+ spaces. Can I text the link?",Bradley @ Tread Companies / Trailer Parks re Timber Ridge Mhp (Cedartown). Free owner marketplace — $0 fees. List in 2 min: https://temporary-zippy-celesta-4cyc4ht.vercel.app/list-your-park?ref=bradley-outreach,https://temporary-zippy-celesta-4cyc4ht.vercel.app/list-your-park?ref=bradley-outreach
Willows Mobile Home Community,(770) 749-0432,Cedartown,GA,634 Georgia Avenue #114,30125,Polk,"Hi, Bradley with Tread Companies / Trailer Parks calling about Willows Mobile Home Community in Cedartown. Free marketplace for park owners — $0 listing fee, $0 success fee. Brokers take ~6%. We've operated 4,000+ spaces. Can I text the link?",Bradley @ Tread Companies / Trailer Parks re Willows Mobile Home Community (Cedartown). Free owner marketplace — $0 fees. List in 2 min: https://temporary-zippy-celesta-4cyc4ht.vercel.app/list-your-park?ref=bradley-outreach,https://temporary-zippy-celesta-4cyc4ht.vercel.app/list-your-park?ref=bradley-outreach
Centerville Mhp,(912) 953-3839,Centerville,GA,312 Church Street,31028,Houston,"Hi, Bradley with Tread Companies / Trailer Parks calling about Centerville Mhp in Centerville. Free marketplace for park owners — $0 listing fee, $0 success fee. Brokers take ~6%. We've operated 4,000+ spaces. Can I text the link?",Bradley @ Tread Companies / Trailer Parks re Centerville Mhp (Centerville). Free owner marketplace — $0 fees. List in 2 min: https://temporary-zippy-celesta-4cyc4ht.vercel.app/list-your-park?ref=bradley-outreach,https://temporary-zippy-celesta-4cyc4ht.vercel.app/list-your-park?ref=bradley-outreach
Chestnut Hill Mhp,(706) 375-3291,Chickamauga,GA,599 Lee Avenue,30707,Walker,"Hi, Bradley with Tread Companies / Trailer Parks calling about Chestnut Hill Mhp in Chickamauga. Free marketplace for park owners — $0 listing fee, $0 success fee. Brokers take ~6%. We've operated 4,000+ spaces. Can I text the link?",Bradley @ Tread Companies / Trailer Parks re Chestnut Hill Mhp (Chickamauga). Free owner marketplace — $0 fees. List in 2 min: https://temporary-zippy-celesta-4cyc4ht.vercel.app/list-your-park?ref=bradley-outreach,https://temporary-zippy-celesta-4cyc4ht.vercel.app/list-your-park?ref=bradley-outreach
Pardue'S Mhp,(706) 865-2304,Cleveland,GA,Shays Drive,30528,White,"Hi, Bradley with Tread Companies / Trailer Parks calling about Pardue'S Mhp in Cleveland. Free marketplace for park owners — $0 listing fee, $0 success fee. Brokers take ~6%. We've operated 4,000+ spaces. Can I text the link?",Bradley @ Tread Companies / Trailer Parks re Pardue'S Mhp (Cleveland). Free owner marketplace — $0 fees. List in 2 min: https://temporary-zippy-celesta-4cyc4ht.vercel.app/list-your-park?ref=bradley-outreach,https://temporary-zippy-celesta-4cyc4ht.vercel.app/list-your-park?ref=bradley-outreach
Diamond Hill Mhp,(706) 788-2423,Colbert,GA,Highway 29,30628,Madison,"Hi, Bradley with Tread Companies / Trailer Parks calling about Diamond Hill Mhp in Colbert. Free marketplace for park owners — $0 listing fee, $0 success fee. Brokers take ~6%. We've operated 4,000+ spaces. Can I text the link?",Bradley @ Tread Companies / Trailer Parks re Diamond Hill Mhp (Colbert). Free owner marketplace — $0 fees. List in 2 min: https://temporary-zippy-celesta-4cyc4ht.vercel.app/list-your-park?ref=bradley-outreach,https://temporary-zippy-celesta-4cyc4ht.vercel.app/list-your-park?ref=bradley-outreach
Airview Mhp,(706) 689-4393,Columbus,GA,3150 Plateau Drive,31903,Muscogee,"Hi, Bradley with Tread Companies / Trailer Parks calling about Airview Mhp in Columbus. Free marketplace for park owners — $0 listing fee, $0 success fee. Brokers take ~6%. We've operated 4,000+ spaces. Can I text the link?",Bradley @ Tread Companies / Trailer Parks re Airview Mhp (Columbus). Free owner marketplace — $0 fees. List in 2 min: https://temporary-zippy-celesta-4cyc4ht.vercel.app/list-your-park?ref=bradley-outreach,https://temporary-zippy-celesta-4cyc4ht.vercel.app/list-your-park?ref=bradley-outreach
Anthony'S Mobile Park,(706) 687-0772,Columbus,GA,3371 Victory Drive,31903,Muscogee,"Hi, Bradley with Tread Companies / Trailer Parks calling about Anthony'S Mobile Park in Columbus. Free marketplace for park owners — $0 listing fee, $0 success fee. Brokers take ~6%. We've operated 4,000+ spaces. Can I text the link?",Bradley @ Tread Companies / Trailer Parks re Anthony'S Mobile Park (Columbus). Free owner marketplace — $0 fees. List in 2 min: https://temporary-zippy-celesta-4cyc4ht.vercel.app/list-your-park?ref=bradley-outreach,https://temporary-zippy-celesta-4cyc4ht.vercel.app/list-your-park?ref=bradley-outreach
Clay Drive Mhp,(706) 687-6593,Columbus,GA,3110 Victory Drive #2016,31903,Muscogee,"Hi, Bradley with Tread Companies / Trailer Parks calling about Clay Drive Mhp in Columbus. Free marketplace for park owners — $0 listing fee, $0 success fee. Brokers take ~6%. We've operated 4,000+ spaces. Can I text the link?",Bradley @ Tread Companies / Trailer Parks re Clay Drive Mhp (Columbus). Free owner marketplace — $0 fees. List in 2 min: https://temporary-zippy-celesta-4cyc4ht.vercel.app/list-your-park?ref=bradley-outreach,https://temporary-zippy-celesta-4cyc4ht.vercel.app/list-your-park?ref=bradley-outreach
Columbus Mhp,(706) 687-4197,Columbus,GA,1050 Farr Road,31907,Muscogee,"Hi, Bradley with Tread Companies / Trailer Parks calling about Columbus Mhp in Columbus. Free marketplace for park owners — $0 listing fee, $0 success fee. Brokers take ~6%. We've operated 4,000+ spaces. Can I text the link?",Bradley @ Tread Companies / Trailer Parks re Columbus Mhp (Columbus). Free owner marketplace — $0 fees. List in 2 min: https://temporary-zippy-celesta-4cyc4ht.vercel.app/list-your-park?ref=bradley-outreach,https://temporary-zippy-celesta-4cyc4ht.vercel.app/list-your-park?ref=bradley-outreach
Crystal Valley Estates,(706) 569-7185,Columbus,GA,6023 Crystal Drive,31907,Muscogee,"Hi, Bradley with Tread Companies / Trailer Parks calling about Crystal Valley Estates in Columbus. Free marketplace for park owners — $0 listing fee, $0 success fee. Brokers take ~6%. We've operated 4,000+ spaces. Can I text the link?",Bradley @ Tread Companies / Trailer Parks re Crystal Valley Estates (Columbus). Free owner marketplace — $0 fees. List in 2 min: https://temporary-zippy-celesta-4cyc4ht.vercel.app/list-your-park?ref=bradley-outreach,https://temporary-zippy-celesta-4cyc4ht.vercel.app/list-your-park?ref=bradley-outreach
Hilton Mobile Home Estates,(706) 689-9714,Columbus,GA,901 Joy Road,31906,Muscogee,"Hi, Bradley with Tread Companies / Trailer Parks calling about Hilton Mobile Home Estates in Columbus. Free marketplace for park owners — $0 listing fee, $0 success fee. Brokers take ~6%. We've operated 4,000+ spaces. Can I text the link?",Bradley @ Tread Companies / Trailer Parks re Hilton Mobile Home Estates (Columbus). Free owner marketplace — $0 fees. List in 2 min: https://temporary-zippy-celesta-4cyc4ht.vercel.app/list-your-park?ref=bradley-outreach,https://temporary-zippy-celesta-4cyc4ht.vercel.app/list-your-park?ref=bradley-outreach
Lake Forest Mobile Park,(706) 687-9631,Columbus,GA,800 Morris Road,31906,Muscogee,"Hi, Bradley with Tread Companies / Trailer Parks calling about Lake Forest Mobile Park in Columbus. Free marketplace for park owners — $0 listing fee, $0 success fee. Brokers take ~6%. We've operated 4,000+ spaces. Can I text the link?",Bradley @ Tread Companies / Trailer Parks re Lake Forest Mobile Park (Columbus). Free owner marketplace — $0 fees. List in 2 min: https://temporary-zippy-celesta-4cyc4ht.vercel.app/list-your-park?ref=bradley-outreach,https://temporary-zippy-celesta-4cyc4ht.vercel.app/list-your-park?ref=bradley-outreach
Oak Hill Mhp,(706) 689-0697,Columbus,GA,3536 Saint Marys Road,31906,Muscogee,"Hi, Bradley with Tread Companies / Trailer Parks calling about Oak Hill Mhp in Columbus. Free marketplace for park owners — $0 listing fee, $0 success fee. Brokers take ~6%. We've operated 4,000+ spaces. Can I text the link?",Bradley @ Tread Companies / Trailer Parks re Oak Hill Mhp (Columbus). Free owner marketplace — $0 fees. List in 2 min: https://temporary-zippy-celesta-4cyc4ht.vercel.app/list-your-park?ref=bradley-outreach,https://temporary-zippy-celesta-4cyc4ht.vercel.app/list-your-park?ref=bradley-outreach
Park Village,(706) 685-1414,Columbus,GA,4325 Old Cusseta Road,31903,Muscogee,"Hi, Bradley with Tread Companies / Trailer Parks calling about Park Village in Columbus. Free marketplace for park owners — $0 listing fee, $0 success fee. Brokers take ~6%. We've operated 4,000+ spaces. Can I text the link?",Bradley @ Tread Companies / Trailer Parks re Park Village (Columbus). Free owner marketplace — $0 fees. List in 2 min: https://temporary-zippy-celesta-4cyc4ht.vercel.app/list-your-park?ref=bradley-outreach,https://temporary-zippy-celesta-4cyc4ht.vercel.app/list-your-park?ref=bradley-outreach
Pine Grove Mhp,(706) 687-3090,Columbus,GA,3150 Plateau Drive,31903,Muscogee,"Hi, Bradley with Tread Companies / Trailer Parks calling about Pine Grove Mhp in Columbus. Free marketplace for park owners — $0 listing fee, $0 success fee. Brokers take ~6%. We've operated 4,000+ spaces. Can I text the link?",Bradley @ Tread Companies / Trailer Parks re Pine Grove Mhp (Columbus). Free owner marketplace — $0 fees. List in 2 min: https://temporary-zippy-celesta-4cyc4ht.vercel.app/list-your-park?ref=bradley-outreach,https://temporary-zippy-celesta-4cyc4ht.vercel.app/list-your-park?ref=bradley-outreach
Sheraton Mobile Home Estates,(706) 689-6738,Columbus,GA,3400 Saint Marys Road,31906,Muscogee,"Hi, Bradley with Tread Companies / Trailer Parks calling about Sheraton Mobile Home Estates in Columbus. Free marketplace for park owners — $0 listing fee, $0 success fee. Brokers take ~6%. We've operated 4,000+ spaces. Can I text the link?",Bradley @ Tread Companies / Trailer Parks re Sheraton Mobile Home Estates (Columbus). Free owner marketplace — $0 fees. List in 2 min: https://temporary-zippy-celesta-4cyc4ht.vercel.app/list-your-park?ref=bradley-outreach,https://temporary-zippy-celesta-4cyc4ht.vercel.app/list-your-park?ref=bradley-outreach
Stoker'S Mhp,(706) 687-4752,Columbus,GA,3212 Plateau Drive,31903,Muscogee,"Hi, Bradley with Tread Companies / Trailer Parks calling about Stoker'S Mhp in Columbus. Free marketplace for park owners — $0 listing fee, $0 success fee. Brokers take ~6%. We've operated 4,000+ spaces. Can I text the link?",Bradley @ Tread Companies / Trailer Parks re Stoker'S Mhp (Columbus). Free owner marketplace — $0 fees. List in 2 min: https://temporary-zippy-celesta-4cyc4ht.vercel.app/list-your-park?ref=bradley-outreach,https://temporary-zippy-celesta-4cyc4ht.vercel.app/list-your-park?ref=bradley-outreach
The Oaks Mhp,(706) 689-5678,Columbus,GA,401 Brennan Road,31903,Muscogee,"Hi, Bradley with Tread Companies / Trailer Parks calling about The Oaks Mhp in Columbus. Free marketplace for park owners — $0 listing fee, $0 success fee. Brokers take ~6%. We've operated 4,000+ spaces. Can I text the link?",Bradley @ Tread Companies / Trailer Parks re The Oaks Mhp (Columbus). Free owner marketplace — $0 fees. List in 2 min: https://temporary-zippy-celesta-4cyc4ht.vercel.app/list-your-park?ref=bradley-outreach,https://temporary-zippy-celesta-4cyc4ht.vercel.app/list-your-park?ref=bradley-outreach
Trailer Manor,(706) 689-4788,Columbus,GA,453 Brennan Road,31903,Muscogee,"Hi, Bradley with Tread Companies / Trailer Parks calling about Trailer Manor in Columbus. Free marketplace for park owners — $0 listing fee, $0 success fee. Brokers take ~6%. We've operated 4,000+ spaces. Can I text the link?",Bradley @ Tread Companies / Trailer Parks re Trailer Manor (Columbus). Free owner marketplace — $0 fees. List in 2 min: https://temporary-zippy-celesta-4cyc4ht.vercel.app/list-your-park?ref=bradley-outreach,https://temporary-zippy-celesta-4cyc4ht.vercel.app/list-your-park?ref=bradley-outreach
Winterfield Mhp,(706) 682-0083,Columbus,GA,400 29Th Avenue,31903,Muscogee,"Hi, Bradley with Tread Companies / Trailer Parks calling about Winterfield Mhp in Columbus. Free marketplace for park owners — $0 listing fee, $0 success fee. Brokers take ~6%. We've operated 4,000+ spaces. Can I text the link?",Bradley @ Tread Companies / Trailer Parks re Winterfield Mhp (Columbus). Free owner marketplace — $0 fees. List in 2 min: https://temporary-zippy-celesta-4cyc4ht.vercel.app/list-your-park?ref=bradley-outreach,https://temporary-zippy-celesta-4cyc4ht.vercel.app/list-your-park?ref=bradley-outreach
Meadows Mhp,(770) 922-3230,Conyers,GA,7915 Old Covington Highway Southwest,30012,Dekalb,"Hi, Bradley with Tread Companies / Trailer Parks calling about Meadows Mhp in Conyers. Free marketplace for park owners — $0 listing fee, $0 success fee. Brokers take ~6%. We've operated 4,000+ spaces. Can I text the link?",Bradley @ Tread Companies / Trailer Parks re Meadows Mhp (Conyers). Free owner marketplace — $0 fees. List in 2 min: https://temporary-zippy-celesta-4cyc4ht.vercel.app/list-your-park?ref=bradley-outreach,https://temporary-zippy-celesta-4cyc4ht.vercel.app/list-your-park?ref=bradley-outreach
Wayside Trailer Court,(706) 778-9203,Cornelia,GA,777 North Wayside Street,30531,Habersham,"Hi, Bradley with Tread Companies / Trailer Parks calling about Wayside Trailer Court in Cornelia. Free marketplace for park owners — $0 listing fee, $0 success fee. Brokers take ~6%. We've operated 4,000+ spaces. Can I text the link?",Bradley @ Tread Companies / Trailer Parks re Wayside Trailer Court (Cornelia). Free owner marketplace — $0 fees. List in 2 min: https://temporary-zippy-celesta-4cyc4ht.vercel.app/list-your-park?ref=bradley-outreach,https://temporary-zippy-celesta-4cyc4ht.vercel.app/list-your-park?ref=bradley-outreach
Whispering Woods,(706) 778-9203,Cornelia,GA,230 Wayside Street,30531,Habersham,"Hi, Bradley with Tread Companies / Trailer Parks calling about Whispering Woods in Cornelia. Free marketplace for park owners — $0 listing fee, $0 success fee. Brokers take ~6%. We've operated 4,000+ spaces. Can I text the link?",Bradley @ Tread Companies / Trailer Parks re Whispering Woods (Cornelia). Free owner marketplace — $0 fees. List in 2 min: https://temporary-zippy-celesta-4cyc4ht.vercel.app/list-your-park?ref=bradley-outreach,https://temporary-zippy-celesta-4cyc4ht.vercel.app/list-your-park?ref=bradley-outreach
Riverside Estates Mobile Park,(770) 787-3707,Covington,GA,1891 Access Road,30014,Newton,"Hi, Bradley with Tread Companies / Trailer Parks calling about Riverside Estates Mobile Park in Covington. Free marketplace for park owners — $0 listing fee, $0 success fee. Brokers take ~6%. We've operated 4,000+ spaces. Can I text the link?",Bradley @ Tread Companies / Trailer Parks re Riverside Estates Mobile Park (Covington). Free owner marketplace — $0 fees. List in 2 min: https://temporary-zippy-celesta-4cyc4ht.vercel.app/list-your-park?ref=bradley-outreach,https://temporary-zippy-celesta-4cyc4ht.vercel.app/list-your-park?ref=bradley-outreach
Parkway Community,(770) 781-5038,Cumming,GA,2669 Peachtree Pkwy,30041,Forsyth,"Hi, Bradley with Tread Companies / Trailer Parks calling about Parkway Community in Cumming. Free marketplace for park owners — $0 listing fee, $0 success fee. Brokers take ~6%. We've operated 4,000+ spaces. Can I text the link?",Bradley @ Tread Companies / Trailer Parks re Parkway Community (Cumming). Free owner marketplace — $0 fees. List in 2 min: https://temporary-zippy-celesta-4cyc4ht.vercel.app/list-your-park?ref=bradley-outreach,https://temporary-zippy-celesta-4cyc4ht.vercel.app/list-your-park?ref=bradley-outreach
Woodward Mhp,(706) 864-2911,Dahlonega,GA,122 Woodward Way,30533,Lumpkin,"Hi, Bradley with Tread Companies / Trailer Parks calling about Woodward Mhp in Dahlonega. Free marketplace for park owners — $0 listing fee, $0 success fee. Brokers take ~6%. We've operated 4,000+ spaces. Can I text the link?",Bradley @ Tread Companies / Trailer Parks re Woodward Mhp (Dahlonega). Free owner marketplace — $0 fees. List in 2 min: https://temporary-zippy-celesta-4cyc4ht.vercel.app/list-your-park?ref=bradley-outreach,https://temporary-zippy-celesta-4cyc4ht.vercel.app/list-your-park?ref=bradley-outreach
Logan'S Crossing Mfg. Home Community,(770) 443-6170,Dallas,GA,150 Mcpherson Pkwy,30157,Paulding,"Hi, Bradley with Tread Companies / Trailer Parks calling about Logan'S Crossing Mfg. Home Community in Dallas. Free marketplace for park owners — $0 listing fee, $0 success fee. Brokers take ~6%. We've operated 4,000+ spaces. Can I text the link?",Bradley @ Tread Companies / Trailer Parks re Logan'S Crossing Mfg. Home Community (Dallas). Free owner marketplace — $0 fees. List in 2 min: https://temporary-zippy-celesta-4cyc4ht.vercel.app/list-your-park?ref=bradley-outreach,https://temporary-zippy-celesta-4cyc4ht.vercel.app/list-your-park?ref=bradley-outreach
Town And Country,(757) 529-1097,Dallas,GA,50 Three Oaks Path,NOT AVAILABLE,Paulding,"Hi, Bradley with Tread Companies / Trailer Parks calling about Town And Country in Dallas. Free marketplace for park owners — $0 listing fee, $0 success fee. Brokers take ~6%. We've operated 4,000+ spaces. Can I text the link?",Bradley @ Tread Companies / Trailer Parks re Town And Country (Dallas). Free owner marketplace — $0 fees. List in 2 min: https://temporary-zippy-celesta-4cyc4ht.vercel.app/list-your-park?ref=bradley-outreach,https://temporary-zippy-celesta-4cyc4ht.vercel.app/list-your-park?ref=bradley-outreach
Whispering Pines Mhp,(706) 226-4939,Dalton,GA,1443 Bay Drive,30721,Whitfield,"Hi, Bradley with Tread Companies / Trailer Parks calling about Whispering Pines Mhp in Dalton. Free marketplace for park owners — $0 listing fee, $0 success fee. Brokers take ~6%. We've operated 4,000+ spaces. Can I text the link?",Bradley @ Tread Companies / Trailer Parks re Whispering Pines Mhp (Dalton). Free owner marketplace — $0 fees. List in 2 min: https://temporary-zippy-celesta-4cyc4ht.vercel.app/list-your-park?ref=bradley-outreach,https://temporary-zippy-celesta-4cyc4ht.vercel.app/list-your-park?ref=bradley-outreach
Hitchiti Mhp,(912) 875-3594,Dexter,GA,451 Taylor Rowland Road #25,31019,Laurens,"Hi, Bradley with Tread Companies / Trailer Parks calling about Hitchiti Mhp in Dexter. Free marketplace for park owners — $0 listing fee, $0 success fee. Brokers take ~6%. We've operated 4,000+ spaces. Can I text the link?",Bradley @ Tread Companies / Trailer Parks re Hitchiti Mhp (Dexter). Free owner marketplace — $0 fees. List in 2 min: https://temporary-zippy-celesta-4cyc4ht.vercel.app/list-your-park?ref=bradley-outreach,https://temporary-zippy-celesta-4cyc4ht.vercel.app/list-your-park?ref=bradley-outreach
Arbor Village,(770) 942-4972,Douglasville,GA,4085 Midway Road,30134,Douglas,"Hi, Bradley with Tread Companies / Trailer Parks calling about Arbor Village in Douglasville. Free marketplace for park owners — $0 listing fee, $0 success fee. Brokers take ~6%. We've operated 4,000+ spaces. Can I text the link?",Bradley @ Tread Companies / Trailer Parks re Arbor Village (Douglasville). Free owner marketplace — $0 fees. List in 2 min: https://temporary-zippy-celesta-4cyc4ht.vercel.app/list-your-park?ref=bradley-outreach,https://temporary-zippy-celesta-4cyc4ht.vercel.app/list-your-park?ref=bradley-outreach
Golden Estates Mobile Home,(770) 942-5100,Douglasville,GA,2390 Fairburn Road Ofc,30135,Douglas,"Hi, Bradley with Tread Companies / Trailer Parks calling about Golden Estates Mobile Home in Douglasville. Free marketplace for park owners — $0 listing fee, $0 success fee. Brokers take ~6%. We've operated 4,000+ spaces. Can I text the link?",Bradley @ Tread Companies / Trailer Parks re Golden Estates Mobile Home (Douglasville). Free owner marketplace — $0 fees. List in 2 min: https://temporary-zippy-celesta-4cyc4ht.vercel.app/list-your-park?ref=bradley-outreach,https://temporary-zippy-celesta-4cyc4ht.vercel.app/list-your-park?ref=bradley-outreach
Golden Valley Mhp,(770) 949-9010,Douglasville,GA,7631 Dallas Highway,30134,Douglas,"Hi, Bradley with Tread Companies / Trailer Parks calling about Golden Valley Mhp in Douglasville. Free marketplace for park owners — $0 listing fee, $0 success fee. Brokers take ~6%. We've operated 4,000+ spaces. Can I text the link?",Bradley @ Tread Companies / Trailer Parks re Golden Valley Mhp (Douglasville). Free owner marketplace — $0 fees. List in 2 min: https://temporary-zippy-celesta-4cyc4ht.vercel.app/list-your-park?ref=bradley-outreach,https://temporary-zippy-celesta-4cyc4ht.vercel.app/list-your-park?ref=bradley-outreach
Pine Lake Mfd. Home,(770) 942-0332,Douglasville,GA,6266 Dorsett Shoals Road,30135,Douglas,"Hi, Bradley with Tread Companies / Trailer Parks calling about Pine Lake Mfd. Home in Douglasville. Free marketplace for park owners — $0 listing fee, $0 success fee. Brokers take ~6%. We've operated 4,000+ spaces. Can I text the link?",Bradley @ Tread Companies / Trailer Parks re Pine Lake Mfd. Home (Douglasville). Free owner marketplace — $0 fees. List in 2 min: https://temporary-zippy-celesta-4cyc4ht.vercel.app/list-your-park?ref=bradley-outreach,https://temporary-zippy-celesta-4cyc4ht.vercel.app/list-your-park?ref=bradley-outreach
Pinebrook Estates,(770) 920-2023,Douglasville,GA,4486 Cherokee Drive,30134,Douglas,"Hi, Bradley with Tread Companies / Trailer Parks calling about Pinebrook Estates in Douglasville. Free marketplace for park owners — $0 listing fee, $0 success fee. Brokers take ~6%. We've operated 4,000+ spaces. Can I text the link?",Bradley @ Tread Companies / Trailer Parks re Pinebrook Estates (Douglasville). Free owner marketplace — $0 fees. List in 2 min: https://temporary-zippy-celesta-4cyc4ht.vercel.app/list-your-park?ref=bradley-outreach,https://temporary-zippy-celesta-4cyc4ht.vercel.app/list-your-park?ref=bradley-outreach
Plantation Estates Mobile Home,(770) 941-2482,Douglasville,GA,3461 Bankhead Highway,30134,Douglas,"Hi, Bradley with Tread Companies / Trailer Parks calling about Plantation Estates Mobile Home in Douglasville. Free marketplace for park owners — $0 listing fee, $0 success fee. Brokers take ~6%. We've operated 4,000+ spaces. Can I text the link?",Bradley @ Tread Companies / Trailer Parks re Plantation Estates Mobile Home (Douglasville). Free owner marketplace — $0 fees. List in 2 min: https://temporary-zippy-celesta-4cyc4ht.vercel.app/list-your-park?ref=bradley-outreach,https://temporary-zippy-celesta-4cyc4ht.vercel.app/list-your-park?ref=bradley-outreach
Springtime Mhp,(770) 489-4421,Douglasville,GA,3221 Mckown Road,30134,Douglas,"Hi, Bradley with Tread Companies / Trailer Parks calling about Springtime Mhp in Douglasville. Free marketplace for park owners — $0 listing fee, $0 success fee. Brokers take ~6%. We've operated 4,000+ spaces. Can I text the link?",Bradley @ Tread Companies / Trailer Parks re Springtime Mhp (Douglasville). Free owner marketplace — $0 fees. List in 2 min: https://temporary-zippy-celesta-4cyc4ht.vercel.app/list-your-park?ref=bradley-outreach,https://temporary-zippy-celesta-4cyc4ht.vercel.app/list-your-park?ref=bradley-outreach
Ridgewood Mobile Estates,(912) 272-8888,Dublin,GA,1325 North Franklin Street,31021,Laurens,"Hi, Bradley with Tread Companies / Trailer Parks calling about Ridgewood Mobile Estates in Dublin. Free marketplace for park owners — $0 listing fee, $0 success fee. Brokers take ~6%. We've operated 4,000+ spaces. Can I text the link?",Bradley @ Tread Companies / Trailer Parks re Ridgewood Mobile Estates (Dublin). Free owner marketplace — $0 fees. List in 2 min: https://temporary-zippy-celesta-4cyc4ht.vercel.app/list-your-park?ref=bradley-outreach,https://temporary-zippy-celesta-4cyc4ht.vercel.app/list-your-park?ref=bradley-outreach
Tarpley'S Mobile Home Court,(912) 272-4787,Dublin,GA,2095 Us Highway 441 South,31021,Laurens,"Hi, Bradley with Tread Companies / Trailer Parks calling about Tarpley'S Mobile Home Court in Dublin. Free marketplace for park owners — $0 listing fee, $0 success fee. Brokers take ~6%. We've operated 4,000+ spaces. Can I text the link?",Bradley @ Tread Companies / Trailer Parks re Tarpley'S Mobile Home Court (Dublin). Free owner marketplace — $0 fees. List in 2 min: https://temporary-zippy-celesta-4cyc4ht.vercel.app/list-your-park?ref=bradley-outreach,https://temporary-zippy-celesta-4cyc4ht.vercel.app/list-your-park?ref=bradley-outreach
Twin Lakes Mhp,(912) 272-9474,Dublin,GA,571 Walke Dairy Road,31021,Laurens,"Hi, Bradley with Tread Companies / Trailer Parks calling about Twin Lakes Mhp in Dublin. Free marketplace for park owners — $0 listing fee, $0 success fee. Brokers take ~6%. We've operated 4,000+ spaces. Can I text the link?",Bradley @ Tread Companies / Trailer Parks re Twin Lakes Mhp (Dublin). Free owner marketplace — $0 fees. List in 2 min: https://temporary-zippy-celesta-4cyc4ht.vercel.app/list-your-park?ref=bradley-outreach,https://temporary-zippy-celesta-4cyc4ht.vercel.app/list-your-park?ref=bradley-outreach
East Point Mhp,(404) 761-5758,East Point,GA,2848 Veterans Street,30344,Fulton,"Hi, Bradley with Tread Companies / Trailer Parks calling about East Point Mhp in East Point. Free marketplace for park owners — $0 listing fee, $0 success fee. Brokers take ~6%. We've operated 4,000+ spaces. Can I text the link?",Bradley @ Tread Companies / Trailer Parks re East Point Mhp (East Point). Free owner marketplace — $0 fees. List in 2 min: https://temporary-zippy-celesta-4cyc4ht.vercel.app/list-your-park?ref=bradley-outreach,https://temporary-zippy-celesta-4cyc4ht.vercel.app/list-your-park?ref=bradley-outreach
Longview Mhp,(404) 767-2142,East Point,GA,9 Longview Drive,30344,Fulton,"Hi, Bradley with Tread Companies / Trailer Parks calling about Longview Mhp in East Point. Free marketplace for park owners — $0 listing fee, $0 success fee. Brokers take ~6%. We've operated 4,000+ spaces. Can I text the link?",Bradley @ Tread Companies / Trailer Parks re Longview Mhp (East Point). Free owner marketplace — $0 fees. List in 2 min: https://temporary-zippy-celesta-4cyc4ht.vercel.app/list-your-park?ref=bradley-outreach,https://temporary-zippy-celesta-4cyc4ht.vercel.app/list-your-park?ref=bradley-outreach
Forest Valley Mobile Home Village,(404) 363-8769,Ellenwood,GA,4379 Highway 42,30294,Clayton,"Hi, Bradley with Tread Companies / Trailer Parks calling about Forest Valley Mobile Home Village in Ellenwood. Free marketplace for park owners — $0 listing fee, $0 success fee. Brokers take ~6%. We've operated 4,000+ spaces. Can I text the link?",Bradley @ Tread Companies / Trailer Parks re Forest Valley Mobile Home Village (Ellenwood). Free owner marketplace — $0 fees. List in 2 min: https://temporary-zippy-celesta-4cyc4ht.vercel.app/list-your-park?ref=bradley-outreach,https://temporary-zippy-celesta-4cyc4ht.vercel.app/list-your-park?ref=bradley-outreach
Lakeside Mobile Home Community,(404) 363-3878,Ellenwood,GA,3779 Grant Road,30294,Clayton,"Hi, Bradley with Tread Companies / Trailer Parks calling about Lakeside Mobile Home Community in Ellenwood. Free marketplace for park owners — $0 listing fee, $0 success fee. Brokers take ~6%. We've operated 4,000+ spaces. Can I text the link?",Bradley @ Tread Companies / Trailer Parks re Lakeside Mobile Home Community (Ellenwood). Free owner marketplace — $0 fees. List in 2 min: https://temporary-zippy-celesta-4cyc4ht.vercel.app/list-your-park?ref=bradley-outreach,https://temporary-zippy-celesta-4cyc4ht.vercel.app/list-your-park?ref=bradley-outreach
Poole'S Manor Mfd. Housing,(770) 474-2840,Ellenwood,GA,34 Club Circle,30294,Henry,"Hi, Bradley with Tread Companies / Trailer Parks calling about Poole'S Manor Mfd. Housing in Ellenwood. Free marketplace for park owners — $0 listing fee, $0 success fee. Brokers take ~6%. We've operated 4,000+ spaces. Can I text the link?",Bradley @ Tread Companies / Trailer Parks re Poole'S Manor Mfd. Housing (Ellenwood). Free owner marketplace — $0 fees. List in 2 min: https://temporary-zippy-celesta-4cyc4ht.vercel.app/list-your-park?ref=bradley-outreach,https://temporary-zippy-celesta-4cyc4ht.vercel.app/list-your-park?ref=bradley-outreach
Landmark Mfd. Housing,(770) 964-5018,Fairburn,GA,225 Club Drive,30213,Fulton,"Hi, Bradley with Tread Companies / Trailer Parks calling about Landmark Mfd. Housing in Fairburn. Free marketplace for park owners — $0 listing fee, $0 success fee. Brokers take ~6%. We've operated 4,000+ spaces. Can I text the link?",Bradley @ Tread Companies / Trailer Parks re Landmark Mfd. Housing (Fairburn). Free owner marketplace — $0 fees. List in 2 min: https://temporary-zippy-celesta-4cyc4ht.vercel.app/list-your-park?ref=bradley-outreach,https://temporary-zippy-celesta-4cyc4ht.vercel.app/list-your-park?ref=bradley-outreach
Marnelle Mfd. Housing,(770) 461-7145,Fayetteville,GA,1512 Highway 54 West,30214,Fayette,"Hi, Bradley with Tread Companies / Trailer Parks calling about Marnelle Mfd. Housing in Fayetteville. Free marketplace for park owners — $0 listing fee, $0 success fee. Brokers take ~6%. We've operated 4,000+ spaces. Can I text the link?",Bradley @ Tread Companies / Trailer Parks re Marnelle Mfd. Housing (Fayetteville). Free owner marketplace — $0 fees. List in 2 min: https://temporary-zippy-celesta-4cyc4ht.vercel.app/list-your-park?ref=bradley-outreach,https://temporary-zippy-celesta-4cyc4ht.vercel.app/list-your-park?ref=bradley-outreach
Shadydale Village Mobile Home,(770) 964-2333,Fayetteville,GA,100 Apollo Drive,30214,Fayette,"Hi, Bradley with Tread Companies / Trailer Parks calling about Shadydale Village Mobile Home in Fayetteville. Free marketplace for park owners — $0 listing fee, $0 success fee. Brokers take ~6%. We've operated 4,000+ spaces. Can I text the link?",Bradley @ Tread Companies / Trailer Parks re Shadydale Village Mobile Home (Fayetteville). Free owner marketplace — $0 fees. List in 2 min: https://temporary-zippy-celesta-4cyc4ht.vercel.app/list-your-park?ref=bradley-outreach,https://temporary-zippy-celesta-4cyc4ht.vercel.app/list-your-park?ref=bradley-outreach
Davis Mhp,(912) 423-5729,Fitzgerald,GA,181 Dewey Mcglamry Road,31750,Ben Hill,"Hi, Bradley with Tread Companies / Trailer Parks calling about Davis Mhp in Fitzgerald. Free marketplace for park owners — $0 listing fee, $0 success fee. Brokers take ~6%. We've operated 4,000+ spaces. Can I text the link?",Bradley @ Tread Companies / Trailer Parks re Davis Mhp (Fitzgerald). Free owner marketplace — $0 fees. List in 2 min: https://temporary-zippy-celesta-4cyc4ht.vercel.app/list-your-park?ref=bradley-outreach,https://temporary-zippy-celesta-4cyc4ht.vercel.app/list-your-park?ref=bradley-outreach
Town & Country Mhp,(404) 366-8115,Forest Park,GA,5086 Old Dixie Highway,30297,Clayton,"Hi, Bradley with Tread Companies / Trailer Parks calling about Town & Country Mhp in Forest Park. Free marketplace for park owners — $0 listing fee, $0 success fee. Brokers take ~6%. We've operated 4,000+ spaces. Can I text the link?",Bradley @ Tread Companies / Trailer Parks re Town & Country Mhp (Forest Park). Free owner marketplace — $0 fees. List in 2 min: https://temporary-zippy-celesta-4cyc4ht.vercel.app/list-your-park?ref=bradley-outreach,https://temporary-zippy-celesta-4cyc4ht.vercel.app/list-your-park?ref=bradley-outreach
Candler East Mhp,(770) 534-8342,Gainesville,GA,2100 Candler Road,30507,Hall,"Hi, Bradley with Tread Companies / Trailer Parks calling about Candler East Mhp in Gainesville. Free marketplace for park owners — $0 listing fee, $0 success fee. Brokers take ~6%. We've operated 4,000+ spaces. Can I text the link?",Bradley @ Tread Companies / Trailer Parks re Candler East Mhp (Gainesville). Free owner marketplace — $0 fees. List in 2 min: https://temporary-zippy-celesta-4cyc4ht.vercel.app/list-your-park?ref=bradley-outreach,https://temporary-zippy-celesta-4cyc4ht.vercel.app/list-your-park?ref=bradley-outreach
Dixie Mhp,(770) 532-0671,Gainesville,GA,3605 Titshaw Road,30504,Hall,"Hi, Bradley with Tread Companies / Trailer Parks calling about Dixie Mhp in Gainesville. Free marketplace for park owners — $0 listing fee, $0 success fee. Brokers take ~6%. We've operated 4,000+ spaces. Can I text the link?",Bradley @ Tread Companies / Trailer Parks re Dixie Mhp (Gainesville). Free owner marketplace — $0 fees. List in 2 min: https://temporary-zippy-celesta-4cyc4ht.vercel.app/list-your-park?ref=bradley-outreach,https://temporary-zippy-celesta-4cyc4ht.vercel.app/list-your-park?ref=bradley-outreach
Lakeside Mobile Home & Travel,(770) 532-0296,Gainesville,GA,3311 Indian Trail Road,30506,Hall,"Hi, Bradley with Tread Companies / Trailer Parks calling about Lakeside Mobile Home & Travel in Gainesville. Free marketplace for park owners — $0 listing fee, $0 success fee. Brokers take ~6%. We've operated 4,000+ spaces. Can I text the link?",Bradley @ Tread Companies / Trailer Parks re Lakeside Mobile Home & Travel (Gainesville). Free owner marketplace — $0 fees. List in 2 min: https://temporary-zippy-celesta-4cyc4ht.vercel.app/list-your-park?ref=bradley-outreach,https://temporary-zippy-celesta-4cyc4ht.vercel.app/list-your-park?ref=bradley-outreach
Reece Mhp,(770) 536-2600,Gainesville,GA,2596 Athens Highway,30507,Hall,"Hi, Bradley with Tread Companies / Trailer Parks calling about Reece Mhp in Gainesville. Free marketplace for park owners — $0 listing fee, $0 success fee. Brokers take ~6%. We've operated 4,000+ spaces. Can I text the link?",Bradley @ Tread Companies / Trailer Parks re Reece Mhp (Gainesville). Free owner marketplace — $0 fees. List in 2 min: https://temporary-zippy-celesta-4cyc4ht.vercel.app/list-your-park?ref=bradley-outreach,https://temporary-zippy-celesta-4cyc4ht.vercel.app/list-your-park?ref=bradley-outreach
S T & T Mobile Home Village,(770) 534-7596,Gainesville,GA,2513 Browns Bridge Road,30504,Hall,"Hi, Bradley with Tread Companies / Trailer Parks calling about S T & T Mobile Home Village in Gainesville. Free marketplace for park owners — $0 listing fee, $0 success fee. Brokers take ~6%. We've operated 4,000+ spaces. Can I text the link?",Bradley @ Tread Companies / Trailer Parks re S T & T Mobile Home Village (Gainesville). Free owner marketplace — $0 fees. List in 2 min: https://temporary-zippy-celesta-4cyc4ht.vercel.app/list-your-park?ref=bradley-outreach,https://temporary-zippy-celesta-4cyc4ht.vercel.app/list-your-park?ref=bradley-outreach
Almar Inn & Trailer Park,(912) 964-9917,Garden City,GA,35 Main Street,31408,Chatham,"Hi, Bradley with Tread Companies / Trailer Parks calling about Almar Inn & Trailer Park in Garden City. Free marketplace for park owners — $0 listing fee, $0 success fee. Brokers take ~6%. We've operated 4,000+ spaces. Can I text the link?",Bradley @ Tread Companies / Trailer Parks re Almar Inn & Trailer Park (Garden City). Free owner marketplace — $0 fees. List in 2 min: https://temporary-zippy-celesta-4cyc4ht.vercel.app/list-your-park?ref=bradley-outreach,https://temporary-zippy-celesta-4cyc4ht.vercel.app/list-your-park?ref=bradley-outreach
Garden City Mobile Estates,(912) 964-0331,Garden City,GA,4309 Augusta Road,31408,Chatham,"Hi, Bradley with Tread Companies / Trailer Parks calling about Garden City Mobile Estates in Garden City. Free marketplace for park owners — $0 listing fee, $0 success fee. Brokers take ~6%. We've operated 4,000+ spaces. Can I text the link?",Bradley @ Tread Companies / Trailer Parks re Garden City Mobile Estates (Garden City). Free owner marketplace — $0 fees. List in 2 min: https://temporary-zippy-celesta-4cyc4ht.vercel.app/list-your-park?ref=bradley-outreach,https://temporary-zippy-celesta-4cyc4ht.vercel.app/list-your-park?ref=bradley-outreach
Allen Valley Estates Home Park,(706) 453-9527,Greensboro,GA,1770 Industrial Boulevard,30642,Greene,"Hi, Bradley with Tread Companies / Trailer Parks calling about Allen Valley Estates Home Park in Greensboro. Free marketplace for park owners — $0 listing fee, $0 success fee. Brokers take ~6%. We've operated 4,000+ spaces. Can I text the link?",Bradley @ Tread Companies / Trailer Parks re Allen Valley Estates Home Park (Greensboro). Free owner marketplace — $0 fees. List in 2 min: https://temporary-zippy-celesta-4cyc4ht.vercel.app/list-your-park?ref=bradley-outreach,https://temporary-zippy-celesta-4cyc4ht.vercel.app/list-your-park?ref=bradley-outreach
A & B Mhp,(770) 227-6228,Griffin,GA,1466 Kilgore Road,30223,Spalding,"Hi, Bradley with Tread Companies / Trailer Parks calling about A & B Mhp in Griffin. Free marketplace for park owners — $0 listing fee, $0 success fee. Brokers take ~6%. We've operated 4,000+ spaces. Can I text the link?",Bradley @ Tread Companies / Trailer Parks re A & B Mhp (Griffin). Free owner marketplace — $0 fees. List in 2 min: https://temporary-zippy-celesta-4cyc4ht.vercel.app/list-your-park?ref=bradley-outreach,https://temporary-zippy-celesta-4cyc4ht.vercel.app/list-your-park?ref=bradley-outreach
Carey'S Mhp,(770) 228-8994,Griffin,GA,1003 Minter Road,30223,Spalding,"Hi, Bradley with Tread Companies / Trailer Parks calling about Carey'S Mhp in Griffin. Free marketplace for park owners — $0 listing fee, $0 success fee. Brokers take ~6%. We've operated 4,000+ spaces. Can I text the link?",Bradley @ Tread Companies / Trailer Parks re Carey'S Mhp (Griffin). Free owner marketplace — $0 fees. List in 2 min: https://temporary-zippy-celesta-4cyc4ht.vercel.app/list-your-park?ref=bradley-outreach,https://temporary-zippy-celesta-4cyc4ht.vercel.app/list-your-park?ref=bradley-outreach
Pine Glen Park,(770) 228-0062,Griffin,GA,1795 North Mcdonough Road,30223,Spalding,"Hi, Bradley with Tread Companies / Trailer Parks calling about Pine Glen Park in Griffin. Free marketplace for park owners — $0 listing fee, $0 success fee. Brokers take ~6%. We've operated 4,000+ spaces. Can I text the link?",Bradley @ Tread Companies / Trailer Parks re Pine Glen Park (Griffin). Free owner marketplace — $0 fees. List in 2 min: https://temporary-zippy-celesta-4cyc4ht.vercel.app/list-your-park?ref=bradley-outreach,https://temporary-zippy-celesta-4cyc4ht.vercel.app/list-your-park?ref=bradley-outreach
Timber Creek,(770) 412-7905,Griffin,GA,3387 North Expressway,30223,Spalding,"Hi, Bradley with Tread Companies / Trailer Parks calling about Timber Creek in Griffin. Free marketplace for park owners — $0 listing fee, $0 success fee. Brokers take ~6%. We've operated 4,000+ spaces. Can I text the link?",Bradley @ Tread Companies / Trailer Parks re Timber Creek (Griffin). Free owner marketplace — $0 fees. List in 2 min: https://temporary-zippy-celesta-4cyc4ht.vercel.app/list-your-park?ref=bradley-outreach,https://temporary-zippy-celesta-4cyc4ht.vercel.app/list-your-park?ref=bradley-outreach
Arrowwood Mobile Home Community,(706) 863-5400,Grovetown,GA,4477 Wrightsboro Road,30813,Columbia,"Hi, Bradley with Tread Companies / Trailer Parks calling about Arrowwood Mobile Home Community in Grovetown. Free marketplace for park owners — $0 listing fee, $0 success fee. Brokers take ~6%. We've operated 4,000+ spaces. Can I text the link?",Bradley @ Tread Companies / Trailer Parks re Arrowwood Mobile Home Community (Grovetown). Free owner marketplace — $0 fees. List in 2 min: https://temporary-zippy-celesta-4cyc4ht.vercel.app/list-your-park?ref=bradley-outreach,https://temporary-zippy-celesta-4cyc4ht.vercel.app/list-your-park?ref=bradley-outreach
Byron Park & Camper,(706) 863-0438,Grovetown,GA,2933 Gordon Highway,30813,Richmond,"Hi, Bradley with Tread Companies / Trailer Parks calling about Byron Park & Camper in Grovetown. Free marketplace for park owners — $0 listing fee, $0 success fee. Brokers take ~6%. We've operated 4,000+ spaces. Can I text the link?",Bradley @ Tread Companies / Trailer Parks re Byron Park & Camper (Grovetown). Free owner marketplace — $0 fees. List in 2 min: https://temporary-zippy-celesta-4cyc4ht.vercel.app/list-your-park?ref=bradley-outreach,https://temporary-zippy-celesta-4cyc4ht.vercel.app/list-your-park?ref=bradley-outreach
Cherokee Mhp,(706) 863-7033,Grovetown,GA,3165 Gordon Highway,30813,Richmond,"Hi, Bradley with Tread Companies / Trailer Parks calling about Cherokee Mhp in Grovetown. Free marketplace for park owners — $0 listing fee, $0 success fee. Brokers take ~6%. We've operated 4,000+ spaces. Can I text the link?",Bradley @ Tread Companies / Trailer Parks re Cherokee Mhp (Grovetown). Free owner marketplace — $0 fees. List in 2 min: https://temporary-zippy-celesta-4cyc4ht.vercel.app/list-your-park?ref=bradley-outreach,https://temporary-zippy-celesta-4cyc4ht.vercel.app/list-your-park?ref=bradley-outreach
Jenkins Properties Inc,(706) 860-8416,Grovetown,GA,226 Hardy Drive,30813,Columbia,"Hi, Bradley with Tread Companies / Trailer Parks calling about Jenkins Properties Inc in Grovetown. Free marketplace for park owners — $0 listing fee, $0 success fee. Brokers take ~6%. We've operated 4,000+ spaces. Can I text the link?",Bradley @ Tread Companies / Trailer Parks re Jenkins Properties Inc (Grovetown). Free owner marketplace — $0 fees. List in 2 min: https://temporary-zippy-celesta-4cyc4ht.vercel.app/list-your-park?ref=bradley-outreach,https://temporary-zippy-celesta-4cyc4ht.vercel.app/list-your-park?ref=bradley-outreach
Wilburn Mhp,(706) 868-9330,Grovetown,GA,314 Whiskey Road,30813,Columbia,"Hi, Bradley with Tread Companies / Trailer Parks calling about Wilburn Mhp in Grovetown. Free marketplace for park owners — $0 listing fee, $0 success fee. Brokers take ~6%. We've operated 4,000+ spaces. Can I text the link?",Bradley @ Tread Companies / Trailer Parks re Wilburn Mhp (Grovetown). Free owner marketplace — $0 fees. List in 2 min: https://temporary-zippy-celesta-4cyc4ht.vercel.app/list-your-park?ref=bradley-outreach,https://temporary-zippy-celesta-4cyc4ht.vercel.app/list-your-park?ref=bradley-outreach
Clover Ranch,(770) 946-4286,Hampton,GA,100 Oxford Circle,30228,Henry,"Hi, Bradley with Tread Companies / Trailer Parks calling about Clover Ranch in Hampton. Free marketplace for park owners — $0 listing fee, $0 success fee. Brokers take ~6%. We've operated 4,000+ spaces. Can I text the link?",Bradley @ Tread Companies / Trailer Parks re Clover Ranch (Hampton). Free owner marketplace — $0 fees. List in 2 min: https://temporary-zippy-celesta-4cyc4ht.vercel.app/list-your-park?ref=bradley-outreach,https://temporary-zippy-celesta-4cyc4ht.vercel.app/list-your-park?ref=bradley-outreach
South Hampton Mhp,(770) 228-6446,Hampton,GA,5291 Old Atlanta Road,30228,Spalding,"Hi, Bradley with Tread Companies / Trailer Parks calling about South Hampton Mhp in Hampton. Free marketplace for park owners — $0 listing fee, $0 success fee. Brokers take ~6%. We've operated 4,000+ spaces. Can I text the link?",Bradley @ Tread Companies / Trailer Parks re South Hampton Mhp (Hampton). Free owner marketplace — $0 fees. List in 2 min: https://temporary-zippy-celesta-4cyc4ht.vercel.app/list-your-park?ref=bradley-outreach,https://temporary-zippy-celesta-4cyc4ht.vercel.app/list-your-park?ref=bradley-outreach
Hartwell Village Mobile Home,(706) 376-3932,Hartwell,GA,466 North Leard Street,30643,Hart,"Hi, Bradley with Tread Companies / Trailer Parks calling about Hartwell Village Mobile Home in Hartwell. Free marketplace for park owners — $0 listing fee, $0 success fee. Brokers take ~6%. We've operated 4,000+ spaces. Can I text the link?",Bradley @ Tread Companies / Trailer Parks re Hartwell Village Mobile Home (Hartwell). Free owner marketplace — $0 fees. List in 2 min: https://temporary-zippy-celesta-4cyc4ht.vercel.app/list-your-park?ref=bradley-outreach,https://temporary-zippy-celesta-4cyc4ht.vercel.app/list-your-park?ref=bradley-outreach
Carmichael Trailer Park Inc,(912) 892-2179,Hawkinsville,GA,30 Friar Tuck Road #30,31036,Pulaski,"Hi, Bradley with Tread Companies / Trailer Parks calling about Carmichael Trailer Park Inc in Hawkinsville. Free marketplace for park owners — $0 listing fee, $0 success fee. Brokers take ~6%. We've operated 4,000+ spaces. Can I text the link?",Bradley @ Tread Companies / Trailer Parks re Carmichael Trailer Park Inc (Hawkinsville). Free owner marketplace — $0 fees. List in 2 min: https://temporary-zippy-celesta-4cyc4ht.vercel.app/list-your-park?ref=bradley-outreach,https://temporary-zippy-celesta-4cyc4ht.vercel.app/list-your-park?ref=bradley-outreach
Cedar Village,(706) 798-0495,Hephzibah,GA,4136 Windsor Spring Road,30815,Richmond,"Hi, Bradley with Tread Companies / Trailer Parks calling about Cedar Village in Hephzibah. Free marketplace for park owners — $0 listing fee, $0 success fee. Brokers take ~6%. We've operated 4,000+ spaces. Can I text the link?",Bradley @ Tread Companies / Trailer Parks re Cedar Village (Hephzibah). Free owner marketplace — $0 fees. List in 2 min: https://temporary-zippy-celesta-4cyc4ht.vercel.app/list-your-park?ref=bradley-outreach,https://temporary-zippy-celesta-4cyc4ht.vercel.app/list-your-park?ref=bradley-outreach
Collins Mobile Home Estates,(706) 790-9946,Hephzibah,GA,3980 Deans Bridge Road,30815,Richmond,"Hi, Bradley with Tread Companies / Trailer Parks calling about Collins Mobile Home Estates in Hephzibah. Free marketplace for park owners — $0 listing fee, $0 success fee. Brokers take ~6%. We've operated 4,000+ spaces. Can I text the link?",Bradley @ Tread Companies / Trailer Parks re Collins Mobile Home Estates (Hephzibah). Free owner marketplace — $0 fees. List in 2 min: https://temporary-zippy-celesta-4cyc4ht.vercel.app/list-your-park?ref=bradley-outreach,https://temporary-zippy-celesta-4cyc4ht.vercel.app/list-your-park?ref=bradley-outreach
Dallas Mhp,(706) 798-5448,Hephzibah,GA,2470 Tobacco Road,30815,Richmond,"Hi, Bradley with Tread Companies / Trailer Parks calling about Dallas Mhp in Hephzibah. Free marketplace for park owners — $0 listing fee, $0 success fee. Brokers take ~6%. We've operated 4,000+ spaces. Can I text the link?",Bradley @ Tread Companies / Trailer Parks re Dallas Mhp (Hephzibah). Free owner marketplace — $0 fees. List in 2 min: https://temporary-zippy-celesta-4cyc4ht.vercel.app/list-your-park?ref=bradley-outreach,https://temporary-zippy-celesta-4cyc4ht.vercel.app/list-your-park?ref=bradley-outreach
Lewis Acres Mhp,(706) 592-9358,Hephzibah,GA,3229 Farmers Bridge Road,30815,Burke,"Hi, Bradley with Tread Companies / Trailer Parks calling about Lewis Acres Mhp in Hephzibah. Free marketplace for park owners — $0 listing fee, $0 success fee. Brokers take ~6%. We've operated 4,000+ spaces. Can I text the link?",Bradley @ Tread Companies / Trailer Parks re Lewis Acres Mhp (Hephzibah). Free owner marketplace — $0 fees. List in 2 min: https://temporary-zippy-celesta-4cyc4ht.vercel.app/list-your-park?ref=bradley-outreach,https://temporary-zippy-celesta-4cyc4ht.vercel.app/list-your-park?ref=bradley-outreach
Mars Mobile Homes,(706) 798-1790,Hephzibah,GA,3614 Deans Bridge Road,30815,Richmond,"Hi, Bradley with Tread Companies / Trailer Parks calling about Mars Mobile Homes in Hephzibah. Free marketplace for park owners — $0 listing fee, $0 success fee. Brokers take ~6%. We've operated 4,000+ spaces. Can I text the link?",Bradley @ Tread Companies / Trailer Parks re Mars Mobile Homes (Hephzibah). Free owner marketplace — $0 fees. List in 2 min: https://temporary-zippy-celesta-4cyc4ht.vercel.app/list-your-park?ref=bradley-outreach,https://temporary-zippy-celesta-4cyc4ht.vercel.app/list-your-park?ref=bradley-outreach
Plantation Acres Inc,(706) 798-5413,Hephzibah,GA,3962 Deans Bridge Road,30815,Richmond,"Hi, Bradley with Tread Companies / Trailer Parks calling about Plantation Acres Inc in Hephzibah. Free marketplace for park owners — $0 listing fee, $0 success fee. Brokers take ~6%. We've operated 4,000+ spaces. Can I text the link?",Bradley @ Tread Companies / Trailer Parks re Plantation Acres Inc (Hephzibah). Free owner marketplace — $0 fees. List in 2 min: https://temporary-zippy-celesta-4cyc4ht.vercel.app/list-your-park?ref=bradley-outreach,https://temporary-zippy-celesta-4cyc4ht.vercel.app/list-your-park?ref=bradley-outreach
Windsor Court,(706) 798-0495,Hephzibah,GA,4202 Windsor Spring Road,30815,Richmond,"Hi, Bradley with Tread Companies / Trailer Parks calling about Windsor Court in Hephzibah. Free marketplace for park owners — $0 listing fee, $0 success fee. Brokers take ~6%. We've operated 4,000+ spaces. Can I text the link?",Bradley @ Tread Companies / Trailer Parks re Windsor Court (Hephzibah). Free owner marketplace — $0 fees. List in 2 min: https://temporary-zippy-celesta-4cyc4ht.vercel.app/list-your-park?ref=bradley-outreach,https://temporary-zippy-celesta-4cyc4ht.vercel.app/list-your-park?ref=bradley-outreach
Leisure Woods Mhp,(706) 896-2177,Hiawassee,GA,5675 Leisure Woods Park,30546,Towns,"Hi, Bradley with Tread Companies / Trailer Parks calling about Leisure Woods Mhp in Hiawassee. Free marketplace for park owners — $0 listing fee, $0 success fee. Brokers take ~6%. We've operated 4,000+ spaces. Can I text the link?",Bradley @ Tread Companies / Trailer Parks re Leisure Woods Mhp (Hiawassee). Free owner marketplace — $0 fees. List in 2 min: https://temporary-zippy-celesta-4cyc4ht.vercel.app/list-your-park?ref=bradley-outreach,https://temporary-zippy-celesta-4cyc4ht.vercel.app/list-your-park?ref=bradley-outreach
Alsennia'S Trailer Park,(912) 876-2058,Hinesville,GA,68 Manous Circle,31313,Liberty,"Hi, Bradley with Tread Companies / Trailer Parks calling about Alsennia'S Trailer Park in Hinesville. Free marketplace for park owners — $0 listing fee, $0 success fee. Brokers take ~6%. We've operated 4,000+ spaces. Can I text the link?",Bradley @ Tread Companies / Trailer Parks re Alsennia'S Trailer Park (Hinesville). Free owner marketplace — $0 fees. List in 2 min: https://temporary-zippy-celesta-4cyc4ht.vercel.app/list-your-park?ref=bradley-outreach,https://temporary-zippy-celesta-4cyc4ht.vercel.app/list-your-park?ref=bradley-outreach
Eagle Creek Mobile Home,(912) 369-2412,Hinesville,GA,300 Brantley Drive,31313,Liberty,"Hi, Bradley with Tread Companies / Trailer Parks calling about Eagle Creek Mobile Home in Hinesville. Free marketplace for park owners — $0 listing fee, $0 success fee. Brokers take ~6%. We've operated 4,000+ spaces. Can I text the link?",Bradley @ Tread Companies / Trailer Parks re Eagle Creek Mobile Home (Hinesville). Free owner marketplace — $0 fees. List in 2 min: https://temporary-zippy-celesta-4cyc4ht.vercel.app/list-your-park?ref=bradley-outreach,https://temporary-zippy-celesta-4cyc4ht.vercel.app/list-your-park?ref=bradley-outreach
Hideaway Mhp,(912) 876-2860,Hinesville,GA,1242 Shaw Road,31313,Liberty,"Hi, Bradley with Tread Companies / Trailer Parks calling about Hideaway Mhp in Hinesville. Free marketplace for park owners — $0 listing fee, $0 success fee. Brokers take ~6%. We've operated 4,000+ spaces. Can I text the link?",Bradley @ Tread Companies / Trailer Parks re Hideaway Mhp (Hinesville). Free owner marketplace — $0 fees. List in 2 min: https://temporary-zippy-celesta-4cyc4ht.vercel.app/list-your-park?ref=bradley-outreach,https://temporary-zippy-celesta-4cyc4ht.vercel.app/list-your-park?ref=bradley-outreach
Palms West Mobile Home Rentals,(912) 876-2466,Hinesville,GA,1750 John Wells Road,31313,Liberty,"Hi, Bradley with Tread Companies / Trailer Parks calling about Palms West Mobile Home Rentals in Hinesville. Free marketplace for park owners — $0 listing fee, $0 success fee. Brokers take ~6%. We've operated 4,000+ spaces. Can I text the link?",Bradley @ Tread Companies / Trailer Parks re Palms West Mobile Home Rentals (Hinesville). Free owner marketplace — $0 fees. List in 2 min: https://temporary-zippy-celesta-4cyc4ht.vercel.app/list-your-park?ref=bradley-outreach,https://temporary-zippy-celesta-4cyc4ht.vercel.app/list-your-park?ref=bradley-outreach
Robert'S Properties Mobile Home,(912) 369-3211,Hinesville,GA,375 Davis Road #D,31313,Liberty,"Hi, Bradley with Tread Companies / Trailer Parks calling about Robert'S Properties Mobile Home in Hinesville. Free marketplace for park owners — $0 listing fee, $0 success fee. Brokers take ~6%. We've operated 4,000+ spaces. Can I text the link?",Bradley @ Tread Companies / Trailer Parks re Robert'S Properties Mobile Home (Hinesville). Free owner marketplace — $0 fees. List in 2 min: https://temporary-zippy-celesta-4cyc4ht.vercel.app/list-your-park?ref=bradley-outreach,https://temporary-zippy-celesta-4cyc4ht.vercel.app/list-your-park?ref=bradley-outreach
Shady Oaks,(912) 876-9196,Hinesville,GA,1126 West Oglethorpe Highway,31313,Liberty,"Hi, Bradley with Tread Companies / Trailer Parks calling about Shady Oaks in Hinesville. Free marketplace for park owners — $0 listing fee, $0 success fee. Brokers take ~6%. We've operated 4,000+ spaces. Can I text the link?",Bradley @ Tread Companies / Trailer Parks re Shady Oaks (Hinesville). Free owner marketplace — $0 fees. List in 2 min: https://temporary-zippy-celesta-4cyc4ht.vercel.app/list-your-park?ref=bradley-outreach,https://temporary-zippy-celesta-4cyc4ht.vercel.app/list-your-park?ref=bradley-outreach
Victory Manor Mobile Home Court,(912) 368-6430,Hinesville,GA,472 Ruben Wells Road #31,31313,Liberty,"Hi, Bradley with Tread Companies / Trailer Parks calling about Victory Manor Mobile Home Court in Hinesville. Free marketplace for park owners — $0 listing fee, $0 success fee. Brokers take ~6%. We've operated 4,000+ spaces. Can I text the link?",Bradley @ Tread Companies / Trailer Parks re Victory Manor Mobile Home Court (Hinesville). Free owner marketplace — $0 fees. List in 2 min: https://temporary-zippy-celesta-4cyc4ht.vercel.app/list-your-park?ref=bradley-outreach,https://temporary-zippy-celesta-4cyc4ht.vercel.app/list-your-park?ref=bradley-outreach
Dogwood Hills Mhp,(770) 445-6171,Hiram,GA,8000 Dogwood Drive,30141,Paulding,"Hi, Bradley with Tread Companies / Trailer Parks calling about Dogwood Hills Mhp in Hiram. Free marketplace for park owners — $0 listing fee, $0 success fee. Brokers take ~6%. We've operated 4,000+ spaces. Can I text the link?",Bradley @ Tread Companies / Trailer Parks re Dogwood Hills Mhp (Hiram). Free owner marketplace — $0 fees. List in 2 min: https://temporary-zippy-celesta-4cyc4ht.vercel.app/list-your-park?ref=bradley-outreach,https://temporary-zippy-celesta-4cyc4ht.vercel.app/list-your-park?ref=bradley-outreach
Nebo Ridge Estates,(770) 445-1981,Hiram,GA,6194 Barbee Drive,30141,Paulding,"Hi, Bradley with Tread Companies / Trailer Parks calling about Nebo Ridge Estates in Hiram. Free marketplace for park owners — $0 listing fee, $0 success fee. Brokers take ~6%. We've operated 4,000+ spaces. Can I text the link?",Bradley @ Tread Companies / Trailer Parks re Nebo Ridge Estates (Hiram). Free owner marketplace — $0 fees. List in 2 min: https://temporary-zippy-celesta-4cyc4ht.vercel.app/list-your-park?ref=bradley-outreach,https://temporary-zippy-celesta-4cyc4ht.vercel.app/list-your-park?ref=bradley-outreach
Pine Ridge Mhp,(706) 637-8130,Hogansville,GA,7030 Lone Oak Road,30230,Meriwether,"Hi, Bradley with Tread Companies / Trailer Parks calling about Pine Ridge Mhp in Hogansville. Free marketplace for park owners — $0 listing fee, $0 success fee. Brokers take ~6%. We've operated 4,000+ spaces. Can I text the link?",Bradley @ Tread Companies / Trailer Parks re Pine Ridge Mhp (Hogansville). Free owner marketplace — $0 fees. List in 2 min: https://temporary-zippy-celesta-4cyc4ht.vercel.app/list-your-park?ref=bradley-outreach,https://temporary-zippy-celesta-4cyc4ht.vercel.app/list-your-park?ref=bradley-outreach
Whispering Pines Mobile Home,(770) 345-7310,Holly Springs,GA,640 Lakeside Drive,30142,Cherokee,"Hi, Bradley with Tread Companies / Trailer Parks calling about Whispering Pines Mobile Home in Holly Springs. Free marketplace for park owners — $0 listing fee, $0 success fee. Brokers take ~6%. We've operated 4,000+ spaces. Can I text the link?",Bradley @ Tread Companies / Trailer Parks re Whispering Pines Mobile Home (Holly Springs). Free owner marketplace — $0 fees. List in 2 min: https://temporary-zippy-celesta-4cyc4ht.vercel.app/list-your-park?ref=bradley-outreach,https://temporary-zippy-celesta-4cyc4ht.vercel.app/list-your-park?ref=bradley-outreach
D & S Mhp,(706) 677-2584,Homer,GA,239 Highway 441 North,30547,Banks,"Hi, Bradley with Tread Companies / Trailer Parks calling about D & S Mhp in Homer. Free marketplace for park owners — $0 listing fee, $0 success fee. Brokers take ~6%. We've operated 4,000+ spaces. Can I text the link?",Bradley @ Tread Companies / Trailer Parks re D & S Mhp (Homer). Free owner marketplace — $0 fees. List in 2 min: https://temporary-zippy-celesta-4cyc4ht.vercel.app/list-your-park?ref=bradley-outreach,https://temporary-zippy-celesta-4cyc4ht.vercel.app/list-your-park?ref=bradley-outreach
Rolling Green Mhp,(770) 775-5528,Jackson,GA,530 Brownlee Road,30233,Butts,"Hi, Bradley with Tread Companies / Trailer Parks calling about Rolling Green Mhp in Jackson. Free marketplace for park owners — $0 listing fee, $0 success fee. Brokers take ~6%. We've operated 4,000+ spaces. Can I text the link?",Bradley @ Tread Companies / Trailer Parks re Rolling Green Mhp (Jackson). Free owner marketplace — $0 fees. List in 2 min: https://temporary-zippy-celesta-4cyc4ht.vercel.app/list-your-park?ref=bradley-outreach,https://temporary-zippy-celesta-4cyc4ht.vercel.app/list-your-park?ref=bradley-outreach
Arcade Mhp,(706) 367-5080,Jefferson,GA,675 Windy Hill Road,30549,Jackson,"Hi, Bradley with Tread Companies / Trailer Parks calling about Arcade Mhp in Jefferson. Free marketplace for park owners — $0 listing fee, $0 success fee. Brokers take ~6%. We've operated 4,000+ spaces. Can I text the link?",Bradley @ Tread Companies / Trailer Parks re Arcade Mhp (Jefferson). Free owner marketplace — $0 fees. List in 2 min: https://temporary-zippy-celesta-4cyc4ht.vercel.app/list-your-park?ref=bradley-outreach,https://temporary-zippy-celesta-4cyc4ht.vercel.app/list-your-park?ref=bradley-outreach
Ponderosa Village,(912) 427-0897,Jesup,GA,2001 Rayonier Road,31545,Wayne,"Hi, Bradley with Tread Companies / Trailer Parks calling about Ponderosa Village in Jesup. Free marketplace for park owners — $0 listing fee, $0 success fee. Brokers take ~6%. We've operated 4,000+ spaces. Can I text the link?",Bradley @ Tread Companies / Trailer Parks re Ponderosa Village (Jesup). Free owner marketplace — $0 fees. List in 2 min: https://temporary-zippy-celesta-4cyc4ht.vercel.app/list-your-park?ref=bradley-outreach,https://temporary-zippy-celesta-4cyc4ht.vercel.app/list-your-park?ref=bradley-outreach
Atlanta Meadows Limited,(770) 996-8678,Jonesboro,GA,275 Upper Riverdale Road #C42,30236,Clayton,"Hi, Bradley with Tread Companies / Trailer Parks calling about Atlanta Meadows Limited in Jonesboro. Free marketplace for park owners — $0 listing fee, $0 success fee. Brokers take ~6%. We've operated 4,000+ spaces. Can I text the link?",Bradley @ Tread Companies / Trailer Parks re Atlanta Meadows Limited (Jonesboro). Free owner marketplace — $0 fees. List in 2 min: https://temporary-zippy-celesta-4cyc4ht.vercel.app/list-your-park?ref=bradley-outreach,https://temporary-zippy-celesta-4cyc4ht.vercel.app/list-your-park?ref=bradley-outreach
Clayton Park Mobile Home Court,(770) 478-5550,Jonesboro,GA,6347 Tara Boulevard,30236,Clayton,"Hi, Bradley with Tread Companies / Trailer Parks calling about Clayton Park Mobile Home Court in Jonesboro. Free marketplace for park owners — $0 listing fee, $0 success fee. Brokers take ~6%. We've operated 4,000+ spaces. Can I text the link?",Bradley @ Tread Companies / Trailer Parks re Clayton Park Mobile Home Court (Jonesboro). Free owner marketplace — $0 fees. List in 2 min: https://temporary-zippy-celesta-4cyc4ht.vercel.app/list-your-park?ref=bradley-outreach,https://temporary-zippy-celesta-4cyc4ht.vercel.app/list-your-park?ref=bradley-outreach
Dogwood City Mobile Court,(770) 991-1337,Jonesboro,GA,6265 Tara Boulevard,30236,Clayton,"Hi, Bradley with Tread Companies / Trailer Parks calling about Dogwood City Mobile Court in Jonesboro. Free marketplace for park owners — $0 listing fee, $0 success fee. Brokers take ~6%. We've operated 4,000+ spaces. Can I text the link?",Bradley @ Tread Companies / Trailer Parks re Dogwood City Mobile Court (Jonesboro). Free owner marketplace — $0 fees. List in 2 min: https://temporary-zippy-celesta-4cyc4ht.vercel.app/list-your-park?ref=bradley-outreach,https://temporary-zippy-celesta-4cyc4ht.vercel.app/list-your-park?ref=bradley-outreach
Edmondson Mhp,(770) 478-6177,Jonesboro,GA,7677 Tara Boulevard,30236,Clayton,"Hi, Bradley with Tread Companies / Trailer Parks calling about Edmondson Mhp in Jonesboro. Free marketplace for park owners — $0 listing fee, $0 success fee. Brokers take ~6%. We've operated 4,000+ spaces. Can I text the link?",Bradley @ Tread Companies / Trailer Parks re Edmondson Mhp (Jonesboro). Free owner marketplace — $0 fees. List in 2 min: https://temporary-zippy-celesta-4cyc4ht.vercel.app/list-your-park?ref=bradley-outreach,https://temporary-zippy-celesta-4cyc4ht.vercel.app/list-your-park?ref=bradley-outreach
Hunter Ridge Mfd. Home,(770) 477-5774,Jonesboro,GA,696 Tara Road,30238,Clayton,"Hi, Bradley with Tread Companies / Trailer Parks calling about Hunter Ridge Mfd. Home in Jonesboro. Free marketplace for park owners — $0 listing fee, $0 success fee. Brokers take ~6%. We've operated 4,000+ spaces. Can I text the link?",Bradley @ Tread Companies / Trailer Parks re Hunter Ridge Mfd. Home (Jonesboro). Free owner marketplace — $0 fees. List in 2 min: https://temporary-zippy-celesta-4cyc4ht.vercel.app/list-your-park?ref=bradley-outreach,https://temporary-zippy-celesta-4cyc4ht.vercel.app/list-your-park?ref=bradley-outreach
Tara Mhp,(770) 478-5705,Jonesboro,GA,7735 Tara Boulevard,30236,Clayton,"Hi, Bradley with Tread Companies / Trailer Parks calling about Tara Mhp in Jonesboro. Free marketplace for park owners — $0 listing fee, $0 success fee. Brokers take ~6%. We've operated 4,000+ spaces. Can I text the link?",Bradley @ Tread Companies / Trailer Parks re Tara Mhp (Jonesboro). Free owner marketplace — $0 fees. List in 2 min: https://temporary-zippy-celesta-4cyc4ht.vercel.app/list-your-park?ref=bradley-outreach,https://temporary-zippy-celesta-4cyc4ht.vercel.app/list-your-park?ref=bradley-outreach
Christian Mhp,(912) 474-0112,Juliette,GA,5934 Dames Ferry Road,31046,Monroe,"Hi, Bradley with Tread Companies / Trailer Parks calling about Christian Mhp in Juliette. Free marketplace for park owners — $0 listing fee, $0 success fee. Brokers take ~6%. We've operated 4,000+ spaces. Can I text the link?",Bradley @ Tread Companies / Trailer Parks re Christian Mhp (Juliette). Free owner marketplace — $0 fees. List in 2 min: https://temporary-zippy-celesta-4cyc4ht.vercel.app/list-your-park?ref=bradley-outreach,https://temporary-zippy-celesta-4cyc4ht.vercel.app/list-your-park?ref=bradley-outreach
Blue Springs Village,(770) 974-3618,Kennesaw,GA,3565 Old Highway 41,30144,Cobb,"Hi, Bradley with Tread Companies / Trailer Parks calling about Blue Springs Village in Kennesaw. Free marketplace for park owners — $0 listing fee, $0 success fee. Brokers take ~6%. We've operated 4,000+ spaces. Can I text the link?",Bradley @ Tread Companies / Trailer Parks re Blue Springs Village (Kennesaw). Free owner marketplace — $0 fees. List in 2 min: https://temporary-zippy-celesta-4cyc4ht.vercel.app/list-your-park?ref=bradley-outreach,https://temporary-zippy-celesta-4cyc4ht.vercel.app/list-your-park?ref=bradley-outreach
Castle Lake Mobile Home Community,(770) 422-7275,Kennesaw,GA,1650 Highway 41,30152,Cobb,"Hi, Bradley with Tread Companies / Trailer Parks calling about Castle Lake Mobile Home Community in Kennesaw. Free marketplace for park owners — $0 listing fee, $0 success fee. Brokers take ~6%. We've operated 4,000+ spaces. Can I text the link?",Bradley @ Tread Companies / Trailer Parks re Castle Lake Mobile Home Community (Kennesaw). Free owner marketplace — $0 fees. List in 2 min: https://temporary-zippy-celesta-4cyc4ht.vercel.app/list-your-park?ref=bradley-outreach,https://temporary-zippy-celesta-4cyc4ht.vercel.app/list-your-park?ref=bradley-outreach
Parkway Village Mhp,(770) 974-2227,Kennesaw,GA,3200 North Cobb Pkwy,30152,Cobb,"Hi, Bradley with Tread Companies / Trailer Parks calling about Parkway Village Mhp in Kennesaw. Free marketplace for park owners — $0 listing fee, $0 success fee. Brokers take ~6%. We've operated 4,000+ spaces. Can I text the link?",Bradley @ Tread Companies / Trailer Parks re Parkway Village Mhp (Kennesaw). Free owner marketplace — $0 fees. List in 2 min: https://temporary-zippy-celesta-4cyc4ht.vercel.app/list-your-park?ref=bradley-outreach,https://temporary-zippy-celesta-4cyc4ht.vercel.app/list-your-park?ref=bradley-outreach
Camden Point,(912) 729-7093,Kingsland,GA,955 South Grove Boulevard,31548,Camden,"Hi, Bradley with Tread Companies / Trailer Parks calling about Camden Point in Kingsland. Free marketplace for park owners — $0 listing fee, $0 success fee. Brokers take ~6%. We've operated 4,000+ spaces. Can I text the link?",Bradley @ Tread Companies / Trailer Parks re Camden Point (Kingsland). Free owner marketplace — $0 fees. List in 2 min: https://temporary-zippy-celesta-4cyc4ht.vercel.app/list-your-park?ref=bradley-outreach,https://temporary-zippy-celesta-4cyc4ht.vercel.app/list-your-park?ref=bradley-outreach
Palmetto Pines Mobile Home,(912) 729-3951,Kingsland,GA,152 Scrubby Bluff Road,31548,Camden,"Hi, Bradley with Tread Companies / Trailer Parks calling about Palmetto Pines Mobile Home in Kingsland. Free marketplace for park owners — $0 listing fee, $0 success fee. Brokers take ~6%. We've operated 4,000+ spaces. Can I text the link?",Bradley @ Tread Companies / Trailer Parks re Palmetto Pines Mobile Home (Kingsland). Free owner marketplace — $0 fees. List in 2 min: https://temporary-zippy-celesta-4cyc4ht.vercel.app/list-your-park?ref=bradley-outreach,https://temporary-zippy-celesta-4cyc4ht.vercel.app/list-your-park?ref=bradley-outreach
Pear-Pine Mhp,(706) 638-4695,La Fayette,GA,38 Jessie Drive,30728,Walker,"Hi, Bradley with Tread Companies / Trailer Parks calling about Pear-Pine Mhp in La Fayette. Free marketplace for park owners — $0 listing fee, $0 success fee. Brokers take ~6%. We've operated 4,000+ spaces. Can I text the link?",Bradley @ Tread Companies / Trailer Parks re Pear-Pine Mhp (La Fayette). Free owner marketplace — $0 fees. List in 2 min: https://temporary-zippy-celesta-4cyc4ht.vercel.app/list-your-park?ref=bradley-outreach,https://temporary-zippy-celesta-4cyc4ht.vercel.app/list-your-park?ref=bradley-outreach
Cherry Valley Mobile Estates,(706) 884-6066,La Grange,GA,922 Hill Street,30241,Troup,"Hi, Bradley with Tread Companies / Trailer Parks calling about Cherry Valley Mobile Estates in La Grange. Free marketplace for park owners — $0 listing fee, $0 success fee. Brokers take ~6%. We've operated 4,000+ spaces. Can I text the link?",Bradley @ Tread Companies / Trailer Parks re Cherry Valley Mobile Estates (La Grange). Free owner marketplace — $0 fees. List in 2 min: https://temporary-zippy-celesta-4cyc4ht.vercel.app/list-your-park?ref=bradley-outreach,https://temporary-zippy-celesta-4cyc4ht.vercel.app/list-your-park?ref=bradley-outreach
Dolly'S Mobile Acres,(706) 882-8179,La Grange,GA,1217 New Franklin Road,30240,Troup,"Hi, Bradley with Tread Companies / Trailer Parks calling about Dolly'S Mobile Acres in La Grange. Free marketplace for park owners — $0 listing fee, $0 success fee. Brokers take ~6%. We've operated 4,000+ spaces. Can I text the link?",Bradley @ Tread Companies / Trailer Parks re Dolly'S Mobile Acres (La Grange). Free owner marketplace — $0 fees. List in 2 min: https://temporary-zippy-celesta-4cyc4ht.vercel.app/list-your-park?ref=bradley-outreach,https://temporary-zippy-celesta-4cyc4ht.vercel.app/list-your-park?ref=bradley-outreach
Mobile Homes Acres,(706) 882-8276,La Grange,GA,1105 Whitesville Street,30240,Troup,"Hi, Bradley with Tread Companies / Trailer Parks calling about Mobile Homes Acres in La Grange. Free marketplace for park owners — $0 listing fee, $0 success fee. Brokers take ~6%. We've operated 4,000+ spaces. Can I text the link?",Bradley @ Tread Companies / Trailer Parks re Mobile Homes Acres (La Grange). Free owner marketplace — $0 fees. List in 2 min: https://temporary-zippy-celesta-4cyc4ht.vercel.app/list-your-park?ref=bradley-outreach,https://temporary-zippy-celesta-4cyc4ht.vercel.app/list-your-park?ref=bradley-outreach
Town & Country Mobile Acres,(706) 882-2404,La Grange,GA,46 Priscilla Drive,30241,Troup,"Hi, Bradley with Tread Companies / Trailer Parks calling about Town & Country Mobile Acres in La Grange. Free marketplace for park owners — $0 listing fee, $0 success fee. Brokers take ~6%. We've operated 4,000+ spaces. Can I text the link?",Bradley @ Tread Companies / Trailer Parks re Town & Country Mobile Acres (La Grange). Free owner marketplace — $0 fees. List in 2 min: https://temporary-zippy-celesta-4cyc4ht.vercel.app/list-your-park?ref=bradley-outreach,https://temporary-zippy-celesta-4cyc4ht.vercel.app/list-your-park?ref=bradley-outreach
Countryside Villages Of Atlanta,(866) 238-8726,Lawrenceville,GA,10 Sweetwater Way,30044,Gwinnett,"Hi, Bradley with Tread Companies / Trailer Parks calling about Countryside Villages Of Atlanta in Lawrenceville. Free marketplace for park owners — $0 listing fee, $0 success fee. Brokers take ~6%. We've operated 4,000+ spaces. Can I text the link?",Bradley @ Tread Companies / Trailer Parks re Countryside Villages Of Atlanta (Lawrenceville). Free owner marketplace — $0 fees. List in 2 min: https://temporary-zippy-celesta-4cyc4ht.vercel.app/list-your-park?ref=bradley-outreach,https://temporary-zippy-celesta-4cyc4ht.vercel.app/list-your-park?ref=bradley-outreach
Friendly Village Manufacturer Housing,(770) 963-4010,Lawrenceville,GA,9 Pinetree Road,30043,Gwinnett,"Hi, Bradley with Tread Companies / Trailer Parks calling about Friendly Village Manufacturer Housing in Lawrenceville. Free marketplace for park owners — $0 listing fee, $0 success fee. Brokers take ~6%. We've operated 4,000+ spaces. Can I text the link?",Bradley @ Tread Companies / Trailer Parks re Friendly Village Manufacturer Housing (Lawrenceville). Free owner marketplace — $0 fees. List in 2 min: https://temporary-zippy-celesta-4cyc4ht.vercel.app/list-your-park?ref=bradley-outreach,https://temporary-zippy-celesta-4cyc4ht.vercel.app/list-your-park?ref=bradley-outreach
Pine Valley Mhp,(770) 963-6464,Lawrenceville,GA,510 Pine Hill Circle,30045,Gwinnett,"Hi, Bradley with Tread Companies / Trailer Parks calling about Pine Valley Mhp in Lawrenceville. Free marketplace for park owners — $0 listing fee, $0 success fee. Brokers take ~6%. We've operated 4,000+ spaces. Can I text the link?",Bradley @ Tread Companies / Trailer Parks re Pine Valley Mhp (Lawrenceville). Free owner marketplace — $0 fees. List in 2 min: https://temporary-zippy-celesta-4cyc4ht.vercel.app/list-your-park?ref=bradley-outreach,https://temporary-zippy-celesta-4cyc4ht.vercel.app/list-your-park?ref=bradley-outreach
Dixon Mhp,(912) 432-7725,Leesburg,GA,951 Lovers Lane Road,31763,Lee,"Hi, Bradley with Tread Companies / Trailer Parks calling about Dixon Mhp in Leesburg. Free marketplace for park owners — $0 listing fee, $0 success fee. Brokers take ~6%. We've operated 4,000+ spaces. Can I text the link?",Bradley @ Tread Companies / Trailer Parks re Dixon Mhp (Leesburg). Free owner marketplace — $0 fees. List in 2 min: https://temporary-zippy-celesta-4cyc4ht.vercel.app/list-your-park?ref=bradley-outreach,https://temporary-zippy-celesta-4cyc4ht.vercel.app/list-your-park?ref=bradley-outreach
Pineview Mobile Estates,(912) 436-1856,Leesburg,GA,736 Graves Springs Road,31763,Lee,"Hi, Bradley with Tread Companies / Trailer Parks calling about Pineview Mobile Estates in Leesburg. Free marketplace for park owners — $0 listing fee, $0 success fee. Brokers take ~6%. We've operated 4,000+ spaces. Can I text the link?",Bradley @ Tread Companies / Trailer Parks re Pineview Mobile Estates (Leesburg). Free owner marketplace — $0 fees. List in 2 min: https://temporary-zippy-celesta-4cyc4ht.vercel.app/list-your-park?ref=bradley-outreach,https://temporary-zippy-celesta-4cyc4ht.vercel.app/list-your-park?ref=bradley-outreach
Woodland Mhp,(912) 432-0914,Leesburg,GA,1137 Us Highway 19 South,31763,Lee,"Hi, Bradley with Tread Companies / Trailer Parks calling about Woodland Mhp in Leesburg. Free marketplace for park owners — $0 listing fee, $0 success fee. Brokers take ~6%. We've operated 4,000+ spaces. Can I text the link?",Bradley @ Tread Companies / Trailer Parks re Woodland Mhp (Leesburg). Free owner marketplace — $0 fees. List in 2 min: https://temporary-zippy-celesta-4cyc4ht.vercel.app/list-your-park?ref=bradley-outreach,https://temporary-zippy-celesta-4cyc4ht.vercel.app/list-your-park?ref=bradley-outreach
Atlanta View Trail-R-Inn,(770) 948-2617,Lithia Springs,GA,1996 Rock House Road,30122,Douglas,"Hi, Bradley with Tread Companies / Trailer Parks calling about Atlanta View Trail-R-Inn in Lithia Springs. Free marketplace for park owners — $0 listing fee, $0 success fee. Brokers take ~6%. We've operated 4,000+ spaces. Can I text the link?",Bradley @ Tread Companies / Trailer Parks re Atlanta View Trail-R-Inn (Lithia Springs). Free owner marketplace — $0 fees. List in 2 min: https://temporary-zippy-celesta-4cyc4ht.vercel.app/list-your-park?ref=bradley-outreach,https://temporary-zippy-celesta-4cyc4ht.vercel.app/list-your-park?ref=bradley-outreach
Lakeside Mhp,(770) 941-1777,Lithia Springs,GA,3291 Bankhead Highway,30122,Douglas,"Hi, Bradley with Tread Companies / Trailer Parks calling about Lakeside Mhp in Lithia Springs. Free marketplace for park owners — $0 listing fee, $0 success fee. Brokers take ~6%. We've operated 4,000+ spaces. Can I text the link?",Bradley @ Tread Companies / Trailer Parks re Lakeside Mhp (Lithia Springs). Free owner marketplace — $0 fees. List in 2 min: https://temporary-zippy-celesta-4cyc4ht.vercel.app/list-your-park?ref=bradley-outreach,https://temporary-zippy-celesta-4cyc4ht.vercel.app/list-your-park?ref=bradley-outreach
Lithia Mhp,(770) 948-9530,Lithia Springs,GA,3666 Glenda Street,30122,Douglas,"Hi, Bradley with Tread Companies / Trailer Parks calling about Lithia Mhp in Lithia Springs. Free marketplace for park owners — $0 listing fee, $0 success fee. Brokers take ~6%. We've operated 4,000+ spaces. Can I text the link?",Bradley @ Tread Companies / Trailer Parks re Lithia Mhp (Lithia Springs). Free owner marketplace — $0 fees. List in 2 min: https://temporary-zippy-celesta-4cyc4ht.vercel.app/list-your-park?ref=bradley-outreach,https://temporary-zippy-celesta-4cyc4ht.vercel.app/list-your-park?ref=bradley-outreach
West Atlanta Mfd. Home,(770) 948-5991,Lithia Springs,GA,2970 Skyview Drive,30122,Douglas,"Hi, Bradley with Tread Companies / Trailer Parks calling about West Atlanta Mfd. Home in Lithia Springs. Free marketplace for park owners — $0 listing fee, $0 success fee. Brokers take ~6%. We've operated 4,000+ spaces. Can I text the link?",Bradley @ Tread Companies / Trailer Parks re West Atlanta Mfd. Home (Lithia Springs). Free owner marketplace — $0 fees. List in 2 min: https://temporary-zippy-celesta-4cyc4ht.vercel.app/list-your-park?ref=bradley-outreach,https://temporary-zippy-celesta-4cyc4ht.vercel.app/list-your-park?ref=bradley-outreach
Lakeview Mhp,(770) 482-9422,Lithonia,GA,2155 Rock Chapel Road,30058,Dekalb,"Hi, Bradley with Tread Companies / Trailer Parks calling about Lakeview Mhp in Lithonia. Free marketplace for park owners — $0 listing fee, $0 success fee. Brokers take ~6%. We've operated 4,000+ spaces. Can I text the link?",Bradley @ Tread Companies / Trailer Parks re Lakeview Mhp (Lithonia). Free owner marketplace — $0 fees. List in 2 min: https://temporary-zippy-celesta-4cyc4ht.vercel.app/list-your-park?ref=bradley-outreach,https://temporary-zippy-celesta-4cyc4ht.vercel.app/list-your-park?ref=bradley-outreach
Lithonia Mobile Homes Inc,(770) 482-7053,Lithonia,GA,7062 Rogers Lake Road,30058,Dekalb,"Hi, Bradley with Tread Companies / Trailer Parks calling about Lithonia Mobile Homes Inc in Lithonia. Free marketplace for park owners — $0 listing fee, $0 success fee. Brokers take ~6%. We've operated 4,000+ spaces. Can I text the link?",Bradley @ Tread Companies / Trailer Parks re Lithonia Mobile Homes Inc (Lithonia). Free owner marketplace — $0 fees. List in 2 min: https://temporary-zippy-celesta-4cyc4ht.vercel.app/list-your-park?ref=bradley-outreach,https://temporary-zippy-celesta-4cyc4ht.vercel.app/list-your-park?ref=bradley-outreach
Smokecreek Mhp,(770) 979-0902,Lithonia,GA,4255 Smokecreek Pkwy,30058,Gwinnett,"Hi, Bradley with Tread Companies / Trailer Parks calling about Smokecreek Mhp in Lithonia. Free marketplace for park owners — $0 listing fee, $0 success fee. Brokers take ~6%. We've operated 4,000+ spaces. Can I text the link?",Bradley @ Tread Companies / Trailer Parks re Smokecreek Mhp (Lithonia). Free owner marketplace — $0 fees. List in 2 min: https://temporary-zippy-celesta-4cyc4ht.vercel.app/list-your-park?ref=bradley-outreach,https://temporary-zippy-celesta-4cyc4ht.vercel.app/list-your-park?ref=bradley-outreach
Indian Creek Mobile Home Community,(770) 957-2850,Locust Grove,GA,643 Indian Creek Road,30248,Henry,"Hi, Bradley with Tread Companies / Trailer Parks calling about Indian Creek Mobile Home Community in Locust Grove. Free marketplace for park owners — $0 listing fee, $0 success fee. Brokers take ~6%. We've operated 4,000+ spaces. Can I text the link?",Bradley @ Tread Companies / Trailer Parks re Indian Creek Mobile Home Community (Locust Grove). Free owner marketplace — $0 fees. List in 2 min: https://temporary-zippy-celesta-4cyc4ht.vercel.app/list-your-park?ref=bradley-outreach,https://temporary-zippy-celesta-4cyc4ht.vercel.app/list-your-park?ref=bradley-outreach
Gwinnett Estates,(770) 466-8742,Loganville,GA,211 Howe Lane,30052,Gwinnett,"Hi, Bradley with Tread Companies / Trailer Parks calling about Gwinnett Estates in Loganville. Free marketplace for park owners — $0 listing fee, $0 success fee. Brokers take ~6%. We've operated 4,000+ spaces. Can I text the link?",Bradley @ Tread Companies / Trailer Parks re Gwinnett Estates (Loganville). Free owner marketplace — $0 fees. List in 2 min: https://temporary-zippy-celesta-4cyc4ht.vercel.app/list-your-park?ref=bradley-outreach,https://temporary-zippy-celesta-4cyc4ht.vercel.app/list-your-park?ref=bradley-outreach
Jacksons Mhp,(770) 466-8809,Loganville,GA,5370 Highway 20,30052,Walton,"Hi, Bradley with Tread Companies / Trailer Parks calling about Jacksons Mhp in Loganville. Free marketplace for park owners — $0 listing fee, $0 success fee. Brokers take ~6%. We've operated 4,000+ spaces. Can I text the link?",Bradley @ Tread Companies / Trailer Parks re Jacksons Mhp (Loganville). Free owner marketplace — $0 fees. List in 2 min: https://temporary-zippy-celesta-4cyc4ht.vercel.app/list-your-park?ref=bradley-outreach,https://temporary-zippy-celesta-4cyc4ht.vercel.app/list-your-park?ref=bradley-outreach
Walton Planned Communities,(770) 466-2998,Loganville,GA,4670 Highway 78,30052,Walton,"Hi, Bradley with Tread Companies / Trailer Parks calling about Walton Planned Communities in Loganville. Free marketplace for park owners — $0 listing fee, $0 success fee. Brokers take ~6%. We've operated 4,000+ spaces. Can I text the link?",Bradley @ Tread Companies / Trailer Parks re Walton Planned Communities (Loganville). Free owner marketplace — $0 fees. List in 2 min: https://temporary-zippy-celesta-4cyc4ht.vercel.app/list-your-park?ref=bradley-outreach,https://temporary-zippy-celesta-4cyc4ht.vercel.app/list-your-park?ref=bradley-outreach
Youth Mhp,(770) 466-8685,Loganville,GA,2140 Highway 81,30052,Walton,"Hi, Bradley with Tread Companies / Trailer Parks calling about Youth Mhp in Loganville. Free marketplace for park owners — $0 listing fee, $0 success fee. Brokers take ~6%. We've operated 4,000+ spaces. Can I text the link?",Bradley @ Tread Companies / Trailer Parks re Youth Mhp (Loganville). Free owner marketplace — $0 fees. List in 2 min: https://temporary-zippy-celesta-4cyc4ht.vercel.app/list-your-park?ref=bradley-outreach,https://temporary-zippy-celesta-4cyc4ht.vercel.app/list-your-park?ref=bradley-outreach
Pecan Park Mfd. Housing Estates,(912) 545-9887,Ludowici,GA,11 Long Street,31316,Long,"Hi, Bradley with Tread Companies / Trailer Parks calling about Pecan Park Mfd. Housing Estates in Ludowici. Free marketplace for park owners — $0 listing fee, $0 success fee. Brokers take ~6%. We've operated 4,000+ spaces. Can I text the link?",Bradley @ Tread Companies / Trailer Parks re Pecan Park Mfd. Housing Estates (Ludowici). Free owner marketplace — $0 fees. List in 2 min: https://temporary-zippy-celesta-4cyc4ht.vercel.app/list-your-park?ref=bradley-outreach,https://temporary-zippy-celesta-4cyc4ht.vercel.app/list-your-park?ref=bradley-outreach
Castlewood At Discovery,(770) 941-3232,Mableton,GA,100 Plantation Hill Road,30126,Cobb,"Hi, Bradley with Tread Companies / Trailer Parks calling about Castlewood At Discovery in Mableton. Free marketplace for park owners — $0 listing fee, $0 success fee. Brokers take ~6%. We've operated 4,000+ spaces. Can I text the link?",Bradley @ Tread Companies / Trailer Parks re Castlewood At Discovery (Mableton). Free owner marketplace — $0 fees. List in 2 min: https://temporary-zippy-celesta-4cyc4ht.vercel.app/list-your-park?ref=bradley-outreach,https://temporary-zippy-celesta-4cyc4ht.vercel.app/list-your-park?ref=bradley-outreach
Twin Oaks Mhp,(770) 941-0500,Mableton,GA,6780 Mableton Pkwy,30126,Cobb,"Hi, Bradley with Tread Companies / Trailer Parks calling about Twin Oaks Mhp in Mableton. Free marketplace for park owners — $0 listing fee, $0 success fee. Brokers take ~6%. We've operated 4,000+ spaces. Can I text the link?",Bradley @ Tread Companies / Trailer Parks re Twin Oaks Mhp (Mableton). Free owner marketplace — $0 fees. List in 2 min: https://temporary-zippy-celesta-4cyc4ht.vercel.app/list-your-park?ref=bradley-outreach,https://temporary-zippy-celesta-4cyc4ht.vercel.app/list-your-park?ref=bradley-outreach
Arbor Estates,(912) 781-2122,Macon,GA,8410 Hawkinsville Road,31216,Bibb,"Hi, Bradley with Tread Companies / Trailer Parks calling about Arbor Estates in Macon. Free marketplace for park owners — $0 listing fee, $0 success fee. Brokers take ~6%. We've operated 4,000+ spaces. Can I text the link?",Bradley @ Tread Companies / Trailer Parks re Arbor Estates (Macon). Free owner marketplace — $0 fees. List in 2 min: https://temporary-zippy-celesta-4cyc4ht.vercel.app/list-your-park?ref=bradley-outreach,https://temporary-zippy-celesta-4cyc4ht.vercel.app/list-your-park?ref=bradley-outreach
Avalon Park,(912) 742-2245,Macon,GA,2621 Jeffersonville Road,31217,Bibb,"Hi, Bradley with Tread Companies / Trailer Parks calling about Avalon Park in Macon. Free marketplace for park owners — $0 listing fee, $0 success fee. Brokers take ~6%. We've operated 4,000+ spaces. Can I text the link?",Bradley @ Tread Companies / Trailer Parks re Avalon Park (Macon). Free owner marketplace — $0 fees. List in 2 min: https://temporary-zippy-celesta-4cyc4ht.vercel.app/list-your-park?ref=bradley-outreach,https://temporary-zippy-celesta-4cyc4ht.vercel.app/list-your-park?ref=bradley-outreach
Baker'S Acres Mhp,(912) 743-1120,Macon,GA,3559 Joycliff Road,31211,Jones,"Hi, Bradley with Tread Companies / Trailer Parks calling about Baker'S Acres Mhp in Macon. Free marketplace for park owners — $0 listing fee, $0 success fee. Brokers take ~6%. We've operated 4,000+ spaces. Can I text the link?",Bradley @ Tread Companies / Trailer Parks re Baker'S Acres Mhp (Macon). Free owner marketplace — $0 fees. List in 2 min: https://temporary-zippy-celesta-4cyc4ht.vercel.app/list-your-park?ref=bradley-outreach,https://temporary-zippy-celesta-4cyc4ht.vercel.app/list-your-park?ref=bradley-outreach
Clearview Park,(912) 781-9734,Macon,GA,2657 Mint Green Lane #31,31206,Bibb,"Hi, Bradley with Tread Companies / Trailer Parks calling about Clearview Park in Macon. Free marketplace for park owners — $0 listing fee, $0 success fee. Brokers take ~6%. We've operated 4,000+ spaces. Can I text the link?",Bradley @ Tread Companies / Trailer Parks re Clearview Park (Macon). Free owner marketplace — $0 fees. List in 2 min: https://temporary-zippy-celesta-4cyc4ht.vercel.app/list-your-park?ref=bradley-outreach,https://temporary-zippy-celesta-4cyc4ht.vercel.app/list-your-park?ref=bradley-outreach
Emerald Mhp,(912) 745-8053,Macon,GA,3465 Joycliff Road,31211,Jones,"Hi, Bradley with Tread Companies / Trailer Parks calling about Emerald Mhp in Macon. Free marketplace for park owners — $0 listing fee, $0 success fee. Brokers take ~6%. We've operated 4,000+ spaces. Can I text the link?",Bradley @ Tread Companies / Trailer Parks re Emerald Mhp (Macon). Free owner marketplace — $0 fees. List in 2 min: https://temporary-zippy-celesta-4cyc4ht.vercel.app/list-your-park?ref=bradley-outreach,https://temporary-zippy-celesta-4cyc4ht.vercel.app/list-your-park?ref=bradley-outreach
Forest Place Mobile World,(912) 474-1900,Macon,GA,5500 Forest Place,31206,Bibb,"Hi, Bradley with Tread Companies / Trailer Parks calling about Forest Place Mobile World in Macon. Free marketplace for park owners — $0 listing fee, $0 success fee. Brokers take ~6%. We've operated 4,000+ spaces. Can I text the link?",Bradley @ Tread Companies / Trailer Parks re Forest Place Mobile World (Macon). Free owner marketplace — $0 fees. List in 2 min: https://temporary-zippy-celesta-4cyc4ht.vercel.app/list-your-park?ref=bradley-outreach,https://temporary-zippy-celesta-4cyc4ht.vercel.app/list-your-park?ref=bradley-outreach
Hill-N-Dale Mhp,(912) 474-8274,Macon,GA,6381 Thomaston Road,31220,Bibb,"Hi, Bradley with Tread Companies / Trailer Parks calling about Hill-N-Dale Mhp in Macon. Free marketplace for park owners — $0 listing fee, $0 success fee. Brokers take ~6%. We've operated 4,000+ spaces. Can I text the link?",Bradley @ Tread Companies / Trailer Parks re Hill-N-Dale Mhp (Macon). Free owner marketplace — $0 fees. List in 2 min: https://temporary-zippy-celesta-4cyc4ht.vercel.app/list-your-park?ref=bradley-outreach,https://temporary-zippy-celesta-4cyc4ht.vercel.app/list-your-park?ref=bradley-outreach
Macon Trailer Park,(912) 788-1541,Macon,GA,5530 Hawkinsville Road,31216,Bibb,"Hi, Bradley with Tread Companies / Trailer Parks calling about Macon Trailer Park in Macon. Free marketplace for park owners — $0 listing fee, $0 success fee. Brokers take ~6%. We've operated 4,000+ spaces. Can I text the link?",Bradley @ Tread Companies / Trailer Parks re Macon Trailer Park (Macon). Free owner marketplace — $0 fees. List in 2 min: https://temporary-zippy-celesta-4cyc4ht.vercel.app/list-your-park?ref=bradley-outreach,https://temporary-zippy-celesta-4cyc4ht.vercel.app/list-your-park?ref=bradley-outreach
Oak-Grove Mhp,(912) 788-8027,Macon,GA,5420 Houston Road,31216,Bibb,"Hi, Bradley with Tread Companies / Trailer Parks calling about Oak-Grove Mhp in Macon. Free marketplace for park owners — $0 listing fee, $0 success fee. Brokers take ~6%. We've operated 4,000+ spaces. Can I text the link?",Bradley @ Tread Companies / Trailer Parks re Oak-Grove Mhp (Macon). Free owner marketplace — $0 fees. List in 2 min: https://temporary-zippy-celesta-4cyc4ht.vercel.app/list-your-park?ref=bradley-outreach,https://temporary-zippy-celesta-4cyc4ht.vercel.app/list-your-park?ref=bradley-outreach
Pine Acres Mobile Homes Court,(912) 788-3955,Macon,GA,5600 Hawkinsville Road,31216,Bibb,"Hi, Bradley with Tread Companies / Trailer Parks calling about Pine Acres Mobile Homes Court in Macon. Free marketplace for park owners — $0 listing fee, $0 success fee. Brokers take ~6%. We've operated 4,000+ spaces. Can I text the link?",Bradley @ Tread Companies / Trailer Parks re Pine Acres Mobile Homes Court (Macon). Free owner marketplace — $0 fees. List in 2 min: https://temporary-zippy-celesta-4cyc4ht.vercel.app/list-your-park?ref=bradley-outreach,https://temporary-zippy-celesta-4cyc4ht.vercel.app/list-your-park?ref=bradley-outreach
Roquemore Ridge Mobile Home,(912) 745-2377,Macon,GA,6240 Hawkinsville Road,31216,Bibb,"Hi, Bradley with Tread Companies / Trailer Parks calling about Roquemore Ridge Mobile Home in Macon. Free marketplace for park owners — $0 listing fee, $0 success fee. Brokers take ~6%. We've operated 4,000+ spaces. Can I text the link?",Bradley @ Tread Companies / Trailer Parks re Roquemore Ridge Mobile Home (Macon). Free owner marketplace — $0 fees. List in 2 min: https://temporary-zippy-celesta-4cyc4ht.vercel.app/list-your-park?ref=bradley-outreach,https://temporary-zippy-celesta-4cyc4ht.vercel.app/list-your-park?ref=bradley-outreach
Sheltering Pines Estates,(912) 788-8395,Macon,GA,5411 Houston Road,31216,Bibb,"Hi, Bradley with Tread Companies / Trailer Parks calling about Sheltering Pines Estates in Macon. Free marketplace for park owners — $0 listing fee, $0 success fee. Brokers take ~6%. We've operated 4,000+ spaces. Can I text the link?",Bradley @ Tread Companies / Trailer Parks re Sheltering Pines Estates (Macon). Free owner marketplace — $0 fees. List in 2 min: https://temporary-zippy-celesta-4cyc4ht.vercel.app/list-your-park?ref=bradley-outreach,https://temporary-zippy-celesta-4cyc4ht.vercel.app/list-your-park?ref=bradley-outreach
South Glade Estates,(912) 788-2370,Macon,GA,185 Edward Drive,31216,Bibb,"Hi, Bradley with Tread Companies / Trailer Parks calling about South Glade Estates in Macon. Free marketplace for park owners — $0 listing fee, $0 success fee. Brokers take ~6%. We've operated 4,000+ spaces. Can I text the link?",Bradley @ Tread Companies / Trailer Parks re South Glade Estates (Macon). Free owner marketplace — $0 fees. List in 2 min: https://temporary-zippy-celesta-4cyc4ht.vercel.app/list-your-park?ref=bradley-outreach,https://temporary-zippy-celesta-4cyc4ht.vercel.app/list-your-park?ref=bradley-outreach
Wells Mhp,(912) 745-8307,Macon,GA,Chapman Road,31211,Jones,"Hi, Bradley with Tread Companies / Trailer Parks calling about Wells Mhp in Macon. Free marketplace for park owners — $0 listing fee, $0 success fee. Brokers take ~6%. We've operated 4,000+ spaces. Can I text the link?",Bradley @ Tread Companies / Trailer Parks re Wells Mhp (Macon). Free owner marketplace — $0 fees. List in 2 min: https://temporary-zippy-celesta-4cyc4ht.vercel.app/list-your-park?ref=bradley-outreach,https://temporary-zippy-celesta-4cyc4ht.vercel.app/list-your-park?ref=bradley-outreach
Westwood Park,(912) 474-5839,Macon,GA,100 Westwood Circle,31206,Bibb,"Hi, Bradley with Tread Companies / Trailer Parks calling about Westwood Park in Macon. Free marketplace for park owners — $0 listing fee, $0 success fee. Brokers take ~6%. We've operated 4,000+ spaces. Can I text the link?",Bradley @ Tread Companies / Trailer Parks re Westwood Park (Macon). Free owner marketplace — $0 fees. List in 2 min: https://temporary-zippy-celesta-4cyc4ht.vercel.app/list-your-park?ref=bradley-outreach,https://temporary-zippy-celesta-4cyc4ht.vercel.app/list-your-park?ref=bradley-outreach
Whispering Pines Mobile Home,(912) 475-0890,Macon,GA,6555 Highway 87,31210,Monroe,"Hi, Bradley with Tread Companies / Trailer Parks calling about Whispering Pines Mobile Home in Macon. Free marketplace for park owners — $0 listing fee, $0 success fee. Brokers take ~6%. We've operated 4,000+ spaces. Can I text the link?",Bradley @ Tread Companies / Trailer Parks re Whispering Pines Mobile Home (Macon). Free owner marketplace — $0 fees. List in 2 min: https://temporary-zippy-celesta-4cyc4ht.vercel.app/list-your-park?ref=bradley-outreach,https://temporary-zippy-celesta-4cyc4ht.vercel.app/list-your-park?ref=bradley-outreach
Woodard'S Waye Mhp,(912) 788-3016,Macon,GA,7540 Hawkinsville Road,31216,Bibb,"Hi, Bradley with Tread Companies / Trailer Parks calling about Woodard'S Waye Mhp in Macon. Free marketplace for park owners — $0 listing fee, $0 success fee. Brokers take ~6%. We've operated 4,000+ spaces. Can I text the link?",Bradley @ Tread Companies / Trailer Parks re Woodard'S Waye Mhp (Macon). Free owner marketplace — $0 fees. List in 2 min: https://temporary-zippy-celesta-4cyc4ht.vercel.app/list-your-park?ref=bradley-outreach,https://temporary-zippy-celesta-4cyc4ht.vercel.app/list-your-park?ref=bradley-outreach
Arbor Mill Mhp,(770) 427-7998,Marietta,GA,2600 Turner Road Northwest,30064,Cobb,"Hi, Bradley with Tread Companies / Trailer Parks calling about Arbor Mill Mhp in Marietta. Free marketplace for park owners — $0 listing fee, $0 success fee. Brokers take ~6%. We've operated 4,000+ spaces. Can I text the link?",Bradley @ Tread Companies / Trailer Parks re Arbor Mill Mhp (Marietta). Free owner marketplace — $0 fees. List in 2 min: https://temporary-zippy-celesta-4cyc4ht.vercel.app/list-your-park?ref=bradley-outreach,https://temporary-zippy-celesta-4cyc4ht.vercel.app/list-your-park?ref=bradley-outreach
Hill Crest Plaza,(770) 422-4112,Marietta,GA,1150 Atlanta Road Southwest,30060,Cobb,"Hi, Bradley with Tread Companies / Trailer Parks calling about Hill Crest Plaza in Marietta. Free marketplace for park owners — $0 listing fee, $0 success fee. Brokers take ~6%. We've operated 4,000+ spaces. Can I text the link?",Bradley @ Tread Companies / Trailer Parks re Hill Crest Plaza (Marietta). Free owner marketplace — $0 fees. List in 2 min: https://temporary-zippy-celesta-4cyc4ht.vercel.app/list-your-park?ref=bradley-outreach,https://temporary-zippy-celesta-4cyc4ht.vercel.app/list-your-park?ref=bradley-outreach
Pine Haven Mhp,(770) 422-6922,Marietta,GA,848 Sandtown Road Southwest,30008,Cobb,"Hi, Bradley with Tread Companies / Trailer Parks calling about Pine Haven Mhp in Marietta. Free marketplace for park owners — $0 listing fee, $0 success fee. Brokers take ~6%. We've operated 4,000+ spaces. Can I text the link?",Bradley @ Tread Companies / Trailer Parks re Pine Haven Mhp (Marietta). Free owner marketplace — $0 fees. List in 2 min: https://temporary-zippy-celesta-4cyc4ht.vercel.app/list-your-park?ref=bradley-outreach,https://temporary-zippy-celesta-4cyc4ht.vercel.app/list-your-park?ref=bradley-outreach
Valley View Park,(770) 919-0607,Marietta,GA,1096 Atlanta Road Southwest,30060,Cobb,"Hi, Bradley with Tread Companies / Trailer Parks calling about Valley View Park in Marietta. Free marketplace for park owners — $0 listing fee, $0 success fee. Brokers take ~6%. We've operated 4,000+ spaces. Can I text the link?",Bradley @ Tread Companies / Trailer Parks re Valley View Park (Marietta). Free owner marketplace — $0 fees. List in 2 min: https://temporary-zippy-celesta-4cyc4ht.vercel.app/list-your-park?ref=bradley-outreach,https://temporary-zippy-celesta-4cyc4ht.vercel.app/list-your-park?ref=bradley-outreach
M & M Mhp,(706) 863-8687,Martinez,GA,4222 Wheeler Road,30907,Columbia,"Hi, Bradley with Tread Companies / Trailer Parks calling about M & M Mhp in Martinez. Free marketplace for park owners — $0 listing fee, $0 success fee. Brokers take ~6%. We've operated 4,000+ spaces. Can I text the link?",Bradley @ Tread Companies / Trailer Parks re M & M Mhp (Martinez). Free owner marketplace — $0 fees. List in 2 min: https://temporary-zippy-celesta-4cyc4ht.vercel.app/list-your-park?ref=bradley-outreach,https://temporary-zippy-celesta-4cyc4ht.vercel.app/list-your-park?ref=bradley-outreach
Audubon Estates-Georgia Inc,(770) 957-6676,Mcdonough,GA,200 Willow Lane,30253,Henry,"Hi, Bradley with Tread Companies / Trailer Parks calling about Audubon Estates-Georgia Inc in Mcdonough. Free marketplace for park owners — $0 listing fee, $0 success fee. Brokers take ~6%. We've operated 4,000+ spaces. Can I text the link?",Bradley @ Tread Companies / Trailer Parks re Audubon Estates-Georgia Inc (Mcdonough). Free owner marketplace — $0 fees. List in 2 min: https://temporary-zippy-celesta-4cyc4ht.vercel.app/list-your-park?ref=bradley-outreach,https://temporary-zippy-celesta-4cyc4ht.vercel.app/list-your-park?ref=bradley-outreach
Pecan Hill Mhp,(912) 946-2512,Mcintyre,GA,Wriley Road,31054,Wilkinson,"Hi, Bradley with Tread Companies / Trailer Parks calling about Pecan Hill Mhp in Mcintyre. Free marketplace for park owners — $0 listing fee, $0 success fee. Brokers take ~6%. We've operated 4,000+ spaces. Can I text the link?",Bradley @ Tread Companies / Trailer Parks re Pecan Hill Mhp (Mcintyre). Free owner marketplace — $0 fees. List in 2 min: https://temporary-zippy-celesta-4cyc4ht.vercel.app/list-your-park?ref=bradley-outreach,https://temporary-zippy-celesta-4cyc4ht.vercel.app/list-your-park?ref=bradley-outreach
Capitol Mhp,(912) 452-6813,Milledgeville,GA,218 Highway 49 West,31061,Baldwin,"Hi, Bradley with Tread Companies / Trailer Parks calling about Capitol Mhp in Milledgeville. Free marketplace for park owners — $0 listing fee, $0 success fee. Brokers take ~6%. We've operated 4,000+ spaces. Can I text the link?",Bradley @ Tread Companies / Trailer Parks re Capitol Mhp (Milledgeville). Free owner marketplace — $0 fees. List in 2 min: https://temporary-zippy-celesta-4cyc4ht.vercel.app/list-your-park?ref=bradley-outreach,https://temporary-zippy-celesta-4cyc4ht.vercel.app/list-your-park?ref=bradley-outreach
Shalimar Cove Mhp,(912) 452-0805,Milledgeville,GA,130 Taylor Drive Northeast,31061,Baldwin,"Hi, Bradley with Tread Companies / Trailer Parks calling about Shalimar Cove Mhp in Milledgeville. Free marketplace for park owners — $0 listing fee, $0 success fee. Brokers take ~6%. We've operated 4,000+ spaces. Can I text the link?",Bradley @ Tread Companies / Trailer Parks re Shalimar Cove Mhp (Milledgeville). Free owner marketplace — $0 fees. List in 2 min: https://temporary-zippy-celesta-4cyc4ht.vercel.app/list-your-park?ref=bradley-outreach,https://temporary-zippy-celesta-4cyc4ht.vercel.app/list-your-park?ref=bradley-outreach
Southwood Mhp,(912) 452-6813,Milledgeville,GA,1863 Vinson Highway Southeast,31061,Baldwin,"Hi, Bradley with Tread Companies / Trailer Parks calling about Southwood Mhp in Milledgeville. Free marketplace for park owners — $0 listing fee, $0 success fee. Brokers take ~6%. We've operated 4,000+ spaces. Can I text the link?",Bradley @ Tread Companies / Trailer Parks re Southwood Mhp (Milledgeville). Free owner marketplace — $0 fees. List in 2 min: https://temporary-zippy-celesta-4cyc4ht.vercel.app/list-your-park?ref=bradley-outreach,https://temporary-zippy-celesta-4cyc4ht.vercel.app/list-your-park?ref=bradley-outreach
Whispering Pines Mobile Home,(912) 453-3281,Milledgeville,GA,2993 North Columbia Street,31061,Baldwin,"Hi, Bradley with Tread Companies / Trailer Parks calling about Whispering Pines Mobile Home in Milledgeville. Free marketplace for park owners — $0 listing fee, $0 success fee. Brokers take ~6%. We've operated 4,000+ spaces. Can I text the link?",Bradley @ Tread Companies / Trailer Parks re Whispering Pines Mobile Home (Milledgeville). Free owner marketplace — $0 fees. List in 2 min: https://temporary-zippy-celesta-4cyc4ht.vercel.app/list-your-park?ref=bradley-outreach,https://temporary-zippy-celesta-4cyc4ht.vercel.app/list-your-park?ref=bradley-outreach
Rolling Hills Mhp,(770) 267-7200,Monroe,GA,1296 Bell Trailer Park Road #20,30655,Walton,"Hi, Bradley with Tread Companies / Trailer Parks calling about Rolling Hills Mhp in Monroe. Free marketplace for park owners — $0 listing fee, $0 success fee. Brokers take ~6%. We've operated 4,000+ spaces. Can I text the link?",Bradley @ Tread Companies / Trailer Parks re Rolling Hills Mhp (Monroe). Free owner marketplace — $0 fees. List in 2 min: https://temporary-zippy-celesta-4cyc4ht.vercel.app/list-your-park?ref=bradley-outreach,https://temporary-zippy-celesta-4cyc4ht.vercel.app/list-your-park?ref=bradley-outreach
Southside Mhp,(770) 267-0417,Monroe,GA,1450 South Broad Street,30655,Walton,"Hi, Bradley with Tread Companies / Trailer Parks calling about Southside Mhp in Monroe. Free marketplace for park owners — $0 listing fee, $0 success fee. Brokers take ~6%. We've operated 4,000+ spaces. Can I text the link?",Bradley @ Tread Companies / Trailer Parks re Southside Mhp (Monroe). Free owner marketplace — $0 fees. List in 2 min: https://temporary-zippy-celesta-4cyc4ht.vercel.app/list-your-park?ref=bradley-outreach,https://temporary-zippy-celesta-4cyc4ht.vercel.app/list-your-park?ref=bradley-outreach
Royal Court Mhp,(404) 366-3839,Morrow,GA,5500 Jonesboro Road,30260,Clayton,"Hi, Bradley with Tread Companies / Trailer Parks calling about Royal Court Mhp in Morrow. Free marketplace for park owners — $0 listing fee, $0 success fee. Brokers take ~6%. We've operated 4,000+ spaces. Can I text the link?",Bradley @ Tread Companies / Trailer Parks re Royal Court Mhp (Morrow). Free owner marketplace — $0 fees. List in 2 min: https://temporary-zippy-celesta-4cyc4ht.vercel.app/list-your-park?ref=bradley-outreach,https://temporary-zippy-celesta-4cyc4ht.vercel.app/list-your-park?ref=bradley-outreach
Regency Village,(912) 985-2235,Moultrie,GA,516 Quitman Highway,31768,Colquitt,"Hi, Bradley with Tread Companies / Trailer Parks calling about Regency Village in Moultrie. Free marketplace for park owners — $0 listing fee, $0 success fee. Brokers take ~6%. We've operated 4,000+ spaces. Can I text the link?",Bradley @ Tread Companies / Trailer Parks re Regency Village (Moultrie). Free owner marketplace — $0 fees. List in 2 min: https://temporary-zippy-celesta-4cyc4ht.vercel.app/list-your-park?ref=bradley-outreach,https://temporary-zippy-celesta-4cyc4ht.vercel.app/list-your-park?ref=bradley-outreach
Sands Mobile Home Estates,(912) 985-8181,Moultrie,GA,1507 Sylvester Highway,31768,Colquitt,"Hi, Bradley with Tread Companies / Trailer Parks calling about Sands Mobile Home Estates in Moultrie. Free marketplace for park owners — $0 listing fee, $0 success fee. Brokers take ~6%. We've operated 4,000+ spaces. Can I text the link?",Bradley @ Tread Companies / Trailer Parks re Sands Mobile Home Estates (Moultrie). Free owner marketplace — $0 fees. List in 2 min: https://temporary-zippy-celesta-4cyc4ht.vercel.app/list-your-park?ref=bradley-outreach,https://temporary-zippy-celesta-4cyc4ht.vercel.app/list-your-park?ref=bradley-outreach
Autumn'S Gate Mhp,(770) 502-8011,Newnan,GA,17 Willow Drive East,30263,Coweta,"Hi, Bradley with Tread Companies / Trailer Parks calling about Autumn'S Gate Mhp in Newnan. Free marketplace for park owners — $0 listing fee, $0 success fee. Brokers take ~6%. We've operated 4,000+ spaces. Can I text the link?",Bradley @ Tread Companies / Trailer Parks re Autumn'S Gate Mhp (Newnan). Free owner marketplace — $0 fees. List in 2 min: https://temporary-zippy-celesta-4cyc4ht.vercel.app/list-your-park?ref=bradley-outreach,https://temporary-zippy-celesta-4cyc4ht.vercel.app/list-your-park?ref=bradley-outreach
Cureton Springs Mobile Home,(770) 254-1458,Newnan,GA,2277 Corinth Road,30263,Coweta,"Hi, Bradley with Tread Companies / Trailer Parks calling about Cureton Springs Mobile Home in Newnan. Free marketplace for park owners — $0 listing fee, $0 success fee. Brokers take ~6%. We've operated 4,000+ spaces. Can I text the link?",Bradley @ Tread Companies / Trailer Parks re Cureton Springs Mobile Home (Newnan). Free owner marketplace — $0 fees. List in 2 min: https://temporary-zippy-celesta-4cyc4ht.vercel.app/list-your-park?ref=bradley-outreach,https://temporary-zippy-celesta-4cyc4ht.vercel.app/list-your-park?ref=bradley-outreach
Jones Mobile Home Estates,(770) 923-0911,Norcross,GA,5200 Goshen Springs Road,30093,Gwinnett,"Hi, Bradley with Tread Companies / Trailer Parks calling about Jones Mobile Home Estates in Norcross. Free marketplace for park owners — $0 listing fee, $0 success fee. Brokers take ~6%. We've operated 4,000+ spaces. Can I text the link?",Bradley @ Tread Companies / Trailer Parks re Jones Mobile Home Estates (Norcross). Free owner marketplace — $0 fees. List in 2 min: https://temporary-zippy-celesta-4cyc4ht.vercel.app/list-your-park?ref=bradley-outreach,https://temporary-zippy-celesta-4cyc4ht.vercel.app/list-your-park?ref=bradley-outreach
Norcross Mobile Home Village,(770) 448-5999,Norcross,GA,4498 Buford Highway,30071,Gwinnett,"Hi, Bradley with Tread Companies / Trailer Parks calling about Norcross Mobile Home Village in Norcross. Free marketplace for park owners — $0 listing fee, $0 success fee. Brokers take ~6%. We've operated 4,000+ spaces. Can I text the link?",Bradley @ Tread Companies / Trailer Parks re Norcross Mobile Home Village (Norcross). Free owner marketplace — $0 fees. List in 2 min: https://temporary-zippy-celesta-4cyc4ht.vercel.app/list-your-park?ref=bradley-outreach,https://temporary-zippy-celesta-4cyc4ht.vercel.app/list-your-park?ref=bradley-outreach
Hunter Estates,(706) 783-3270,Not Available,GA,Not Available,NOT AVAILABLE,Madison,"Hi, Bradley with Tread Companies / Trailer Parks calling about Hunter Estates in Not Available. Free marketplace for park owners — $0 listing fee, $0 success fee. Brokers take ~6%. We've operated 4,000+ spaces. Can I text the link?",Bradley @ Tread Companies / Trailer Parks re Hunter Estates (Not Available). Free owner marketplace — $0 fees. List in 2 min: https://temporary-zippy-celesta-4cyc4ht.vercel.app/list-your-park?ref=bradley-outreach,https://temporary-zippy-celesta-4cyc4ht.vercel.app/list-your-park?ref=bradley-outreach
Lamplighter Village,(770) 427-1888,Not Available,GA,1661 Powder Springs Rd,NOT AVAILABLE,Cobb,"Hi, Bradley with Tread Companies / Trailer Parks calling about Lamplighter Village in Not Available. Free marketplace for park owners — $0 listing fee, $0 success fee. Brokers take ~6%. We've operated 4,000+ spaces. Can I text the link?",Bradley @ Tread Companies / Trailer Parks re Lamplighter Village (Not Available). Free owner marketplace — $0 fees. List in 2 min: https://temporary-zippy-celesta-4cyc4ht.vercel.app/list-your-park?ref=bradley-outreach,https://temporary-zippy-celesta-4cyc4ht.vercel.app/list-your-park?ref=bradley-outreach
Lanier,(678) 250-6165,Not Available,GA,Not Available,NOT AVAILABLE,Hall,"Hi, Bradley with Tread Companies / Trailer Parks calling about Lanier in Not Available. Free marketplace for park owners — $0 listing fee, $0 success fee. Brokers take ~6%. We've operated 4,000+ spaces. Can I text the link?",Bradley @ Tread Companies / Trailer Parks re Lanier (Not Available). Free owner marketplace — $0 fees. List in 2 min: https://temporary-zippy-celesta-4cyc4ht.vercel.app/list-your-park?ref=bradley-outreach,https://temporary-zippy-celesta-4cyc4ht.vercel.app/list-your-park?ref=bradley-outreach
South Central Ave Mobile Home Park,(229) 848-2627,Not Available,GA,Not Available,NOT AVAILABLE,Tift,"Hi, Bradley with Tread Companies / Trailer Parks calling about South Central Ave Mobile Home Park in Not Available. Free marketplace for park owners — $0 listing fee, $0 success fee. Brokers take ~6%. We've operated 4,000+ spaces. Can I text the link?",Bradley @ Tread Companies / Trailer Parks re South Central Ave Mobile Home Park (Not Available). Free owner marketplace — $0 fees. List in 2 min: https://temporary-zippy-celesta-4cyc4ht.vercel.app/list-your-park?ref=bradley-outreach,https://temporary-zippy-celesta-4cyc4ht.vercel.app/list-your-park?ref=bradley-outreach
A-1 Movers,(229) 528-4222,Omega,GA,163 Grass Farm Rd,31775,Colquitt,"Hi, Bradley with Tread Companies / Trailer Parks calling about A-1 Movers in Omega. Free marketplace for park owners — $0 listing fee, $0 success fee. Brokers take ~6%. We've operated 4,000+ spaces. Can I text the link?",Bradley @ Tread Companies / Trailer Parks re A-1 Movers (Omega). Free owner marketplace — $0 fees. List in 2 min: https://temporary-zippy-celesta-4cyc4ht.vercel.app/list-your-park?ref=bradley-outreach,https://temporary-zippy-celesta-4cyc4ht.vercel.app/list-your-park?ref=bradley-outreach
Jones Mobile Home Court,(770) 227-6449,Orchard Hill,GA,3660 Macon Road #D,30266,Spalding,"Hi, Bradley with Tread Companies / Trailer Parks calling about Jones Mobile Home Court in Orchard Hill. Free marketplace for park owners — $0 listing fee, $0 success fee. Brokers take ~6%. We've operated 4,000+ spaces. Can I text the link?",Bradley @ Tread Companies / Trailer Parks re Jones Mobile Home Court (Orchard Hill). Free owner marketplace — $0 fees. List in 2 min: https://temporary-zippy-celesta-4cyc4ht.vercel.app/list-your-park?ref=bradley-outreach,https://temporary-zippy-celesta-4cyc4ht.vercel.app/list-your-park?ref=bradley-outreach
Apple Blossom Mhp,(770) 786-2142,Oxford,GA,3401 Highway 81,30054,Newton,"Hi, Bradley with Tread Companies / Trailer Parks calling about Apple Blossom Mhp in Oxford. Free marketplace for park owners — $0 listing fee, $0 success fee. Brokers take ~6%. We've operated 4,000+ spaces. Can I text the link?",Bradley @ Tread Companies / Trailer Parks re Apple Blossom Mhp (Oxford). Free owner marketplace — $0 fees. List in 2 min: https://temporary-zippy-celesta-4cyc4ht.vercel.app/list-your-park?ref=bradley-outreach,https://temporary-zippy-celesta-4cyc4ht.vercel.app/list-your-park?ref=bradley-outreach
Peach Blossom Mhp,(770) 786-2142,Oxford,GA,12552 Highway 142,30054,Newton,"Hi, Bradley with Tread Companies / Trailer Parks calling about Peach Blossom Mhp in Oxford. Free marketplace for park owners — $0 listing fee, $0 success fee. Brokers take ~6%. We've operated 4,000+ spaces. Can I text the link?",Bradley @ Tread Companies / Trailer Parks re Peach Blossom Mhp (Oxford). Free owner marketplace — $0 fees. List in 2 min: https://temporary-zippy-celesta-4cyc4ht.vercel.app/list-your-park?ref=bradley-outreach,https://temporary-zippy-celesta-4cyc4ht.vercel.app/list-your-park?ref=bradley-outreach
South Oaks Mfd. Home,(770) 463-3070,Palmetto,GA,2 Tingle Lane,30268,Coweta,"Hi, Bradley with Tread Companies / Trailer Parks calling about South Oaks Mfd. Home in Palmetto. Free marketplace for park owners — $0 listing fee, $0 success fee. Brokers take ~6%. We've operated 4,000+ spaces. Can I text the link?",Bradley @ Tread Companies / Trailer Parks re South Oaks Mfd. Home (Palmetto). Free owner marketplace — $0 fees. List in 2 min: https://temporary-zippy-celesta-4cyc4ht.vercel.app/list-your-park?ref=bradley-outreach,https://temporary-zippy-celesta-4cyc4ht.vercel.app/list-your-park?ref=bradley-outreach
Shiloh Mobile Home Ranch,(770) 487-9494,Peachtree City,GA,100 Shiloh Drive,30269,Fayette,"Hi, Bradley with Tread Companies / Trailer Parks calling about Shiloh Mobile Home Ranch in Peachtree City. Free marketplace for park owners — $0 listing fee, $0 success fee. Brokers take ~6%. We've operated 4,000+ spaces. Can I text the link?",Bradley @ Tread Companies / Trailer Parks re Shiloh Mobile Home Ranch (Peachtree City). Free owner marketplace — $0 fees. List in 2 min: https://temporary-zippy-celesta-4cyc4ht.vercel.app/list-your-park?ref=bradley-outreach,https://temporary-zippy-celesta-4cyc4ht.vercel.app/list-your-park?ref=bradley-outreach
Singleton Mhp,(912) 294-8227,Pelham,GA,586 Palmer Street Southwest,31779,Mitchell,"Hi, Bradley with Tread Companies / Trailer Parks calling about Singleton Mhp in Pelham. Free marketplace for park owners — $0 listing fee, $0 success fee. Brokers take ~6%. We've operated 4,000+ spaces. Can I text the link?",Bradley @ Tread Companies / Trailer Parks re Singleton Mhp (Pelham). Free owner marketplace — $0 fees. List in 2 min: https://temporary-zippy-celesta-4cyc4ht.vercel.app/list-your-park?ref=bradley-outreach,https://temporary-zippy-celesta-4cyc4ht.vercel.app/list-your-park?ref=bradley-outreach
Pecan Grove Mobile Manor,(912) 987-3309,Perry,GA,1998 Us Highway 341 North,31069,Houston,"Hi, Bradley with Tread Companies / Trailer Parks calling about Pecan Grove Mobile Manor in Perry. Free marketplace for park owners — $0 listing fee, $0 success fee. Brokers take ~6%. We've operated 4,000+ spaces. Can I text the link?",Bradley @ Tread Companies / Trailer Parks re Pecan Grove Mobile Manor (Perry). Free owner marketplace — $0 fees. List in 2 min: https://temporary-zippy-celesta-4cyc4ht.vercel.app/list-your-park?ref=bradley-outreach,https://temporary-zippy-celesta-4cyc4ht.vercel.app/list-your-park?ref=bradley-outreach
Happy Valley Mhp,(770) 943-6828,Powder Springs,GA,4509 Kathy Circle,30127,Cobb,"Hi, Bradley with Tread Companies / Trailer Parks calling about Happy Valley Mhp in Powder Springs. Free marketplace for park owners — $0 listing fee, $0 success fee. Brokers take ~6%. We've operated 4,000+ spaces. Can I text the link?",Bradley @ Tread Companies / Trailer Parks re Happy Valley Mhp (Powder Springs). Free owner marketplace — $0 fees. List in 2 min: https://temporary-zippy-celesta-4cyc4ht.vercel.app/list-your-park?ref=bradley-outreach,https://temporary-zippy-celesta-4cyc4ht.vercel.app/list-your-park?ref=bradley-outreach
Country Estates,(770) 474-6311,Rex,GA,6569 Homestead Road,30273,Clayton,"Hi, Bradley with Tread Companies / Trailer Parks calling about Country Estates in Rex. Free marketplace for park owners — $0 listing fee, $0 success fee. Brokers take ~6%. We've operated 4,000+ spaces. Can I text the link?",Bradley @ Tread Companies / Trailer Parks re Country Estates (Rex). Free owner marketplace — $0 fees. List in 2 min: https://temporary-zippy-celesta-4cyc4ht.vercel.app/list-your-park?ref=bradley-outreach,https://temporary-zippy-celesta-4cyc4ht.vercel.app/list-your-park?ref=bradley-outreach
Mill Mfd. Housing Community,(770) 389-8587,Rex,GA,6545 Highway 42 #13,30273,Clayton,"Hi, Bradley with Tread Companies / Trailer Parks calling about Mill Mfd. Housing Community in Rex. Free marketplace for park owners — $0 listing fee, $0 success fee. Brokers take ~6%. We've operated 4,000+ spaces. Can I text the link?",Bradley @ Tread Companies / Trailer Parks re Mill Mfd. Housing Community (Rex). Free owner marketplace — $0 fees. List in 2 min: https://temporary-zippy-celesta-4cyc4ht.vercel.app/list-your-park?ref=bradley-outreach,https://temporary-zippy-celesta-4cyc4ht.vercel.app/list-your-park?ref=bradley-outreach
Ridgeview Mhp,(706) 965-5565,Ringgold,GA,103 Jones Road,30736,Catoosa,"Hi, Bradley with Tread Companies / Trailer Parks calling about Ridgeview Mhp in Ringgold. Free marketplace for park owners — $0 listing fee, $0 success fee. Brokers take ~6%. We've operated 4,000+ spaces. Can I text the link?",Bradley @ Tread Companies / Trailer Parks re Ridgeview Mhp (Ringgold). Free owner marketplace — $0 fees. List in 2 min: https://temporary-zippy-celesta-4cyc4ht.vercel.app/list-your-park?ref=bradley-outreach,https://temporary-zippy-celesta-4cyc4ht.vercel.app/list-your-park?ref=bradley-outreach
Double E Mobile Home Ranch Inc,(770) 478-7747,Riverdale,GA,7975 Highway 85,30296,Clayton,"Hi, Bradley with Tread Companies / Trailer Parks calling about Double E Mobile Home Ranch Inc in Riverdale. Free marketplace for park owners — $0 listing fee, $0 success fee. Brokers take ~6%. We've operated 4,000+ spaces. Can I text the link?",Bradley @ Tread Companies / Trailer Parks re Double E Mobile Home Ranch Inc (Riverdale). Free owner marketplace — $0 fees. List in 2 min: https://temporary-zippy-celesta-4cyc4ht.vercel.app/list-your-park?ref=bradley-outreach,https://temporary-zippy-celesta-4cyc4ht.vercel.app/list-your-park?ref=bradley-outreach
Burnett Ferry Mhp,(706) 235-6463,Rome,GA,122 Presley Street,30165,Floyd,"Hi, Bradley with Tread Companies / Trailer Parks calling about Burnett Ferry Mhp in Rome. Free marketplace for park owners — $0 listing fee, $0 success fee. Brokers take ~6%. We've operated 4,000+ spaces. Can I text the link?",Bradley @ Tread Companies / Trailer Parks re Burnett Ferry Mhp (Rome). Free owner marketplace — $0 fees. List in 2 min: https://temporary-zippy-celesta-4cyc4ht.vercel.app/list-your-park?ref=bradley-outreach,https://temporary-zippy-celesta-4cyc4ht.vercel.app/list-your-park?ref=bradley-outreach
Dutch Gardens Mobile Home,(706) 235-0898,Rome,GA,62 Bollen Drive Southwest,30165,Floyd,"Hi, Bradley with Tread Companies / Trailer Parks calling about Dutch Gardens Mobile Home in Rome. Free marketplace for park owners — $0 listing fee, $0 success fee. Brokers take ~6%. We've operated 4,000+ spaces. Can I text the link?",Bradley @ Tread Companies / Trailer Parks re Dutch Gardens Mobile Home (Rome). Free owner marketplace — $0 fees. List in 2 min: https://temporary-zippy-celesta-4cyc4ht.vercel.app/list-your-park?ref=bradley-outreach,https://temporary-zippy-celesta-4cyc4ht.vercel.app/list-your-park?ref=bradley-outreach
Pine Village Park,(706) 234-5512,Rome,GA,2531 Shorter Avenue,30165,Floyd,"Hi, Bradley with Tread Companies / Trailer Parks calling about Pine Village Park in Rome. Free marketplace for park owners — $0 listing fee, $0 success fee. Brokers take ~6%. We've operated 4,000+ spaces. Can I text the link?",Bradley @ Tread Companies / Trailer Parks re Pine Village Park (Rome). Free owner marketplace — $0 fees. List in 2 min: https://temporary-zippy-celesta-4cyc4ht.vercel.app/list-your-park?ref=bradley-outreach,https://temporary-zippy-celesta-4cyc4ht.vercel.app/list-your-park?ref=bradley-outreach
Swan Lake Mobile Home Community,(706) 234-5000,Rome,GA,20 Harbour Road Northeast,30165,Floyd,"Hi, Bradley with Tread Companies / Trailer Parks calling about Swan Lake Mobile Home Community in Rome. Free marketplace for park owners — $0 listing fee, $0 success fee. Brokers take ~6%. We've operated 4,000+ spaces. Can I text the link?",Bradley @ Tread Companies / Trailer Parks re Swan Lake Mobile Home Community (Rome). Free owner marketplace — $0 fees. List in 2 min: https://temporary-zippy-celesta-4cyc4ht.vercel.app/list-your-park?ref=bradley-outreach,https://temporary-zippy-celesta-4cyc4ht.vercel.app/list-your-park?ref=bradley-outreach
Fair Oaks Mhp,(706) 861-3770,Rossville,GA,601 James Street,30741,Walker,"Hi, Bradley with Tread Companies / Trailer Parks calling about Fair Oaks Mhp in Rossville. Free marketplace for park owners — $0 listing fee, $0 success fee. Brokers take ~6%. We've operated 4,000+ spaces. Can I text the link?",Bradley @ Tread Companies / Trailer Parks re Fair Oaks Mhp (Rossville). Free owner marketplace — $0 fees. List in 2 min: https://temporary-zippy-celesta-4cyc4ht.vercel.app/list-your-park?ref=bradley-outreach,https://temporary-zippy-celesta-4cyc4ht.vercel.app/list-your-park?ref=bradley-outreach
Green Acres Mhp,(706) 891-9013,Rossville,GA,42 National Boulevard,30741,Walker,"Hi, Bradley with Tread Companies / Trailer Parks calling about Green Acres Mhp in Rossville. Free marketplace for park owners — $0 listing fee, $0 success fee. Brokers take ~6%. We've operated 4,000+ spaces. Can I text the link?",Bradley @ Tread Companies / Trailer Parks re Green Acres Mhp (Rossville). Free owner marketplace — $0 fees. List in 2 min: https://temporary-zippy-celesta-4cyc4ht.vercel.app/list-your-park?ref=bradley-outreach,https://temporary-zippy-celesta-4cyc4ht.vercel.app/list-your-park?ref=bradley-outreach
Mountain View Estates,(706) 866-7710,Rossville,GA,1325 Wilson Road,30741,Walker,"Hi, Bradley with Tread Companies / Trailer Parks calling about Mountain View Estates in Rossville. Free marketplace for park owners — $0 listing fee, $0 success fee. Brokers take ~6%. We've operated 4,000+ spaces. Can I text the link?",Bradley @ Tread Companies / Trailer Parks re Mountain View Estates (Rossville). Free owner marketplace — $0 fees. List in 2 min: https://temporary-zippy-celesta-4cyc4ht.vercel.app/list-your-park?ref=bradley-outreach,https://temporary-zippy-celesta-4cyc4ht.vercel.app/list-your-park?ref=bradley-outreach
Ray'S Trailer Park,(706) 866-1140,Rossville,GA,2324 Mack Smith Road,30741,Catoosa,"Hi, Bradley with Tread Companies / Trailer Parks calling about Ray'S Trailer Park in Rossville. Free marketplace for park owners — $0 listing fee, $0 success fee. Brokers take ~6%. We've operated 4,000+ spaces. Can I text the link?",Bradley @ Tread Companies / Trailer Parks re Ray'S Trailer Park (Rossville). Free owner marketplace — $0 fees. List in 2 min: https://temporary-zippy-celesta-4cyc4ht.vercel.app/list-your-park?ref=bradley-outreach,https://temporary-zippy-celesta-4cyc4ht.vercel.app/list-your-park?ref=bradley-outreach
Tree & Sky Park-Mobile Homes,(706) 861-0645,Rossville,GA,143 Lytle Road,30741,Walker,"Hi, Bradley with Tread Companies / Trailer Parks calling about Tree & Sky Park-Mobile Homes in Rossville. Free marketplace for park owners — $0 listing fee, $0 success fee. Brokers take ~6%. We've operated 4,000+ spaces. Can I text the link?",Bradley @ Tread Companies / Trailer Parks re Tree & Sky Park-Mobile Homes (Rossville). Free owner marketplace — $0 fees. List in 2 min: https://temporary-zippy-celesta-4cyc4ht.vercel.app/list-your-park?ref=bradley-outreach,https://temporary-zippy-celesta-4cyc4ht.vercel.app/list-your-park?ref=bradley-outreach
Village Green Mhp,(706) 891-4014,Rossville,GA,27 Trace Lane,30741,Catoosa,"Hi, Bradley with Tread Companies / Trailer Parks calling about Village Green Mhp in Rossville. Free marketplace for park owners — $0 listing fee, $0 success fee. Brokers take ~6%. We've operated 4,000+ spaces. Can I text the link?",Bradley @ Tread Companies / Trailer Parks re Village Green Mhp (Rossville). Free owner marketplace — $0 fees. List in 2 min: https://temporary-zippy-celesta-4cyc4ht.vercel.app/list-your-park?ref=bradley-outreach,https://temporary-zippy-celesta-4cyc4ht.vercel.app/list-your-park?ref=bradley-outreach
Azalea Mobile Home Plaza,(912) 234-2811,Savannah,GA,4711 Ogeechee Road,31405,Chatham,"Hi, Bradley with Tread Companies / Trailer Parks calling about Azalea Mobile Home Plaza in Savannah. Free marketplace for park owners — $0 listing fee, $0 success fee. Brokers take ~6%. We've operated 4,000+ spaces. Can I text the link?",Bradley @ Tread Companies / Trailer Parks re Azalea Mobile Home Plaza (Savannah). Free owner marketplace — $0 fees. List in 2 min: https://temporary-zippy-celesta-4cyc4ht.vercel.app/list-your-park?ref=bradley-outreach,https://temporary-zippy-celesta-4cyc4ht.vercel.app/list-your-park?ref=bradley-outreach
Colony Oaks Mhp,(912) 352-0983,Savannah,GA,3301 Ogeechee Road,31405,Chatham,"Hi, Bradley with Tread Companies / Trailer Parks calling about Colony Oaks Mhp in Savannah. Free marketplace for park owners — $0 listing fee, $0 success fee. Brokers take ~6%. We've operated 4,000+ spaces. Can I text the link?",Bradley @ Tread Companies / Trailer Parks re Colony Oaks Mhp (Savannah). Free owner marketplace — $0 fees. List in 2 min: https://temporary-zippy-celesta-4cyc4ht.vercel.app/list-your-park?ref=bradley-outreach,https://temporary-zippy-celesta-4cyc4ht.vercel.app/list-your-park?ref=bradley-outreach
Grove Point Mobile Estates,(912) 352-0983,Savannah,GA,1717 Grove Point Road,31419,Chatham,"Hi, Bradley with Tread Companies / Trailer Parks calling about Grove Point Mobile Estates in Savannah. Free marketplace for park owners — $0 listing fee, $0 success fee. Brokers take ~6%. We've operated 4,000+ spaces. Can I text the link?",Bradley @ Tread Companies / Trailer Parks re Grove Point Mobile Estates (Savannah). Free owner marketplace — $0 fees. List in 2 min: https://temporary-zippy-celesta-4cyc4ht.vercel.app/list-your-park?ref=bradley-outreach,https://temporary-zippy-celesta-4cyc4ht.vercel.app/list-your-park?ref=bradley-outreach
Highland Woods,(912) 925-9673,Savannah,GA,800 Quacco Road,31419,Chatham,"Hi, Bradley with Tread Companies / Trailer Parks calling about Highland Woods in Savannah. Free marketplace for park owners — $0 listing fee, $0 success fee. Brokers take ~6%. We've operated 4,000+ spaces. Can I text the link?",Bradley @ Tread Companies / Trailer Parks re Highland Woods (Savannah). Free owner marketplace — $0 fees. List in 2 min: https://temporary-zippy-celesta-4cyc4ht.vercel.app/list-your-park?ref=bradley-outreach,https://temporary-zippy-celesta-4cyc4ht.vercel.app/list-your-park?ref=bradley-outreach
Nassau Woods Mobile Home Community,(912) 964-7762,Savannah,GA,1602 Dean Forest Road,31408,Chatham,"Hi, Bradley with Tread Companies / Trailer Parks calling about Nassau Woods Mobile Home Community in Savannah. Free marketplace for park owners — $0 listing fee, $0 success fee. Brokers take ~6%. We've operated 4,000+ spaces. Can I text the link?",Bradley @ Tread Companies / Trailer Parks re Nassau Woods Mobile Home Community (Savannah). Free owner marketplace — $0 fees. List in 2 min: https://temporary-zippy-celesta-4cyc4ht.vercel.app/list-your-park?ref=bradley-outreach,https://temporary-zippy-celesta-4cyc4ht.vercel.app/list-your-park?ref=bradley-outreach
Plantation Mobile Home Estates,(912) 236-0060,Savannah,GA,5008 Ogeechee Road,31405,Chatham,"Hi, Bradley with Tread Companies / Trailer Parks calling about Plantation Mobile Home Estates in Savannah. Free marketplace for park owners — $0 listing fee, $0 success fee. Brokers take ~6%. We've operated 4,000+ spaces. Can I text the link?",Bradley @ Tread Companies / Trailer Parks re Plantation Mobile Home Estates (Savannah). Free owner marketplace — $0 fees. List in 2 min: https://temporary-zippy-celesta-4cyc4ht.vercel.app/list-your-park?ref=bradley-outreach,https://temporary-zippy-celesta-4cyc4ht.vercel.app/list-your-park?ref=bradley-outreach
Regency Mhp,(912) 925-3605,Savannah,GA,801 Quacco Road,31419,Chatham,"Hi, Bradley with Tread Companies / Trailer Parks calling about Regency Mhp in Savannah. Free marketplace for park owners — $0 listing fee, $0 success fee. Brokers take ~6%. We've operated 4,000+ spaces. Can I text the link?",Bradley @ Tread Companies / Trailer Parks re Regency Mhp (Savannah). Free owner marketplace — $0 fees. List in 2 min: https://temporary-zippy-celesta-4cyc4ht.vercel.app/list-your-park?ref=bradley-outreach,https://temporary-zippy-celesta-4cyc4ht.vercel.app/list-your-park?ref=bradley-outreach
Riverview Mobile Estates,(912) 355-3097,Savannah,GA,Whitfield Avenue,31406,Chatham,"Hi, Bradley with Tread Companies / Trailer Parks calling about Riverview Mobile Estates in Savannah. Free marketplace for park owners — $0 listing fee, $0 success fee. Brokers take ~6%. We've operated 4,000+ spaces. Can I text the link?",Bradley @ Tread Companies / Trailer Parks re Riverview Mobile Estates (Savannah). Free owner marketplace — $0 fees. List in 2 min: https://temporary-zippy-celesta-4cyc4ht.vercel.app/list-your-park?ref=bradley-outreach,https://temporary-zippy-celesta-4cyc4ht.vercel.app/list-your-park?ref=bradley-outreach
Savannah Pines,(912) 964-7675,Savannah,GA,1518 Dean Forest Road,31408,Chatham,"Hi, Bradley with Tread Companies / Trailer Parks calling about Savannah Pines in Savannah. Free marketplace for park owners — $0 listing fee, $0 success fee. Brokers take ~6%. We've operated 4,000+ spaces. Can I text the link?",Bradley @ Tread Companies / Trailer Parks re Savannah Pines (Savannah). Free owner marketplace — $0 fees. List in 2 min: https://temporary-zippy-celesta-4cyc4ht.vercel.app/list-your-park?ref=bradley-outreach,https://temporary-zippy-celesta-4cyc4ht.vercel.app/list-your-park?ref=bradley-outreach
Shady Acres Mobile Home Court,(912) 925-3735,Savannah,GA,115 Quacco Road,31419,Chatham,"Hi, Bradley with Tread Companies / Trailer Parks calling about Shady Acres Mobile Home Court in Savannah. Free marketplace for park owners — $0 listing fee, $0 success fee. Brokers take ~6%. We've operated 4,000+ spaces. Can I text the link?",Bradley @ Tread Companies / Trailer Parks re Shady Acres Mobile Home Court (Savannah). Free owner marketplace — $0 fees. List in 2 min: https://temporary-zippy-celesta-4cyc4ht.vercel.app/list-your-park?ref=bradley-outreach,https://temporary-zippy-celesta-4cyc4ht.vercel.app/list-your-park?ref=bradley-outreach
Lakemont Mhp,(770) 434-4740,Smyrna,GA,2775 Gray Road Southeast,30082,Cobb,"Hi, Bradley with Tread Companies / Trailer Parks calling about Lakemont Mhp in Smyrna. Free marketplace for park owners — $0 listing fee, $0 success fee. Brokers take ~6%. We've operated 4,000+ spaces. Can I text the link?",Bradley @ Tread Companies / Trailer Parks re Lakemont Mhp (Smyrna). Free owner marketplace — $0 fees. List in 2 min: https://temporary-zippy-celesta-4cyc4ht.vercel.app/list-your-park?ref=bradley-outreach,https://temporary-zippy-celesta-4cyc4ht.vercel.app/list-your-park?ref=bradley-outreach
Smyrna Home Park,(770) 433-0023,Smyrna,GA,3525 South Sherwood Road Southeast,30082,Cobb,"Hi, Bradley with Tread Companies / Trailer Parks calling about Smyrna Home Park in Smyrna. Free marketplace for park owners — $0 listing fee, $0 success fee. Brokers take ~6%. We've operated 4,000+ spaces. Can I text the link?",Bradley @ Tread Companies / Trailer Parks re Smyrna Home Park (Smyrna). Free owner marketplace — $0 fees. List in 2 min: https://temporary-zippy-celesta-4cyc4ht.vercel.app/list-your-park?ref=bradley-outreach,https://temporary-zippy-celesta-4cyc4ht.vercel.app/list-your-park?ref=bradley-outreach
Cedar Grove Mobile Home,(770) 784-1493,Social Circle,GA,961 Highway 11 South,30025,Newton,"Hi, Bradley with Tread Companies / Trailer Parks calling about Cedar Grove Mobile Home in Social Circle. Free marketplace for park owners — $0 listing fee, $0 success fee. Brokers take ~6%. We've operated 4,000+ spaces. Can I text the link?",Bradley @ Tread Companies / Trailer Parks re Cedar Grove Mobile Home (Social Circle). Free owner marketplace — $0 fees. List in 2 min: https://temporary-zippy-celesta-4cyc4ht.vercel.app/list-your-park?ref=bradley-outreach,https://temporary-zippy-celesta-4cyc4ht.vercel.app/list-your-park?ref=bradley-outreach
Quail Run Mhp,(912) 754-3500,Springfield,GA,344 Standard Lane,31329,Effingham,"Hi, Bradley with Tread Companies / Trailer Parks calling about Quail Run Mhp in Springfield. Free marketplace for park owners — $0 listing fee, $0 success fee. Brokers take ~6%. We've operated 4,000+ spaces. Can I text the link?",Bradley @ Tread Companies / Trailer Parks re Quail Run Mhp (Springfield). Free owner marketplace — $0 fees. List in 2 min: https://temporary-zippy-celesta-4cyc4ht.vercel.app/list-your-park?ref=bradley-outreach,https://temporary-zippy-celesta-4cyc4ht.vercel.app/list-your-park?ref=bradley-outreach
Colerain Oaks,(912) 882-2464,St Marys,GA,306 Ryan Drive,31558,Camden,"Hi, Bradley with Tread Companies / Trailer Parks calling about Colerain Oaks in St Marys. Free marketplace for park owners — $0 listing fee, $0 success fee. Brokers take ~6%. We've operated 4,000+ spaces. Can I text the link?",Bradley @ Tread Companies / Trailer Parks re Colerain Oaks (St Marys). Free owner marketplace — $0 fees. List in 2 min: https://temporary-zippy-celesta-4cyc4ht.vercel.app/list-your-park?ref=bradley-outreach,https://temporary-zippy-celesta-4cyc4ht.vercel.app/list-your-park?ref=bradley-outreach
Eagle Village,(912) 587-9850,Statesboro,GA,511 Eagle Blvd,30461,Bulloch,"Hi, Bradley with Tread Companies / Trailer Parks calling about Eagle Village in Statesboro. Free marketplace for park owners — $0 listing fee, $0 success fee. Brokers take ~6%. We've operated 4,000+ spaces. Can I text the link?",Bradley @ Tread Companies / Trailer Parks re Eagle Village (Statesboro). Free owner marketplace — $0 fees. List in 2 min: https://temporary-zippy-celesta-4cyc4ht.vercel.app/list-your-park?ref=bradley-outreach,https://temporary-zippy-celesta-4cyc4ht.vercel.app/list-your-park?ref=bradley-outreach
Heritage Mhp,(912) 871-6573,Statesboro,GA,Old Register & Langston Chapel,30458,Bulloch,"Hi, Bradley with Tread Companies / Trailer Parks calling about Heritage Mhp in Statesboro. Free marketplace for park owners — $0 listing fee, $0 success fee. Brokers take ~6%. We've operated 4,000+ spaces. Can I text the link?",Bradley @ Tread Companies / Trailer Parks re Heritage Mhp (Statesboro). Free owner marketplace — $0 fees. List in 2 min: https://temporary-zippy-celesta-4cyc4ht.vercel.app/list-your-park?ref=bradley-outreach,https://temporary-zippy-celesta-4cyc4ht.vercel.app/list-your-park?ref=bradley-outreach
Johnson'S Mobile Court,(912) 681-2280,Statesboro,GA,13 Grady Johnson Road,30458,Bulloch,"Hi, Bradley with Tread Companies / Trailer Parks calling about Johnson'S Mobile Court in Statesboro. Free marketplace for park owners — $0 listing fee, $0 success fee. Brokers take ~6%. We've operated 4,000+ spaces. Can I text the link?",Bradley @ Tread Companies / Trailer Parks re Johnson'S Mobile Court (Statesboro). Free owner marketplace — $0 fees. List in 2 min: https://temporary-zippy-celesta-4cyc4ht.vercel.app/list-your-park?ref=bradley-outreach,https://temporary-zippy-celesta-4cyc4ht.vercel.app/list-your-park?ref=bradley-outreach
Lanier Mhp,(912) 681-3045,Statesboro,GA,131 Lanier Drive,30458,Bulloch,"Hi, Bradley with Tread Companies / Trailer Parks calling about Lanier Mhp in Statesboro. Free marketplace for park owners — $0 listing fee, $0 success fee. Brokers take ~6%. We've operated 4,000+ spaces. Can I text the link?",Bradley @ Tread Companies / Trailer Parks re Lanier Mhp (Statesboro). Free owner marketplace — $0 fees. List in 2 min: https://temporary-zippy-celesta-4cyc4ht.vercel.app/list-your-park?ref=bradley-outreach,https://temporary-zippy-celesta-4cyc4ht.vercel.app/list-your-park?ref=bradley-outreach
Ansley Park Of Stockbridge,(770) 389-4002,Stockbridge,GA,555 Davis Road,30281,Henry,"Hi, Bradley with Tread Companies / Trailer Parks calling about Ansley Park Of Stockbridge in Stockbridge. Free marketplace for park owners — $0 listing fee, $0 success fee. Brokers take ~6%. We've operated 4,000+ spaces. Can I text the link?",Bradley @ Tread Companies / Trailer Parks re Ansley Park Of Stockbridge (Stockbridge). Free owner marketplace — $0 fees. List in 2 min: https://temporary-zippy-celesta-4cyc4ht.vercel.app/list-your-park?ref=bradley-outreach,https://temporary-zippy-celesta-4cyc4ht.vercel.app/list-your-park?ref=bradley-outreach
Deer Creek Mfd. Home,(770) 474-5274,Stockbridge,GA,7051 Daniel Drive,30281,Clayton,"Hi, Bradley with Tread Companies / Trailer Parks calling about Deer Creek Mfd. Home in Stockbridge. Free marketplace for park owners — $0 listing fee, $0 success fee. Brokers take ~6%. We've operated 4,000+ spaces. Can I text the link?",Bradley @ Tread Companies / Trailer Parks re Deer Creek Mfd. Home (Stockbridge). Free owner marketplace — $0 fees. List in 2 min: https://temporary-zippy-celesta-4cyc4ht.vercel.app/list-your-park?ref=bradley-outreach,https://temporary-zippy-celesta-4cyc4ht.vercel.app/list-your-park?ref=bradley-outreach
Phillips Mhp,(770) 506-0835,Stockbridge,GA,325 Brown Road,30281,Henry,"Hi, Bradley with Tread Companies / Trailer Parks calling about Phillips Mhp in Stockbridge. Free marketplace for park owners — $0 listing fee, $0 success fee. Brokers take ~6%. We've operated 4,000+ spaces. Can I text the link?",Bradley @ Tread Companies / Trailer Parks re Phillips Mhp (Stockbridge). Free owner marketplace — $0 fees. List in 2 min: https://temporary-zippy-celesta-4cyc4ht.vercel.app/list-your-park?ref=bradley-outreach,https://temporary-zippy-celesta-4cyc4ht.vercel.app/list-your-park?ref=bradley-outreach
Pine Hills Mhp,(770) 474-1870,Stockbridge,GA,35 Sunrise Avenue,30281,Henry,"Hi, Bradley with Tread Companies / Trailer Parks calling about Pine Hills Mhp in Stockbridge. Free marketplace for park owners — $0 listing fee, $0 success fee. Brokers take ~6%. We've operated 4,000+ spaces. Can I text the link?",Bradley @ Tread Companies / Trailer Parks re Pine Hills Mhp (Stockbridge). Free owner marketplace — $0 fees. List in 2 min: https://temporary-zippy-celesta-4cyc4ht.vercel.app/list-your-park?ref=bradley-outreach,https://temporary-zippy-celesta-4cyc4ht.vercel.app/list-your-park?ref=bradley-outreach
Stone Mountain Heights Home,(770) 979-1000,Stone Mountain,GA,5141 Highway 78,30087,Gwinnett,"Hi, Bradley with Tread Companies / Trailer Parks calling about Stone Mountain Heights Home in Stone Mountain. Free marketplace for park owners — $0 listing fee, $0 success fee. Brokers take ~6%. We've operated 4,000+ spaces. Can I text the link?",Bradley @ Tread Companies / Trailer Parks re Stone Mountain Heights Home (Stone Mountain). Free owner marketplace — $0 fees. List in 2 min: https://temporary-zippy-celesta-4cyc4ht.vercel.app/list-your-park?ref=bradley-outreach,https://temporary-zippy-celesta-4cyc4ht.vercel.app/list-your-park?ref=bradley-outreach
Stone Mountain Mobile Home,(770) 469-5841,Stone Mountain,GA,100 Castle Club Drive,30087,Gwinnett,"Hi, Bradley with Tread Companies / Trailer Parks calling about Stone Mountain Mobile Home in Stone Mountain. Free marketplace for park owners — $0 listing fee, $0 success fee. Brokers take ~6%. We've operated 4,000+ spaces. Can I text the link?",Bradley @ Tread Companies / Trailer Parks re Stone Mountain Mobile Home (Stone Mountain). Free owner marketplace — $0 fees. List in 2 min: https://temporary-zippy-celesta-4cyc4ht.vercel.app/list-your-park?ref=bradley-outreach,https://temporary-zippy-celesta-4cyc4ht.vercel.app/list-your-park?ref=bradley-outreach
Hadden'S Trailer Park,(912) 289-6864,Swainsboro,GA,1759 Highway 80 East,30401,Emanuel,"Hi, Bradley with Tread Companies / Trailer Parks calling about Hadden'S Trailer Park in Swainsboro. Free marketplace for park owners — $0 listing fee, $0 success fee. Brokers take ~6%. We've operated 4,000+ spaces. Can I text the link?",Bradley @ Tread Companies / Trailer Parks re Hadden'S Trailer Park (Swainsboro). Free owner marketplace — $0 fees. List in 2 min: https://temporary-zippy-celesta-4cyc4ht.vercel.app/list-your-park?ref=bradley-outreach,https://temporary-zippy-celesta-4cyc4ht.vercel.app/list-your-park?ref=bradley-outreach
Pleasant Hill Mhp,(706) 693-2500,Talmo,GA,16 Pleasant Hill Drive,30575,Jackson,"Hi, Bradley with Tread Companies / Trailer Parks calling about Pleasant Hill Mhp in Talmo. Free marketplace for park owners — $0 listing fee, $0 success fee. Brokers take ~6%. We've operated 4,000+ spaces. Can I text the link?",Bradley @ Tread Companies / Trailer Parks re Pleasant Hill Mhp (Talmo). Free owner marketplace — $0 fees. List in 2 min: https://temporary-zippy-celesta-4cyc4ht.vercel.app/list-your-park?ref=bradley-outreach,https://temporary-zippy-celesta-4cyc4ht.vercel.app/list-your-park?ref=bradley-outreach
Kingsbrook Estates,(770) 562-1600,Temple,GA,487 Center Point Road,30179,Carroll,"Hi, Bradley with Tread Companies / Trailer Parks calling about Kingsbrook Estates in Temple. Free marketplace for park owners — $0 listing fee, $0 success fee. Brokers take ~6%. We've operated 4,000+ spaces. Can I text the link?",Bradley @ Tread Companies / Trailer Parks re Kingsbrook Estates (Temple). Free owner marketplace — $0 fees. List in 2 min: https://temporary-zippy-celesta-4cyc4ht.vercel.app/list-your-park?ref=bradley-outreach,https://temporary-zippy-celesta-4cyc4ht.vercel.app/list-your-park?ref=bradley-outreach
Mc Donald Mobile Home Service,(706) 648-2355,Thomaston,GA,1534 Us 19,30286,Upson,"Hi, Bradley with Tread Companies / Trailer Parks calling about Mc Donald Mobile Home Service in Thomaston. Free marketplace for park owners — $0 listing fee, $0 success fee. Brokers take ~6%. We've operated 4,000+ spaces. Can I text the link?",Bradley @ Tread Companies / Trailer Parks re Mc Donald Mobile Home Service (Thomaston). Free owner marketplace — $0 fees. List in 2 min: https://temporary-zippy-celesta-4cyc4ht.vercel.app/list-your-park?ref=bradley-outreach,https://temporary-zippy-celesta-4cyc4ht.vercel.app/list-your-park?ref=bradley-outreach
Not Available,(706) 648-3255,Thomaston,GA,251 Bradshaw Road,30286,Upson,"Hi, Bradley with Tread Companies / Trailer Parks calling about Not Available in Thomaston. Free marketplace for park owners — $0 listing fee, $0 success fee. Brokers take ~6%. We've operated 4,000+ spaces. Can I text the link?",Bradley @ Tread Companies / Trailer Parks re Not Available (Thomaston). Free owner marketplace — $0 fees. List in 2 min: https://temporary-zippy-celesta-4cyc4ht.vercel.app/list-your-park?ref=bradley-outreach,https://temporary-zippy-celesta-4cyc4ht.vercel.app/list-your-park?ref=bradley-outreach
Shenandoah Valley Mobile Home,(706) 648-4317,Thomaston,GA,421 Jeff Davis Road,30286,Upson,"Hi, Bradley with Tread Companies / Trailer Parks calling about Shenandoah Valley Mobile Home in Thomaston. Free marketplace for park owners — $0 listing fee, $0 success fee. Brokers take ~6%. We've operated 4,000+ spaces. Can I text the link?",Bradley @ Tread Companies / Trailer Parks re Shenandoah Valley Mobile Home (Thomaston). Free owner marketplace — $0 fees. List in 2 min: https://temporary-zippy-celesta-4cyc4ht.vercel.app/list-your-park?ref=bradley-outreach,https://temporary-zippy-celesta-4cyc4ht.vercel.app/list-your-park?ref=bradley-outreach
Circle C Mobile Home Estates,(912) 226-2594,Thomasville,GA,1525 Summerhill Road,31757,Thomas,"Hi, Bradley with Tread Companies / Trailer Parks calling about Circle C Mobile Home Estates in Thomasville. Free marketplace for park owners — $0 listing fee, $0 success fee. Brokers take ~6%. We've operated 4,000+ spaces. Can I text the link?",Bradley @ Tread Companies / Trailer Parks re Circle C Mobile Home Estates (Thomasville). Free owner marketplace — $0 fees. List in 2 min: https://temporary-zippy-celesta-4cyc4ht.vercel.app/list-your-park?ref=bradley-outreach,https://temporary-zippy-celesta-4cyc4ht.vercel.app/list-your-park?ref=bradley-outreach
Twin Oaks Mhp,(912) 225-9623,Thomasville,GA,862 Powell Drive,31757,Thomas,"Hi, Bradley with Tread Companies / Trailer Parks calling about Twin Oaks Mhp in Thomasville. Free marketplace for park owners — $0 listing fee, $0 success fee. Brokers take ~6%. We've operated 4,000+ spaces. Can I text the link?",Bradley @ Tread Companies / Trailer Parks re Twin Oaks Mhp (Thomasville). Free owner marketplace — $0 fees. List in 2 min: https://temporary-zippy-celesta-4cyc4ht.vercel.app/list-your-park?ref=bradley-outreach,https://temporary-zippy-celesta-4cyc4ht.vercel.app/list-your-park?ref=bradley-outreach
Ferry Lake Trailer Park,(912) 388-9688,Tifton,GA,3 Sandra Drive,31794,Tift,"Hi, Bradley with Tread Companies / Trailer Parks calling about Ferry Lake Trailer Park in Tifton. Free marketplace for park owners — $0 listing fee, $0 success fee. Brokers take ~6%. We've operated 4,000+ spaces. Can I text the link?",Bradley @ Tread Companies / Trailer Parks re Ferry Lake Trailer Park (Tifton). Free owner marketplace — $0 fees. List in 2 min: https://temporary-zippy-celesta-4cyc4ht.vercel.app/list-your-park?ref=bradley-outreach,https://temporary-zippy-celesta-4cyc4ht.vercel.app/list-your-park?ref=bradley-outreach
Town & Country Park,(912) 382-6061,Tifton,GA,807 2Nd Street West,31794,Tift,"Hi, Bradley with Tread Companies / Trailer Parks calling about Town & Country Park in Tifton. Free marketplace for park owners — $0 listing fee, $0 success fee. Brokers take ~6%. We've operated 4,000+ spaces. Can I text the link?",Bradley @ Tread Companies / Trailer Parks re Town & Country Park (Tifton). Free owner marketplace — $0 fees. List in 2 min: https://temporary-zippy-celesta-4cyc4ht.vercel.app/list-your-park?ref=bradley-outreach,https://temporary-zippy-celesta-4cyc4ht.vercel.app/list-your-park?ref=bradley-outreach
Tucker Mobile Home Estates,(770) 921-9278,Tucker,GA,Lankford Road #B7,30084,Gwinnett,"Hi, Bradley with Tread Companies / Trailer Parks calling about Tucker Mobile Home Estates in Tucker. Free marketplace for park owners — $0 listing fee, $0 success fee. Brokers take ~6%. We've operated 4,000+ spaces. Can I text the link?",Bradley @ Tread Companies / Trailer Parks re Tucker Mobile Home Estates (Tucker). Free owner marketplace — $0 fees. List in 2 min: https://temporary-zippy-celesta-4cyc4ht.vercel.app/list-your-park?ref=bradley-outreach,https://temporary-zippy-celesta-4cyc4ht.vercel.app/list-your-park?ref=bradley-outreach
Winfield Mobile Home Community,(912) 382-3344,Ty Ty,GA,825 Lower Ty Ty Road,31795,Tift,"Hi, Bradley with Tread Companies / Trailer Parks calling about Winfield Mobile Home Community in Ty Ty. Free marketplace for park owners — $0 listing fee, $0 success fee. Brokers take ~6%. We've operated 4,000+ spaces. Can I text the link?",Bradley @ Tread Companies / Trailer Parks re Winfield Mobile Home Community (Ty Ty). Free owner marketplace — $0 fees. List in 2 min: https://temporary-zippy-celesta-4cyc4ht.vercel.app/list-your-park?ref=bradley-outreach,https://temporary-zippy-celesta-4cyc4ht.vercel.app/list-your-park?ref=bradley-outreach
Whispering Pines Mobile Home,(770) 486-0768,Tyrone,GA,437 Senoia Road,30290,Fayette,"Hi, Bradley with Tread Companies / Trailer Parks calling about Whispering Pines Mobile Home in Tyrone. Free marketplace for park owners — $0 listing fee, $0 success fee. Brokers take ~6%. We've operated 4,000+ spaces. Can I text the link?",Bradley @ Tread Companies / Trailer Parks re Whispering Pines Mobile Home (Tyrone). Free owner marketplace — $0 fees. List in 2 min: https://temporary-zippy-celesta-4cyc4ht.vercel.app/list-your-park?ref=bradley-outreach,https://temporary-zippy-celesta-4cyc4ht.vercel.app/list-your-park?ref=bradley-outreach
Suburban Woods Mfd.,(770) 964-1137,Union City,GA,7000 Goodson Road,30291,Fulton,"Hi, Bradley with Tread Companies / Trailer Parks calling about Suburban Woods Mfd. in Union City. Free marketplace for park owners — $0 listing fee, $0 success fee. Brokers take ~6%. We've operated 4,000+ spaces. Can I text the link?",Bradley @ Tread Companies / Trailer Parks re Suburban Woods Mfd. (Union City). Free owner marketplace — $0 fees. List in 2 min: https://temporary-zippy-celesta-4cyc4ht.vercel.app/list-your-park?ref=bradley-outreach,https://temporary-zippy-celesta-4cyc4ht.vercel.app/list-your-park?ref=bradley-outreach
River Park Mhp,(229) 244-8397,Valdosta,GA,1407 North Saint Augustine Road,31602,Lowndes,"Hi, Bradley with Tread Companies / Trailer Parks calling about River Park Mhp in Valdosta. Free marketplace for park owners — $0 listing fee, $0 success fee. Brokers take ~6%. We've operated 4,000+ spaces. Can I text the link?",Bradley @ Tread Companies / Trailer Parks re River Park Mhp (Valdosta). Free owner marketplace — $0 fees. List in 2 min: https://temporary-zippy-celesta-4cyc4ht.vercel.app/list-your-park?ref=bradley-outreach,https://temporary-zippy-celesta-4cyc4ht.vercel.app/list-your-park?ref=bradley-outreach
Troupeville Mhp,(229) 241-9956,Valdosta,GA,Cherokee Circle,31605,Brooks,"Hi, Bradley with Tread Companies / Trailer Parks calling about Troupeville Mhp in Valdosta. Free marketplace for park owners — $0 listing fee, $0 success fee. Brokers take ~6%. We've operated 4,000+ spaces. Can I text the link?",Bradley @ Tread Companies / Trailer Parks re Troupeville Mhp (Valdosta). Free owner marketplace — $0 fees. List in 2 min: https://temporary-zippy-celesta-4cyc4ht.vercel.app/list-your-park?ref=bradley-outreach,https://temporary-zippy-celesta-4cyc4ht.vercel.app/list-your-park?ref=bradley-outreach
F W Weeks Mhp,(912) 268-2901,Vienna,GA,1369 Weeks Road,31092,Dooly,"Hi, Bradley with Tread Companies / Trailer Parks calling about F W Weeks Mhp in Vienna. Free marketplace for park owners — $0 listing fee, $0 success fee. Brokers take ~6%. We've operated 4,000+ spaces. Can I text the link?",Bradley @ Tread Companies / Trailer Parks re F W Weeks Mhp (Vienna). Free owner marketplace — $0 fees. List in 2 min: https://temporary-zippy-celesta-4cyc4ht.vercel.app/list-your-park?ref=bradley-outreach,https://temporary-zippy-celesta-4cyc4ht.vercel.app/list-your-park?ref=bradley-outreach
Breckenridge Mhp,(912) 922-6115,Warner Robins,GA,2308 Moody Road,31088,Houston,"Hi, Bradley with Tread Companies / Trailer Parks calling about Breckenridge Mhp in Warner Robins. Free marketplace for park owners — $0 listing fee, $0 success fee. Brokers take ~6%. We've operated 4,000+ spaces. Can I text the link?",Bradley @ Tread Companies / Trailer Parks re Breckenridge Mhp (Warner Robins). Free owner marketplace — $0 fees. List in 2 min: https://temporary-zippy-celesta-4cyc4ht.vercel.app/list-your-park?ref=bradley-outreach,https://temporary-zippy-celesta-4cyc4ht.vercel.app/list-your-park?ref=bradley-outreach
Capri Mhp,(912) 923-3848,Warner Robins,GA,779 Walnut Street,31093,Houston,"Hi, Bradley with Tread Companies / Trailer Parks calling about Capri Mhp in Warner Robins. Free marketplace for park owners — $0 listing fee, $0 success fee. Brokers take ~6%. We've operated 4,000+ spaces. Can I text the link?",Bradley @ Tread Companies / Trailer Parks re Capri Mhp (Warner Robins). Free owner marketplace — $0 fees. List in 2 min: https://temporary-zippy-celesta-4cyc4ht.vercel.app/list-your-park?ref=bradley-outreach,https://temporary-zippy-celesta-4cyc4ht.vercel.app/list-your-park?ref=bradley-outreach
Lands-End Mhp,(912) 929-5150,Warner Robins,GA,115 1/2 Landings Drive,31088,Houston,"Hi, Bradley with Tread Companies / Trailer Parks calling about Lands-End Mhp in Warner Robins. Free marketplace for park owners — $0 listing fee, $0 success fee. Brokers take ~6%. We've operated 4,000+ spaces. Can I text the link?",Bradley @ Tread Companies / Trailer Parks re Lands-End Mhp (Warner Robins). Free owner marketplace — $0 fees. List in 2 min: https://temporary-zippy-celesta-4cyc4ht.vercel.app/list-your-park?ref=bradley-outreach,https://temporary-zippy-celesta-4cyc4ht.vercel.app/list-your-park?ref=bradley-outreach
Meadow Haven Mobile Homes Park,(912) 923-2101,Warner Robins,GA,2208 Elberta Road,31093,Houston,"Hi, Bradley with Tread Companies / Trailer Parks calling about Meadow Haven Mobile Homes Park in Warner Robins. Free marketplace for park owners — $0 listing fee, $0 success fee. Brokers take ~6%. We've operated 4,000+ spaces. Can I text the link?",Bradley @ Tread Companies / Trailer Parks re Meadow Haven Mobile Homes Park (Warner Robins). Free owner marketplace — $0 fees. List in 2 min: https://temporary-zippy-celesta-4cyc4ht.vercel.app/list-your-park?ref=bradley-outreach,https://temporary-zippy-celesta-4cyc4ht.vercel.app/list-your-park?ref=bradley-outreach
Park Riviera Mhp,(912) 923-4762,Warner Robins,GA,318 Brady Drive,31088,Houston,"Hi, Bradley with Tread Companies / Trailer Parks calling about Park Riviera Mhp in Warner Robins. Free marketplace for park owners — $0 listing fee, $0 success fee. Brokers take ~6%. We've operated 4,000+ spaces. Can I text the link?",Bradley @ Tread Companies / Trailer Parks re Park Riviera Mhp (Warner Robins). Free owner marketplace — $0 fees. List in 2 min: https://temporary-zippy-celesta-4cyc4ht.vercel.app/list-your-park?ref=bradley-outreach,https://temporary-zippy-celesta-4cyc4ht.vercel.app/list-your-park?ref=bradley-outreach
Wilshire Estates Rental Offices,(912) 923-5436,Warner Robins,GA,228 Billy Avenue,31093,Houston,"Hi, Bradley with Tread Companies / Trailer Parks calling about Wilshire Estates Rental Offices in Warner Robins. Free marketplace for park owners — $0 listing fee, $0 success fee. Brokers take ~6%. We've operated 4,000+ spaces. Can I text the link?",Bradley @ Tread Companies / Trailer Parks re Wilshire Estates Rental Offices (Warner Robins). Free owner marketplace — $0 fees. List in 2 min: https://temporary-zippy-celesta-4cyc4ht.vercel.app/list-your-park?ref=bradley-outreach,https://temporary-zippy-celesta-4cyc4ht.vercel.app/list-your-park?ref=bradley-outreach
Circle C Ranch-Mobile Homes,(770) 725-2827,Watkinsville,GA,2880 Monroe Highway,30677,Oconee,"Hi, Bradley with Tread Companies / Trailer Parks calling about Circle C Ranch-Mobile Homes in Watkinsville. Free marketplace for park owners — $0 listing fee, $0 success fee. Brokers take ~6%. We've operated 4,000+ spaces. Can I text the link?",Bradley @ Tread Companies / Trailer Parks re Circle C Ranch-Mobile Homes (Watkinsville). Free owner marketplace — $0 fees. List in 2 min: https://temporary-zippy-celesta-4cyc4ht.vercel.app/list-your-park?ref=bradley-outreach,https://temporary-zippy-celesta-4cyc4ht.vercel.app/list-your-park?ref=bradley-outreach
Lake Jane Mobile Home Court,(770) 834-6951,Whitesburg,GA,2810 North Highway 16,30185,Carroll,"Hi, Bradley with Tread Companies / Trailer Parks calling about Lake Jane Mobile Home Court in Whitesburg. Free marketplace for park owners — $0 listing fee, $0 success fee. Brokers take ~6%. We've operated 4,000+ spaces. Can I text the link?",Bradley @ Tread Companies / Trailer Parks re Lake Jane Mobile Home Court (Whitesburg). Free owner marketplace — $0 fees. List in 2 min: https://temporary-zippy-celesta-4cyc4ht.vercel.app/list-your-park?ref=bradley-outreach,https://temporary-zippy-celesta-4cyc4ht.vercel.app/list-your-park?ref=bradley-outreach
Russell Mhp Inc,(770) 867-0499,Winder,GA,1025 Midland Avenue,30680,Barrow,"Hi, Bradley with Tread Companies / Trailer Parks calling about Russell Mhp Inc in Winder. Free marketplace for park owners — $0 listing fee, $0 success fee. Brokers take ~6%. We've operated 4,000+ spaces. Can I text the link?",Bradley @ Tread Companies / Trailer Parks re Russell Mhp Inc (Winder). Free owner marketplace — $0 fees. List in 2 min: https://temporary-zippy-celesta-4cyc4ht.vercel.app/list-your-park?ref=bradley-outreach,https://temporary-zippy-celesta-4cyc4ht.vercel.app/list-your-park?ref=bradley-outreach
Winder Mhp,(770) 867-2722,Winder,GA,398 Fairview Avenue,30680,Barrow,"Hi, Bradley with Tread Companies / Trailer Parks calling about Winder Mhp in Winder. Free marketplace for park owners — $0 listing fee, $0 success fee. Brokers take ~6%. We've operated 4,000+ spaces. Can I text the link?",Bradley @ Tread Companies / Trailer Parks re Winder Mhp (Winder). Free owner marketplace — $0 fees. List in 2 min: https://temporary-zippy-celesta-4cyc4ht.vercel.app/list-your-park?ref=bradley-outreach,https://temporary-zippy-celesta-4cyc4ht.vercel.app/list-your-park?ref=bradley-outreach
Spring Valley Mhp,(706) 742-8565,Winterville,GA,1250 Spring Valley Road,30683,Clarke,"Hi, Bradley with Tread Companies / Trailer Parks calling about Spring Valley Mhp in Winterville. Free marketplace for park owners — $0 listing fee, $0 success fee. Brokers take ~6%. We've operated 4,000+ spaces. Can I text the link?",Bradley @ Tread Companies / Trailer Parks re Spring Valley Mhp (Winterville). Free owner marketplace — $0 fees. List in 2 min: https://temporary-zippy-celesta-4cyc4ht.vercel.app/list-your-park?ref=bradley-outreach,https://temporary-zippy-celesta-4cyc4ht.vercel.app/list-your-park?ref=bradley-outreach
Town & Country Mhp,(912) 576-5019,Woodbine,GA,475 West 3Rd Street,31569,Camden,"Hi, Bradley with Tread Companies / Trailer Parks calling about Town & Country Mhp in Woodbine. Free marketplace for park owners — $0 listing fee, $0 success fee. Brokers take ~6%. We've operated 4,000+ spaces. Can I text the link?",Bradley @ Tread Companies / Trailer Parks re Town & Country Mhp (Woodbine). Free owner marketplace — $0 fees. List in 2 min: https://temporary-zippy-celesta-4cyc4ht.vercel.app/list-your-park?ref=bradley-outreach,https://temporary-zippy-celesta-4cyc4ht.vercel.app/list-your-park?ref=bradley-outreach
Little River Mhp,(770) 928-6666,Woodstock,GA,6535 Old Highway 5,30188,Cherokee,"Hi, Bradley with Tread Companies / Trailer Parks calling about Little River Mhp in Woodstock. Free marketplace for park owners — $0 listing fee, $0 success fee. Brokers take ~6%. We've operated 4,000+ spaces. Can I text the link?",Bradley @ Tread Companies / Trailer Parks re Little River Mhp (Woodstock). Free owner marketplace — $0 fees. List in 2 min: https://temporary-zippy-celesta-4cyc4ht.vercel.app/list-your-park?ref=bradley-outreach,https://temporary-zippy-celesta-4cyc4ht.vercel.app/list-your-park?ref=bradley-outreach
Noonday Valley Mobile Homes Estates,(770) 926-6796,Woodstock,GA,200 Dupree Road,30189,Cherokee,"Hi, Bradley with Tread Companies / Trailer Parks calling about Noonday Valley Mobile Homes Estates in Woodstock. Free marketplace for park owners — $0 listing fee, $0 success fee. Brokers take ~6%. We've operated 4,000+ spaces. Can I text the link?",Bradley @ Tread Companies / Trailer Parks re Noonday Valley Mobile Homes Estates (Woodstock). Free owner marketplace — $0 fees. List in 2 min: https://temporary-zippy-celesta-4cyc4ht.vercel.app/list-your-park?ref=bradley-outreach,https://temporary-zippy-celesta-4cyc4ht.vercel.app/list-your-park?ref=bradley-outreach
Country Meadows,(615) 832-8887,Antioch,TN,860 Richards Road,37013,Davidson,"Hi, Bradley with Tread Companies / Trailer Parks calling about Country Meadows in Antioch. Free marketplace for park owners — $0 listing fee, $0 success fee. Brokers take ~6%. We've operated 4,000+ spaces. Can I text the link?",Bradley @ Tread Companies / Trailer Parks re Country Meadows (Antioch). Free owner marketplace — $0 fees. List in 2 min: https://temporary-zippy-celesta-4cyc4ht.vercel.app/list-your-park?ref=bradley-outreach,https://temporary-zippy-celesta-4cyc4ht.vercel.app/list-your-park?ref=bradley-outreach
Canada Trace Mobile Home,(901) 388-3053,Arlington,TN,3300 Canada Road,38002,Shelby,"Hi, Bradley with Tread Companies / Trailer Parks calling about Canada Trace Mobile Home in Arlington. Free marketplace for park owners — $0 listing fee, $0 success fee. Brokers take ~6%. We've operated 4,000+ spaces. Can I text the link?",Bradley @ Tread Companies / Trailer Parks re Canada Trace Mobile Home (Arlington). Free owner marketplace — $0 fees. List in 2 min: https://temporary-zippy-celesta-4cyc4ht.vercel.app/list-your-park?ref=bradley-outreach,https://temporary-zippy-celesta-4cyc4ht.vercel.app/list-your-park?ref=bradley-outreach
Athens Mhp,(877) 296-0844,Athens,TN,1715 Velma Road,37303,Mcminn,"Hi, Bradley with Tread Companies / Trailer Parks calling about Athens Mhp in Athens. Free marketplace for park owners — $0 listing fee, $0 success fee. Brokers take ~6%. We've operated 4,000+ spaces. Can I text the link?",Bradley @ Tread Companies / Trailer Parks re Athens Mhp (Athens). Free owner marketplace — $0 fees. List in 2 min: https://temporary-zippy-celesta-4cyc4ht.vercel.app/list-your-park?ref=bradley-outreach,https://temporary-zippy-celesta-4cyc4ht.vercel.app/list-your-park?ref=bradley-outreach
Atwood Acres Mhp,(901) 662-7402,Atwood,TN,23 Highway 79 Lane,38220,Gibson,"Hi, Bradley with Tread Companies / Trailer Parks calling about Atwood Acres Mhp in Atwood. Free marketplace for park owners — $0 listing fee, $0 success fee. Brokers take ~6%. We've operated 4,000+ spaces. Can I text the link?",Bradley @ Tread Companies / Trailer Parks re Atwood Acres Mhp (Atwood). Free owner marketplace — $0 fees. List in 2 min: https://temporary-zippy-celesta-4cyc4ht.vercel.app/list-your-park?ref=bradley-outreach,https://temporary-zippy-celesta-4cyc4ht.vercel.app/list-your-park?ref=bradley-outreach
Embers East Mhp,(931) 276-2393,Belfast,TN,1970 Fayetteville Highway,37019,Marshall,"Hi, Bradley with Tread Companies / Trailer Parks calling about Embers East Mhp in Belfast. Free marketplace for park owners — $0 listing fee, $0 success fee. Brokers take ~6%. We've operated 4,000+ spaces. Can I text the link?",Bradley @ Tread Companies / Trailer Parks re Embers East Mhp (Belfast). Free owner marketplace — $0 fees. List in 2 min: https://temporary-zippy-celesta-4cyc4ht.vercel.app/list-your-park?ref=bradley-outreach,https://temporary-zippy-celesta-4cyc4ht.vercel.app/list-your-park?ref=bradley-outreach
Bristol Heights Estates,(423) 968-2623,Bristol,TN,204 Bristol Heights Rd,37620,Sullivan,"Hi, Bradley with Tread Companies / Trailer Parks calling about Bristol Heights Estates in Bristol. Free marketplace for park owners — $0 listing fee, $0 success fee. Brokers take ~6%. We've operated 4,000+ spaces. Can I text the link?",Bradley @ Tread Companies / Trailer Parks re Bristol Heights Estates (Bristol). Free owner marketplace — $0 fees. List in 2 min: https://temporary-zippy-celesta-4cyc4ht.vercel.app/list-your-park?ref=bradley-outreach,https://temporary-zippy-celesta-4cyc4ht.vercel.app/list-your-park?ref=bradley-outreach
Acres Of Shade Mhp,(423) 892-0732,Chattanooga,TN,1708 Shepherd Road,37421,Hamilton,"Hi, Bradley with Tread Companies / Trailer Parks calling about Acres Of Shade Mhp in Chattanooga. Free marketplace for park owners — $0 listing fee, $0 success fee. Brokers take ~6%. We've operated 4,000+ spaces. Can I text the link?",Bradley @ Tread Companies / Trailer Parks re Acres Of Shade Mhp (Chattanooga). Free owner marketplace — $0 fees. List in 2 min: https://temporary-zippy-celesta-4cyc4ht.vercel.app/list-your-park?ref=bradley-outreach,https://temporary-zippy-celesta-4cyc4ht.vercel.app/list-your-park?ref=bradley-outreach
Cedar Creek Mhp,(423) 892-9450,Chattanooga,TN,7356 Lee Highway,37421,Hamilton,"Hi, Bradley with Tread Companies / Trailer Parks calling about Cedar Creek Mhp in Chattanooga. Free marketplace for park owners — $0 listing fee, $0 success fee. Brokers take ~6%. We've operated 4,000+ spaces. Can I text the link?",Bradley @ Tread Companies / Trailer Parks re Cedar Creek Mhp (Chattanooga). Free owner marketplace — $0 fees. List in 2 min: https://temporary-zippy-celesta-4cyc4ht.vercel.app/list-your-park?ref=bradley-outreach,https://temporary-zippy-celesta-4cyc4ht.vercel.app/list-your-park?ref=bradley-outreach
Not Available,(423) 821-5277,Chattanooga,TN,20 S Tulip Ave,37419,Hamilton,"Hi, Bradley with Tread Companies / Trailer Parks calling about Not Available in Chattanooga. Free marketplace for park owners — $0 listing fee, $0 success fee. Brokers take ~6%. We've operated 4,000+ spaces. Can I text the link?",Bradley @ Tread Companies / Trailer Parks re Not Available (Chattanooga). Free owner marketplace — $0 fees. List in 2 min: https://temporary-zippy-celesta-4cyc4ht.vercel.app/list-your-park?ref=bradley-outreach,https://temporary-zippy-celesta-4cyc4ht.vercel.app/list-your-park?ref=bradley-outreach
Riggs Trailer Park,(423) 892-2242,Chattanooga,TN,6125 Provence Street,37421,Hamilton,"Hi, Bradley with Tread Companies / Trailer Parks calling about Riggs Trailer Park in Chattanooga. Free marketplace for park owners — $0 listing fee, $0 success fee. Brokers take ~6%. We've operated 4,000+ spaces. Can I text the link?",Bradley @ Tread Companies / Trailer Parks re Riggs Trailer Park (Chattanooga). Free owner marketplace — $0 fees. List in 2 min: https://temporary-zippy-celesta-4cyc4ht.vercel.app/list-your-park?ref=bradley-outreach,https://temporary-zippy-celesta-4cyc4ht.vercel.app/list-your-park?ref=bradley-outreach
Webb Trailer & Court,(423) 877-1644,Chattanooga,TN,5511 Dayton Boulevard,37415,Hamilton,"Hi, Bradley with Tread Companies / Trailer Parks calling about Webb Trailer & Court in Chattanooga. Free marketplace for park owners — $0 listing fee, $0 success fee. Brokers take ~6%. We've operated 4,000+ spaces. Can I text the link?",Bradley @ Tread Companies / Trailer Parks re Webb Trailer & Court (Chattanooga). Free owner marketplace — $0 fees. List in 2 min: https://temporary-zippy-celesta-4cyc4ht.vercel.app/list-your-park?ref=bradley-outreach,https://temporary-zippy-celesta-4cyc4ht.vercel.app/list-your-park?ref=bradley-outreach
Whispering Pines Mobile Home,(423) 899-8591,Chattanooga,TN,900 Airport Road,37421,Hamilton,"Hi, Bradley with Tread Companies / Trailer Parks calling about Whispering Pines Mobile Home in Chattanooga. Free marketplace for park owners — $0 listing fee, $0 success fee. Brokers take ~6%. We've operated 4,000+ spaces. Can I text the link?",Bradley @ Tread Companies / Trailer Parks re Whispering Pines Mobile Home (Chattanooga). Free owner marketplace — $0 fees. List in 2 min: https://temporary-zippy-celesta-4cyc4ht.vercel.app/list-your-park?ref=bradley-outreach,https://temporary-zippy-celesta-4cyc4ht.vercel.app/list-your-park?ref=bradley-outreach
Bell Crossing,(866) 786-0138,Clarksville,TN,750 Dunlop Ln,37043,Montgomery,"Hi, Bradley with Tread Companies / Trailer Parks calling about Bell Crossing in Clarksville. Free marketplace for park owners — $0 listing fee, $0 success fee. Brokers take ~6%. We've operated 4,000+ spaces. Can I text the link?",Bradley @ Tread Companies / Trailer Parks re Bell Crossing (Clarksville). Free owner marketplace — $0 fees. List in 2 min: https://temporary-zippy-celesta-4cyc4ht.vercel.app/list-your-park?ref=bradley-outreach,https://temporary-zippy-celesta-4cyc4ht.vercel.app/list-your-park?ref=bradley-outreach
Belleglade,(931) 431-5214,Clarksville,TN,150 Wallace Blvd,37042,Montgomery,"Hi, Bradley with Tread Companies / Trailer Parks calling about Belleglade in Clarksville. Free marketplace for park owners — $0 listing fee, $0 success fee. Brokers take ~6%. We've operated 4,000+ spaces. Can I text the link?",Bradley @ Tread Companies / Trailer Parks re Belleglade (Clarksville). Free owner marketplace — $0 fees. List in 2 min: https://temporary-zippy-celesta-4cyc4ht.vercel.app/list-your-park?ref=bradley-outreach,https://temporary-zippy-celesta-4cyc4ht.vercel.app/list-your-park?ref=bradley-outreach
Burkhart'S Mhp,(931) 647-2926,Clarksville,TN,920 Power Street,37042,Montgomery,"Hi, Bradley with Tread Companies / Trailer Parks calling about Burkhart'S Mhp in Clarksville. Free marketplace for park owners — $0 listing fee, $0 success fee. Brokers take ~6%. We've operated 4,000+ spaces. Can I text the link?",Bradley @ Tread Companies / Trailer Parks re Burkhart'S Mhp (Clarksville). Free owner marketplace — $0 fees. List in 2 min: https://temporary-zippy-celesta-4cyc4ht.vercel.app/list-your-park?ref=bradley-outreach,https://temporary-zippy-celesta-4cyc4ht.vercel.app/list-your-park?ref=bradley-outreach
Cedar Bend,(931) 552-4575,Clarksville,TN,309 Cedarbend Ct,37043,Montgomery,"Hi, Bradley with Tread Companies / Trailer Parks calling about Cedar Bend in Clarksville. Free marketplace for park owners — $0 listing fee, $0 success fee. Brokers take ~6%. We've operated 4,000+ spaces. Can I text the link?",Bradley @ Tread Companies / Trailer Parks re Cedar Bend (Clarksville). Free owner marketplace — $0 fees. List in 2 min: https://temporary-zippy-celesta-4cyc4ht.vercel.app/list-your-park?ref=bradley-outreach,https://temporary-zippy-celesta-4cyc4ht.vercel.app/list-your-park?ref=bradley-outreach
Lafayette Trailer Court,(931) 552-9363,Clarksville,TN,428 Lafayette Road,37042,Montgomery,"Hi, Bradley with Tread Companies / Trailer Parks calling about Lafayette Trailer Court in Clarksville. Free marketplace for park owners — $0 listing fee, $0 success fee. Brokers take ~6%. We've operated 4,000+ spaces. Can I text the link?",Bradley @ Tread Companies / Trailer Parks re Lafayette Trailer Court (Clarksville). Free owner marketplace — $0 fees. List in 2 min: https://temporary-zippy-celesta-4cyc4ht.vercel.app/list-your-park?ref=bradley-outreach,https://temporary-zippy-celesta-4cyc4ht.vercel.app/list-your-park?ref=bradley-outreach
Markland Mhp,(931) 431-5201,Clarksville,TN,140 Wallace Blvd,37042,Montgomery,"Hi, Bradley with Tread Companies / Trailer Parks calling about Markland Mhp in Clarksville. Free marketplace for park owners — $0 listing fee, $0 success fee. Brokers take ~6%. We've operated 4,000+ spaces. Can I text the link?",Bradley @ Tread Companies / Trailer Parks re Markland Mhp (Clarksville). Free owner marketplace — $0 fees. List in 2 min: https://temporary-zippy-celesta-4cyc4ht.vercel.app/list-your-park?ref=bradley-outreach,https://temporary-zippy-celesta-4cyc4ht.vercel.app/list-your-park?ref=bradley-outreach
New Providence & Shady Rest,(931) 647-2389,Clarksville,TN,708 Providence Boulevard,37042,Montgomery,"Hi, Bradley with Tread Companies / Trailer Parks calling about New Providence & Shady Rest in Clarksville. Free marketplace for park owners — $0 listing fee, $0 success fee. Brokers take ~6%. We've operated 4,000+ spaces. Can I text the link?",Bradley @ Tread Companies / Trailer Parks re New Providence & Shady Rest (Clarksville). Free owner marketplace — $0 fees. List in 2 min: https://temporary-zippy-celesta-4cyc4ht.vercel.app/list-your-park?ref=bradley-outreach,https://temporary-zippy-celesta-4cyc4ht.vercel.app/list-your-park?ref=bradley-outreach
Sunnydale Mhp,(931) 648-3330,Clarksville,TN,705 Providence Boulevard,37042,Montgomery,"Hi, Bradley with Tread Companies / Trailer Parks calling about Sunnydale Mhp in Clarksville. Free marketplace for park owners — $0 listing fee, $0 success fee. Brokers take ~6%. We've operated 4,000+ spaces. Can I text the link?",Bradley @ Tread Companies / Trailer Parks re Sunnydale Mhp (Clarksville). Free owner marketplace — $0 fees. List in 2 min: https://temporary-zippy-celesta-4cyc4ht.vercel.app/list-your-park?ref=bradley-outreach,https://temporary-zippy-celesta-4cyc4ht.vercel.app/list-your-park?ref=bradley-outreach
Collegetown Mobile Home,(423) 472-6555,Cleveland,TN,3350 Westside Drive Northwest,37312,Bradley,"Hi, Bradley with Tread Companies / Trailer Parks calling about Collegetown Mobile Home in Cleveland. Free marketplace for park owners — $0 listing fee, $0 success fee. Brokers take ~6%. We've operated 4,000+ spaces. Can I text the link?",Bradley @ Tread Companies / Trailer Parks re Collegetown Mobile Home (Cleveland). Free owner marketplace — $0 fees. List in 2 min: https://temporary-zippy-celesta-4cyc4ht.vercel.app/list-your-park?ref=bradley-outreach,https://temporary-zippy-celesta-4cyc4ht.vercel.app/list-your-park?ref=bradley-outreach
Brookfield Mfg. Home Community,(865) 457-5161,Clinton,TN,201 Luther Foster Lane,37716,Anderson,"Hi, Bradley with Tread Companies / Trailer Parks calling about Brookfield Mfg. Home Community in Clinton. Free marketplace for park owners — $0 listing fee, $0 success fee. Brokers take ~6%. We've operated 4,000+ spaces. Can I text the link?",Bradley @ Tread Companies / Trailer Parks re Brookfield Mfg. Home Community (Clinton). Free owner marketplace — $0 fees. List in 2 min: https://temporary-zippy-celesta-4cyc4ht.vercel.app/list-your-park?ref=bradley-outreach,https://temporary-zippy-celesta-4cyc4ht.vercel.app/list-your-park?ref=bradley-outreach
Woodhaven Family Community,(865) 494-7220,Clinton,TN,245 Joe Owens Rd,37716,Anderson,"Hi, Bradley with Tread Companies / Trailer Parks calling about Woodhaven Family Community in Clinton. Free marketplace for park owners — $0 listing fee, $0 success fee. Brokers take ~6%. We've operated 4,000+ spaces. Can I text the link?",Bradley @ Tread Companies / Trailer Parks re Woodhaven Family Community (Clinton). Free owner marketplace — $0 fees. List in 2 min: https://temporary-zippy-celesta-4cyc4ht.vercel.app/list-your-park?ref=bradley-outreach,https://temporary-zippy-celesta-4cyc4ht.vercel.app/list-your-park?ref=bradley-outreach
American Mobile Village,(931) 388-1485,Columbia,TN,1524 East Burt Drive,38401,Maury,"Hi, Bradley with Tread Companies / Trailer Parks calling about American Mobile Village in Columbia. Free marketplace for park owners — $0 listing fee, $0 success fee. Brokers take ~6%. We've operated 4,000+ spaces. Can I text the link?",Bradley @ Tread Companies / Trailer Parks re American Mobile Village (Columbia). Free owner marketplace — $0 fees. List in 2 min: https://temporary-zippy-celesta-4cyc4ht.vercel.app/list-your-park?ref=bradley-outreach,https://temporary-zippy-celesta-4cyc4ht.vercel.app/list-your-park?ref=bradley-outreach
Countryside Village,(931) 388-8412,Columbia,TN,200 Early Road,38401,Maury,"Hi, Bradley with Tread Companies / Trailer Parks calling about Countryside Village in Columbia. Free marketplace for park owners — $0 listing fee, $0 success fee. Brokers take ~6%. We've operated 4,000+ spaces. Can I text the link?",Bradley @ Tread Companies / Trailer Parks re Countryside Village (Columbia). Free owner marketplace — $0 fees. List in 2 min: https://temporary-zippy-celesta-4cyc4ht.vercel.app/list-your-park?ref=bradley-outreach,https://temporary-zippy-celesta-4cyc4ht.vercel.app/list-your-park?ref=bradley-outreach
Mc Gee Trailer Park,(931) 379-0266,Columbia,TN,1689 North Main Street,38401,Maury,"Hi, Bradley with Tread Companies / Trailer Parks calling about Mc Gee Trailer Park in Columbia. Free marketplace for park owners — $0 listing fee, $0 success fee. Brokers take ~6%. We've operated 4,000+ spaces. Can I text the link?",Bradley @ Tread Companies / Trailer Parks re Mc Gee Trailer Park (Columbia). Free owner marketplace — $0 fees. List in 2 min: https://temporary-zippy-celesta-4cyc4ht.vercel.app/list-your-park?ref=bradley-outreach,https://temporary-zippy-celesta-4cyc4ht.vercel.app/list-your-park?ref=bradley-outreach
Three Oaks Village Mobile Home,(931) 381-4613,Columbia,TN,931 Baker Road,38401,Maury,"Hi, Bradley with Tread Companies / Trailer Parks calling about Three Oaks Village Mobile Home in Columbia. Free marketplace for park owners — $0 listing fee, $0 success fee. Brokers take ~6%. We've operated 4,000+ spaces. Can I text the link?",Bradley @ Tread Companies / Trailer Parks re Three Oaks Village Mobile Home (Columbia). Free owner marketplace — $0 fees. List in 2 min: https://temporary-zippy-celesta-4cyc4ht.vercel.app/list-your-park?ref=bradley-outreach,https://temporary-zippy-celesta-4cyc4ht.vercel.app/list-your-park?ref=bradley-outreach
Woodland Mobile Village,(931) 381-3873,Columbia,TN,707 West 12Th Street,38401,Maury,"Hi, Bradley with Tread Companies / Trailer Parks calling about Woodland Mobile Village in Columbia. Free marketplace for park owners — $0 listing fee, $0 success fee. Brokers take ~6%. We've operated 4,000+ spaces. Can I text the link?",Bradley @ Tread Companies / Trailer Parks re Woodland Mobile Village (Columbia). Free owner marketplace — $0 fees. List in 2 min: https://temporary-zippy-celesta-4cyc4ht.vercel.app/list-your-park?ref=bradley-outreach,https://temporary-zippy-celesta-4cyc4ht.vercel.app/list-your-park?ref=bradley-outreach
Cookeville Trailer Park,(931) 526-7097,Cookeville,TN,536 East 20Th Street,38501,Putnam,"Hi, Bradley with Tread Companies / Trailer Parks calling about Cookeville Trailer Park in Cookeville. Free marketplace for park owners — $0 listing fee, $0 success fee. Brokers take ~6%. We've operated 4,000+ spaces. Can I text the link?",Bradley @ Tread Companies / Trailer Parks re Cookeville Trailer Park (Cookeville). Free owner marketplace — $0 fees. List in 2 min: https://temporary-zippy-celesta-4cyc4ht.vercel.app/list-your-park?ref=bradley-outreach,https://temporary-zippy-celesta-4cyc4ht.vercel.app/list-your-park?ref=bradley-outreach
Ridgewood Mhps,(931) 526-5606,Cookeville,TN,2400 Freehill Road,38501,Putnam,"Hi, Bradley with Tread Companies / Trailer Parks calling about Ridgewood Mhps in Cookeville. Free marketplace for park owners — $0 listing fee, $0 success fee. Brokers take ~6%. We've operated 4,000+ spaces. Can I text the link?",Bradley @ Tread Companies / Trailer Parks re Ridgewood Mhps (Cookeville). Free owner marketplace — $0 fees. List in 2 min: https://temporary-zippy-celesta-4cyc4ht.vercel.app/list-your-park?ref=bradley-outreach,https://temporary-zippy-celesta-4cyc4ht.vercel.app/list-your-park?ref=bradley-outreach
Spring Valley Mhp,(931) 526-4949,Cookeville,TN,807 East Hudgens Street,38501,Putnam,"Hi, Bradley with Tread Companies / Trailer Parks calling about Spring Valley Mhp in Cookeville. Free marketplace for park owners — $0 listing fee, $0 success fee. Brokers take ~6%. We've operated 4,000+ spaces. Can I text the link?",Bradley @ Tread Companies / Trailer Parks re Spring Valley Mhp (Cookeville). Free owner marketplace — $0 fees. List in 2 min: https://temporary-zippy-celesta-4cyc4ht.vercel.app/list-your-park?ref=bradley-outreach,https://temporary-zippy-celesta-4cyc4ht.vercel.app/list-your-park?ref=bradley-outreach
Young Rentals,(931) 526-7100,Cookeville,TN,234 East Jere Whitson Road,38501,Putnam,"Hi, Bradley with Tread Companies / Trailer Parks calling about Young Rentals in Cookeville. Free marketplace for park owners — $0 listing fee, $0 success fee. Brokers take ~6%. We've operated 4,000+ spaces. Can I text the link?",Bradley @ Tread Companies / Trailer Parks re Young Rentals (Cookeville). Free owner marketplace — $0 fees. List in 2 min: https://temporary-zippy-celesta-4cyc4ht.vercel.app/list-your-park?ref=bradley-outreach,https://temporary-zippy-celesta-4cyc4ht.vercel.app/list-your-park?ref=bradley-outreach
Crossville Mhp,(877) 357-0245,Crossville,TN,114 Bradford Drive,38555,Cumberland,"Hi, Bradley with Tread Companies / Trailer Parks calling about Crossville Mhp in Crossville. Free marketplace for park owners — $0 listing fee, $0 success fee. Brokers take ~6%. We've operated 4,000+ spaces. Can I text the link?",Bradley @ Tread Companies / Trailer Parks re Crossville Mhp (Crossville). Free owner marketplace — $0 fees. List in 2 min: https://temporary-zippy-celesta-4cyc4ht.vercel.app/list-your-park?ref=bradley-outreach,https://temporary-zippy-celesta-4cyc4ht.vercel.app/list-your-park?ref=bradley-outreach
Glenwood Mhp,(931) 484-5046,Crossville,TN,478 Lantana Road,38555,Cumberland,"Hi, Bradley with Tread Companies / Trailer Parks calling about Glenwood Mhp in Crossville. Free marketplace for park owners — $0 listing fee, $0 success fee. Brokers take ~6%. We've operated 4,000+ spaces. Can I text the link?",Bradley @ Tread Companies / Trailer Parks re Glenwood Mhp (Crossville). Free owner marketplace — $0 fees. List in 2 min: https://temporary-zippy-celesta-4cyc4ht.vercel.app/list-your-park?ref=bradley-outreach,https://temporary-zippy-celesta-4cyc4ht.vercel.app/list-your-park?ref=bradley-outreach
Oak Forrest Mhp,(423) 570-2131,Dayton,TN,615 Corvin Road,37321,Rhea,"Hi, Bradley with Tread Companies / Trailer Parks calling about Oak Forrest Mhp in Dayton. Free marketplace for park owners — $0 listing fee, $0 success fee. Brokers take ~6%. We've operated 4,000+ spaces. Can I text the link?",Bradley @ Tread Companies / Trailer Parks re Oak Forrest Mhp (Dayton). Free owner marketplace — $0 fees. List in 2 min: https://temporary-zippy-celesta-4cyc4ht.vercel.app/list-your-park?ref=bradley-outreach,https://temporary-zippy-celesta-4cyc4ht.vercel.app/list-your-park?ref=bradley-outreach
Brannon'S Mobile Home Estates,(615) 446-1151,Dickson,TN,136 Brannon Drive,37055,Dickson,"Hi, Bradley with Tread Companies / Trailer Parks calling about Brannon'S Mobile Home Estates in Dickson. Free marketplace for park owners — $0 listing fee, $0 success fee. Brokers take ~6%. We've operated 4,000+ spaces. Can I text the link?",Bradley @ Tread Companies / Trailer Parks re Brannon'S Mobile Home Estates (Dickson). Free owner marketplace — $0 fees. List in 2 min: https://temporary-zippy-celesta-4cyc4ht.vercel.app/list-your-park?ref=bradley-outreach,https://temporary-zippy-celesta-4cyc4ht.vercel.app/list-your-park?ref=bradley-outreach
East Dickson Mhp,(615) 441-1721,Dickson,TN,2265 Highway 47 East,37055,Dickson,"Hi, Bradley with Tread Companies / Trailer Parks calling about East Dickson Mhp in Dickson. Free marketplace for park owners — $0 listing fee, $0 success fee. Brokers take ~6%. We've operated 4,000+ spaces. Can I text the link?",Bradley @ Tread Companies / Trailer Parks re East Dickson Mhp (Dickson). Free owner marketplace — $0 fees. List in 2 min: https://temporary-zippy-celesta-4cyc4ht.vercel.app/list-your-park?ref=bradley-outreach,https://temporary-zippy-celesta-4cyc4ht.vercel.app/list-your-park?ref=bradley-outreach
Hidden Hollow Mobile Home & Duplex Park,(931) 232-8631,Dover,TN,172 Hidden Hollow Dr,37058,Stewart,"Hi, Bradley with Tread Companies / Trailer Parks calling about Hidden Hollow Mobile Home & Duplex Park in Dover. Free marketplace for park owners — $0 listing fee, $0 success fee. Brokers take ~6%. We've operated 4,000+ spaces. Can I text the link?",Bradley @ Tread Companies / Trailer Parks re Hidden Hollow Mobile Home & Duplex Park (Dover). Free owner marketplace — $0 fees. List in 2 min: https://temporary-zippy-celesta-4cyc4ht.vercel.app/list-your-park?ref=bradley-outreach,https://temporary-zippy-celesta-4cyc4ht.vercel.app/list-your-park?ref=bradley-outreach
Slaughter'S Mobile Homes,(901) 285-1224,Dyersburg,TN,4573 Highway 211,38024,Dyer,"Hi, Bradley with Tread Companies / Trailer Parks calling about Slaughter'S Mobile Homes in Dyersburg. Free marketplace for park owners — $0 listing fee, $0 success fee. Brokers take ~6%. We've operated 4,000+ spaces. Can I text the link?",Bradley @ Tread Companies / Trailer Parks re Slaughter'S Mobile Homes (Dyersburg). Free owner marketplace — $0 fees. List in 2 min: https://temporary-zippy-celesta-4cyc4ht.vercel.app/list-your-park?ref=bradley-outreach,https://temporary-zippy-celesta-4cyc4ht.vercel.app/list-your-park?ref=bradley-outreach
M H Canter Mhp,(423) 543-3367,Elizabethton,TN,608 Locust Street,37643,Carter,"Hi, Bradley with Tread Companies / Trailer Parks calling about M H Canter Mhp in Elizabethton. Free marketplace for park owners — $0 listing fee, $0 success fee. Brokers take ~6%. We've operated 4,000+ spaces. Can I text the link?",Bradley @ Tread Companies / Trailer Parks re M H Canter Mhp (Elizabethton). Free owner marketplace — $0 fees. List in 2 min: https://temporary-zippy-celesta-4cyc4ht.vercel.app/list-your-park?ref=bradley-outreach,https://temporary-zippy-celesta-4cyc4ht.vercel.app/list-your-park?ref=bradley-outreach
Kimberly Mobile Home Estates,(931) 433-7069,Fayetteville,TN,4 Providence Road,37334,Lincoln,"Hi, Bradley with Tread Companies / Trailer Parks calling about Kimberly Mobile Home Estates in Fayetteville. Free marketplace for park owners — $0 listing fee, $0 success fee. Brokers take ~6%. We've operated 4,000+ spaces. Can I text the link?",Bradley @ Tread Companies / Trailer Parks re Kimberly Mobile Home Estates (Fayetteville). Free owner marketplace — $0 fees. List in 2 min: https://temporary-zippy-celesta-4cyc4ht.vercel.app/list-your-park?ref=bradley-outreach,https://temporary-zippy-celesta-4cyc4ht.vercel.app/list-your-park?ref=bradley-outreach
Morrow'S Mhp,(931) 433-3159,Fayetteville,TN,12 Breezy Lane,37334,Lincoln,"Hi, Bradley with Tread Companies / Trailer Parks calling about Morrow'S Mhp in Fayetteville. Free marketplace for park owners — $0 listing fee, $0 success fee. Brokers take ~6%. We've operated 4,000+ spaces. Can I text the link?",Bradley @ Tread Companies / Trailer Parks re Morrow'S Mhp (Fayetteville). Free owner marketplace — $0 fees. List in 2 min: https://temporary-zippy-celesta-4cyc4ht.vercel.app/list-your-park?ref=bradley-outreach,https://temporary-zippy-celesta-4cyc4ht.vercel.app/list-your-park?ref=bradley-outreach
Not Available,(931) 433-0900,Fayetteville,TN,3264 Huntsville Hwy,37334,Lincoln,"Hi, Bradley with Tread Companies / Trailer Parks calling about Not Available in Fayetteville. Free marketplace for park owners — $0 listing fee, $0 success fee. Brokers take ~6%. We've operated 4,000+ spaces. Can I text the link?",Bradley @ Tread Companies / Trailer Parks re Not Available (Fayetteville). Free owner marketplace — $0 fees. List in 2 min: https://temporary-zippy-celesta-4cyc4ht.vercel.app/list-your-park?ref=bradley-outreach,https://temporary-zippy-celesta-4cyc4ht.vercel.app/list-your-park?ref=bradley-outreach
Battlefield Trailer Park,(615) 794-6416,Franklin,TN,650 Edgewood Boulevard,37064,Williamson,"Hi, Bradley with Tread Companies / Trailer Parks calling about Battlefield Trailer Park in Franklin. Free marketplace for park owners — $0 listing fee, $0 success fee. Brokers take ~6%. We've operated 4,000+ spaces. Can I text the link?",Bradley @ Tread Companies / Trailer Parks re Battlefield Trailer Park (Franklin). Free owner marketplace — $0 fees. List in 2 min: https://temporary-zippy-celesta-4cyc4ht.vercel.app/list-your-park?ref=bradley-outreach,https://temporary-zippy-celesta-4cyc4ht.vercel.app/list-your-park?ref=bradley-outreach
Creekside Village,(615) 794-7569,Franklin,TN,1501 West Main Street,37064,Williamson,"Hi, Bradley with Tread Companies / Trailer Parks calling about Creekside Village in Franklin. Free marketplace for park owners — $0 listing fee, $0 success fee. Brokers take ~6%. We've operated 4,000+ spaces. Can I text the link?",Bradley @ Tread Companies / Trailer Parks re Creekside Village (Franklin). Free owner marketplace — $0 fees. List in 2 min: https://temporary-zippy-celesta-4cyc4ht.vercel.app/list-your-park?ref=bradley-outreach,https://temporary-zippy-celesta-4cyc4ht.vercel.app/list-your-park?ref=bradley-outreach
Franklin Estates Mobile Home,(615) 794-6203,Franklin,TN,700 West Meade Boulevard,37064,Williamson,"Hi, Bradley with Tread Companies / Trailer Parks calling about Franklin Estates Mobile Home in Franklin. Free marketplace for park owners — $0 listing fee, $0 success fee. Brokers take ~6%. We've operated 4,000+ spaces. Can I text the link?",Bradley @ Tread Companies / Trailer Parks re Franklin Estates Mobile Home (Franklin). Free owner marketplace — $0 fees. List in 2 min: https://temporary-zippy-celesta-4cyc4ht.vercel.app/list-your-park?ref=bradley-outreach,https://temporary-zippy-celesta-4cyc4ht.vercel.app/list-your-park?ref=bradley-outreach
Green Acres Trailer Park,(931) 268-2475,Gainesboro,TN,2701 Mccoinsville Road,38562,Jackson,"Hi, Bradley with Tread Companies / Trailer Parks calling about Green Acres Trailer Park in Gainesboro. Free marketplace for park owners — $0 listing fee, $0 success fee. Brokers take ~6%. We've operated 4,000+ spaces. Can I text the link?",Bradley @ Tread Companies / Trailer Parks re Green Acres Trailer Park (Gainesboro). Free owner marketplace — $0 fees. List in 2 min: https://temporary-zippy-celesta-4cyc4ht.vercel.app/list-your-park?ref=bradley-outreach,https://temporary-zippy-celesta-4cyc4ht.vercel.app/list-your-park?ref=bradley-outreach
A & L Mobile Home Village,(615) 452-5104,Gallatin,TN,573 Long Hollow Pike,37066,Sumner,"Hi, Bradley with Tread Companies / Trailer Parks calling about A & L Mobile Home Village in Gallatin. Free marketplace for park owners — $0 listing fee, $0 success fee. Brokers take ~6%. We've operated 4,000+ spaces. Can I text the link?",Bradley @ Tread Companies / Trailer Parks re A & L Mobile Home Village (Gallatin). Free owner marketplace — $0 fees. List in 2 min: https://temporary-zippy-celesta-4cyc4ht.vercel.app/list-your-park?ref=bradley-outreach,https://temporary-zippy-celesta-4cyc4ht.vercel.app/list-your-park?ref=bradley-outreach
Cozy Living Village,(615) 452-2046,Gallatin,TN,1275 South Water Avenue,37066,Sumner,"Hi, Bradley with Tread Companies / Trailer Parks calling about Cozy Living Village in Gallatin. Free marketplace for park owners — $0 listing fee, $0 success fee. Brokers take ~6%. We've operated 4,000+ spaces. Can I text the link?",Bradley @ Tread Companies / Trailer Parks re Cozy Living Village (Gallatin). Free owner marketplace — $0 fees. List in 2 min: https://temporary-zippy-celesta-4cyc4ht.vercel.app/list-your-park?ref=bradley-outreach,https://temporary-zippy-celesta-4cyc4ht.vercel.app/list-your-park?ref=bradley-outreach
Glades Park Community,(423) 430-8853,Gatlinburg,TN,305 Glades Road,37738,Sevier,"Hi, Bradley with Tread Companies / Trailer Parks calling about Glades Park Community in Gatlinburg. Free marketplace for park owners — $0 listing fee, $0 success fee. Brokers take ~6%. We've operated 4,000+ spaces. Can I text the link?",Bradley @ Tread Companies / Trailer Parks re Glades Park Community (Gatlinburg). Free owner marketplace — $0 fees. List in 2 min: https://temporary-zippy-celesta-4cyc4ht.vercel.app/list-your-park?ref=bradley-outreach,https://temporary-zippy-celesta-4cyc4ht.vercel.app/list-your-park?ref=bradley-outreach
Georgetown Mhp,(877) 296-0850,Georgetown,TN,3000 Old Highway 58,37336,Meigs,"Hi, Bradley with Tread Companies / Trailer Parks calling about Georgetown Mhp in Georgetown. Free marketplace for park owners — $0 listing fee, $0 success fee. Brokers take ~6%. We've operated 4,000+ spaces. Can I text the link?",Bradley @ Tread Companies / Trailer Parks re Georgetown Mhp (Georgetown). Free owner marketplace — $0 fees. List in 2 min: https://temporary-zippy-celesta-4cyc4ht.vercel.app/list-your-park?ref=bradley-outreach,https://temporary-zippy-celesta-4cyc4ht.vercel.app/list-your-park?ref=bradley-outreach
Country Livin' Estates,(615) 859-0569,Goodlettsville,TN,1330 Williamson Road,37072,Sumner,"Hi, Bradley with Tread Companies / Trailer Parks calling about Country Livin' Estates in Goodlettsville. Free marketplace for park owners — $0 listing fee, $0 success fee. Brokers take ~6%. We've operated 4,000+ spaces. Can I text the link?",Bradley @ Tread Companies / Trailer Parks re Country Livin' Estates (Goodlettsville). Free owner marketplace — $0 fees. List in 2 min: https://temporary-zippy-celesta-4cyc4ht.vercel.app/list-your-park?ref=bradley-outreach,https://temporary-zippy-celesta-4cyc4ht.vercel.app/list-your-park?ref=bradley-outreach
Fountain View Mhp,(615) 859-2571,Goodlettsville,TN,104 Fannin Drive,37072,Davidson,"Hi, Bradley with Tread Companies / Trailer Parks calling about Fountain View Mhp in Goodlettsville. Free marketplace for park owners — $0 listing fee, $0 success fee. Brokers take ~6%. We've operated 4,000+ spaces. Can I text the link?",Bradley @ Tread Companies / Trailer Parks re Fountain View Mhp (Goodlettsville). Free owner marketplace — $0 fees. List in 2 min: https://temporary-zippy-celesta-4cyc4ht.vercel.app/list-your-park?ref=bradley-outreach,https://temporary-zippy-celesta-4cyc4ht.vercel.app/list-your-park?ref=bradley-outreach
Hillview Acres Mobile Home,(615) 859-5176,Goodlettsville,TN,1229 Old Dickerson Road,37072,Davidson,"Hi, Bradley with Tread Companies / Trailer Parks calling about Hillview Acres Mobile Home in Goodlettsville. Free marketplace for park owners — $0 listing fee, $0 success fee. Brokers take ~6%. We've operated 4,000+ spaces. Can I text the link?",Bradley @ Tread Companies / Trailer Parks re Hillview Acres Mobile Home (Goodlettsville). Free owner marketplace — $0 fees. List in 2 min: https://temporary-zippy-celesta-4cyc4ht.vercel.app/list-your-park?ref=bradley-outreach,https://temporary-zippy-celesta-4cyc4ht.vercel.app/list-your-park?ref=bradley-outreach
Trailmont Park,(615) 859-5122,Goodlettsville,TN,1341 South Dickerson Road,37072,Davidson,"Hi, Bradley with Tread Companies / Trailer Parks calling about Trailmont Park in Goodlettsville. Free marketplace for park owners — $0 listing fee, $0 success fee. Brokers take ~6%. We've operated 4,000+ spaces. Can I text the link?",Bradley @ Tread Companies / Trailer Parks re Trailmont Park (Goodlettsville). Free owner marketplace — $0 fees. List in 2 min: https://temporary-zippy-celesta-4cyc4ht.vercel.app/list-your-park?ref=bradley-outreach,https://temporary-zippy-celesta-4cyc4ht.vercel.app/list-your-park?ref=bradley-outreach
Oak Grove Village,(423) 928-2623,Gray,TN,209 Cherish Court,37601,Washington,"Hi, Bradley with Tread Companies / Trailer Parks calling about Oak Grove Village in Gray. Free marketplace for park owners — $0 listing fee, $0 success fee. Brokers take ~6%. We've operated 4,000+ spaces. Can I text the link?",Bradley @ Tread Companies / Trailer Parks re Oak Grove Village (Gray). Free owner marketplace — $0 fees. List in 2 min: https://temporary-zippy-celesta-4cyc4ht.vercel.app/list-your-park?ref=bradley-outreach,https://temporary-zippy-celesta-4cyc4ht.vercel.app/list-your-park?ref=bradley-outreach
Executive Manor,(423) 638-5148,Greenville,TN,1 Ocean Blvd East,37745,Greene,"Hi, Bradley with Tread Companies / Trailer Parks calling about Executive Manor in Greenville. Free marketplace for park owners — $0 listing fee, $0 success fee. Brokers take ~6%. We've operated 4,000+ spaces. Can I text the link?",Bradley @ Tread Companies / Trailer Parks re Executive Manor (Greenville). Free owner marketplace — $0 fees. List in 2 min: https://temporary-zippy-celesta-4cyc4ht.vercel.app/list-your-park?ref=bradley-outreach,https://temporary-zippy-celesta-4cyc4ht.vercel.app/list-your-park?ref=bradley-outreach
Midtown Mhp,(423) 376-3525,Harriman,TN,150 Midtown Park,37748,Roane,"Hi, Bradley with Tread Companies / Trailer Parks calling about Midtown Mhp in Harriman. Free marketplace for park owners — $0 listing fee, $0 success fee. Brokers take ~6%. We've operated 4,000+ spaces. Can I text the link?",Bradley @ Tread Companies / Trailer Parks re Midtown Mhp (Harriman). Free owner marketplace — $0 fees. List in 2 min: https://temporary-zippy-celesta-4cyc4ht.vercel.app/list-your-park?ref=bradley-outreach,https://temporary-zippy-celesta-4cyc4ht.vercel.app/list-your-park?ref=bradley-outreach
Driftwood Mhp,(615) 594-4884,Hendersonville,TN,116 Curtis Cross Road,37138,Sumner,"Hi, Bradley with Tread Companies / Trailer Parks calling about Driftwood Mhp in Hendersonville. Free marketplace for park owners — $0 listing fee, $0 success fee. Brokers take ~6%. We've operated 4,000+ spaces. Can I text the link?",Bradley @ Tread Companies / Trailer Parks re Driftwood Mhp (Hendersonville). Free owner marketplace — $0 fees. List in 2 min: https://temporary-zippy-celesta-4cyc4ht.vercel.app/list-your-park?ref=bradley-outreach,https://temporary-zippy-celesta-4cyc4ht.vercel.app/list-your-park?ref=bradley-outreach
Hendersonville Mobile Village,(615) 824-1811,Hendersonville,TN,311 Old Shackle Island Road #47,37075,Sumner,"Hi, Bradley with Tread Companies / Trailer Parks calling about Hendersonville Mobile Village in Hendersonville. Free marketplace for park owners — $0 listing fee, $0 success fee. Brokers take ~6%. We've operated 4,000+ spaces. Can I text the link?",Bradley @ Tread Companies / Trailer Parks re Hendersonville Mobile Village (Hendersonville). Free owner marketplace — $0 fees. List in 2 min: https://temporary-zippy-celesta-4cyc4ht.vercel.app/list-your-park?ref=bradley-outreach,https://temporary-zippy-celesta-4cyc4ht.vercel.app/list-your-park?ref=bradley-outreach
Fair Meadows Mhp,(423) 842-5694,Hixson,TN,6225 Dayton Boulevard,37343,Hamilton,"Hi, Bradley with Tread Companies / Trailer Parks calling about Fair Meadows Mhp in Hixson. Free marketplace for park owners — $0 listing fee, $0 success fee. Brokers take ~6%. We've operated 4,000+ spaces. Can I text the link?",Bradley @ Tread Companies / Trailer Parks re Fair Meadows Mhp (Hixson). Free owner marketplace — $0 fees. List in 2 min: https://temporary-zippy-celesta-4cyc4ht.vercel.app/list-your-park?ref=bradley-outreach,https://temporary-zippy-celesta-4cyc4ht.vercel.app/list-your-park?ref=bradley-outreach
Locust Lane Trailer Park,(931) 796-2162,Hohenwald,TN,529F Locust Street,38462,Lewis,"Hi, Bradley with Tread Companies / Trailer Parks calling about Locust Lane Trailer Park in Hohenwald. Free marketplace for park owners — $0 listing fee, $0 success fee. Brokers take ~6%. We've operated 4,000+ spaces. Can I text the link?",Bradley @ Tread Companies / Trailer Parks re Locust Lane Trailer Park (Hohenwald). Free owner marketplace — $0 fees. List in 2 min: https://temporary-zippy-celesta-4cyc4ht.vercel.app/list-your-park?ref=bradley-outreach,https://temporary-zippy-celesta-4cyc4ht.vercel.app/list-your-park?ref=bradley-outreach
Lovelace Trailer Park,(901) 784-0814,Humboldt,TN,266 Trenton Highway,38343,Gibson,"Hi, Bradley with Tread Companies / Trailer Parks calling about Lovelace Trailer Park in Humboldt. Free marketplace for park owners — $0 listing fee, $0 success fee. Brokers take ~6%. We've operated 4,000+ spaces. Can I text the link?",Bradley @ Tread Companies / Trailer Parks re Lovelace Trailer Park (Humboldt). Free owner marketplace — $0 fees. List in 2 min: https://temporary-zippy-celesta-4cyc4ht.vercel.app/list-your-park?ref=bradley-outreach,https://temporary-zippy-celesta-4cyc4ht.vercel.app/list-your-park?ref=bradley-outreach
Jackson Mobile Village & Rec. Vehicle,(901) 668-2487,Jackson,TN,2223 Hollywood Drive,38305,Madison,"Hi, Bradley with Tread Companies / Trailer Parks calling about Jackson Mobile Village & Rec. Vehicle in Jackson. Free marketplace for park owners — $0 listing fee, $0 success fee. Brokers take ~6%. We've operated 4,000+ spaces. Can I text the link?",Bradley @ Tread Companies / Trailer Parks re Jackson Mobile Village & Rec. Vehicle (Jackson). Free owner marketplace — $0 fees. List in 2 min: https://temporary-zippy-celesta-4cyc4ht.vercel.app/list-your-park?ref=bradley-outreach,https://temporary-zippy-celesta-4cyc4ht.vercel.app/list-your-park?ref=bradley-outreach
Parkway Village Mobile Home,(901) 423-3331,Jackson,TN,1243 Whitehall Street,38301,Madison,"Hi, Bradley with Tread Companies / Trailer Parks calling about Parkway Village Mobile Home in Jackson. Free marketplace for park owners — $0 listing fee, $0 success fee. Brokers take ~6%. We've operated 4,000+ spaces. Can I text the link?",Bradley @ Tread Companies / Trailer Parks re Parkway Village Mobile Home (Jackson). Free owner marketplace — $0 fees. List in 2 min: https://temporary-zippy-celesta-4cyc4ht.vercel.app/list-your-park?ref=bradley-outreach,https://temporary-zippy-celesta-4cyc4ht.vercel.app/list-your-park?ref=bradley-outreach
Rolling Acres Mobile Estates,(901) 668-0426,Jackson,TN,Us Highway 45 North,38305,Madison,"Hi, Bradley with Tread Companies / Trailer Parks calling about Rolling Acres Mobile Estates in Jackson. Free marketplace for park owners — $0 listing fee, $0 success fee. Brokers take ~6%. We've operated 4,000+ spaces. Can I text the link?",Bradley @ Tread Companies / Trailer Parks re Rolling Acres Mobile Estates (Jackson). Free owner marketplace — $0 fees. List in 2 min: https://temporary-zippy-celesta-4cyc4ht.vercel.app/list-your-park?ref=bradley-outreach,https://temporary-zippy-celesta-4cyc4ht.vercel.app/list-your-park?ref=bradley-outreach
Heritage Mhp,(423) 928-2623,Johnson City,TN,2701 South Roan St,37601,Washington,"Hi, Bradley with Tread Companies / Trailer Parks calling about Heritage Mhp in Johnson City. Free marketplace for park owners — $0 listing fee, $0 success fee. Brokers take ~6%. We've operated 4,000+ spaces. Can I text the link?",Bradley @ Tread Companies / Trailer Parks re Heritage Mhp (Johnson City). Free owner marketplace — $0 fees. List in 2 min: https://temporary-zippy-celesta-4cyc4ht.vercel.app/list-your-park?ref=bradley-outreach,https://temporary-zippy-celesta-4cyc4ht.vercel.app/list-your-park?ref=bradley-outreach
Beaver Creek Park Nw,(423) 693-7533,Knoxville,TN,8336 Oak Ridge Highway,37931,Knox,"Hi, Bradley with Tread Companies / Trailer Parks calling about Beaver Creek Park Nw in Knoxville. Free marketplace for park owners — $0 listing fee, $0 success fee. Brokers take ~6%. We've operated 4,000+ spaces. Can I text the link?",Bradley @ Tread Companies / Trailer Parks re Beaver Creek Park Nw (Knoxville). Free owner marketplace — $0 fees. List in 2 min: https://temporary-zippy-celesta-4cyc4ht.vercel.app/list-your-park?ref=bradley-outreach,https://temporary-zippy-celesta-4cyc4ht.vercel.app/list-your-park?ref=bradley-outreach
Clayton Communities,(423) 531-3675,Knoxville,TN,2601 Amherst Road,37921,Knox,"Hi, Bradley with Tread Companies / Trailer Parks calling about Clayton Communities in Knoxville. Free marketplace for park owners — $0 listing fee, $0 success fee. Brokers take ~6%. We've operated 4,000+ spaces. Can I text the link?",Bradley @ Tread Companies / Trailer Parks re Clayton Communities (Knoxville). Free owner marketplace — $0 fees. List in 2 min: https://temporary-zippy-celesta-4cyc4ht.vercel.app/list-your-park?ref=bradley-outreach,https://temporary-zippy-celesta-4cyc4ht.vercel.app/list-your-park?ref=bradley-outreach
Country Estates Mhp,(423) 693-8541,Knoxville,TN,6109 Foote Mineral Lane,37923,Knox,"Hi, Bradley with Tread Companies / Trailer Parks calling about Country Estates Mhp in Knoxville. Free marketplace for park owners — $0 listing fee, $0 success fee. Brokers take ~6%. We've operated 4,000+ spaces. Can I text the link?",Bradley @ Tread Companies / Trailer Parks re Country Estates Mhp (Knoxville). Free owner marketplace — $0 fees. List in 2 min: https://temporary-zippy-celesta-4cyc4ht.vercel.app/list-your-park?ref=bradley-outreach,https://temporary-zippy-celesta-4cyc4ht.vercel.app/list-your-park?ref=bradley-outreach
Cumberland View Mhp,(423) 531-6456,Knoxville,TN,7741 Yount Road,37931,Anderson,"Hi, Bradley with Tread Companies / Trailer Parks calling about Cumberland View Mhp in Knoxville. Free marketplace for park owners — $0 listing fee, $0 success fee. Brokers take ~6%. We've operated 4,000+ spaces. Can I text the link?",Bradley @ Tread Companies / Trailer Parks re Cumberland View Mhp (Knoxville). Free owner marketplace — $0 fees. List in 2 min: https://temporary-zippy-celesta-4cyc4ht.vercel.app/list-your-park?ref=bradley-outreach,https://temporary-zippy-celesta-4cyc4ht.vercel.app/list-your-park?ref=bradley-outreach
Dogwood Mhp,(423) 687-2626,Knoxville,TN,5918 Clinton Highway,37912,Knox,"Hi, Bradley with Tread Companies / Trailer Parks calling about Dogwood Mhp in Knoxville. Free marketplace for park owners — $0 listing fee, $0 success fee. Brokers take ~6%. We've operated 4,000+ spaces. Can I text the link?",Bradley @ Tread Companies / Trailer Parks re Dogwood Mhp (Knoxville). Free owner marketplace — $0 fees. List in 2 min: https://temporary-zippy-celesta-4cyc4ht.vercel.app/list-your-park?ref=bradley-outreach,https://temporary-zippy-celesta-4cyc4ht.vercel.app/list-your-park?ref=bradley-outreach
Farragut Mhp,(423) 966-8906,Knoxville,TN,912 North Campbell Station Road,37932,Knox,"Hi, Bradley with Tread Companies / Trailer Parks calling about Farragut Mhp in Knoxville. Free marketplace for park owners — $0 listing fee, $0 success fee. Brokers take ~6%. We've operated 4,000+ spaces. Can I text the link?",Bradley @ Tread Companies / Trailer Parks re Farragut Mhp (Knoxville). Free owner marketplace — $0 fees. List in 2 min: https://temporary-zippy-celesta-4cyc4ht.vercel.app/list-your-park?ref=bradley-outreach,https://temporary-zippy-celesta-4cyc4ht.vercel.app/list-your-park?ref=bradley-outreach
Holston Mhp,(423) 524-1352,Knoxville,TN,4530 Holston Drive,37914,Knox,"Hi, Bradley with Tread Companies / Trailer Parks calling about Holston Mhp in Knoxville. Free marketplace for park owners — $0 listing fee, $0 success fee. Brokers take ~6%. We've operated 4,000+ spaces. Can I text the link?",Bradley @ Tread Companies / Trailer Parks re Holston Mhp (Knoxville). Free owner marketplace — $0 fees. List in 2 min: https://temporary-zippy-celesta-4cyc4ht.vercel.app/list-your-park?ref=bradley-outreach,https://temporary-zippy-celesta-4cyc4ht.vercel.app/list-your-park?ref=bradley-outreach
Northridge Estates,(423) 689-2299,Knoxville,TN,3406 Mynatt Drive,37918,Knox,"Hi, Bradley with Tread Companies / Trailer Parks calling about Northridge Estates in Knoxville. Free marketplace for park owners — $0 listing fee, $0 success fee. Brokers take ~6%. We've operated 4,000+ spaces. Can I text the link?",Bradley @ Tread Companies / Trailer Parks re Northridge Estates (Knoxville). Free owner marketplace — $0 fees. List in 2 min: https://temporary-zippy-celesta-4cyc4ht.vercel.app/list-your-park?ref=bradley-outreach,https://temporary-zippy-celesta-4cyc4ht.vercel.app/list-your-park?ref=bradley-outreach
Plantation Acres Mobile Home,(423) 933-5715,Knoxville,TN,3100 Roberts Road,37924,Knox,"Hi, Bradley with Tread Companies / Trailer Parks calling about Plantation Acres Mobile Home in Knoxville. Free marketplace for park owners — $0 listing fee, $0 success fee. Brokers take ~6%. We've operated 4,000+ spaces. Can I text the link?",Bradley @ Tread Companies / Trailer Parks re Plantation Acres Mobile Home (Knoxville). Free owner marketplace — $0 fees. List in 2 min: https://temporary-zippy-celesta-4cyc4ht.vercel.app/list-your-park?ref=bradley-outreach,https://temporary-zippy-celesta-4cyc4ht.vercel.app/list-your-park?ref=bradley-outreach
Tillery Drive Mobile Home,(423) 689-7518,Knoxville,TN,125 Tillery Road,37912,Knox,"Hi, Bradley with Tread Companies / Trailer Parks calling about Tillery Drive Mobile Home in Knoxville. Free marketplace for park owners — $0 listing fee, $0 success fee. Brokers take ~6%. We've operated 4,000+ spaces. Can I text the link?",Bradley @ Tread Companies / Trailer Parks re Tillery Drive Mobile Home (Knoxville). Free owner marketplace — $0 fees. List in 2 min: https://temporary-zippy-celesta-4cyc4ht.vercel.app/list-your-park?ref=bradley-outreach,https://temporary-zippy-celesta-4cyc4ht.vercel.app/list-your-park?ref=bradley-outreach
West Knox Park,(423) 691-0133,Knoxville,TN,10009 Bob Gray Road,37923,Knox,"Hi, Bradley with Tread Companies / Trailer Parks calling about West Knox Park in Knoxville. Free marketplace for park owners — $0 listing fee, $0 success fee. Brokers take ~6%. We've operated 4,000+ spaces. Can I text the link?",Bradley @ Tread Companies / Trailer Parks re West Knox Park (Knoxville). Free owner marketplace — $0 fees. List in 2 min: https://temporary-zippy-celesta-4cyc4ht.vercel.app/list-your-park?ref=bradley-outreach,https://temporary-zippy-celesta-4cyc4ht.vercel.app/list-your-park?ref=bradley-outreach
Wood Hill Mobile Home Court,(423) 523-6201,Knoxville,TN,3267 Sutherland Avenue,37919,Knox,"Hi, Bradley with Tread Companies / Trailer Parks calling about Wood Hill Mobile Home Court in Knoxville. Free marketplace for park owners — $0 listing fee, $0 success fee. Brokers take ~6%. We've operated 4,000+ spaces. Can I text the link?",Bradley @ Tread Companies / Trailer Parks re Wood Hill Mobile Home Court (Knoxville). Free owner marketplace — $0 fees. List in 2 min: https://temporary-zippy-celesta-4cyc4ht.vercel.app/list-your-park?ref=bradley-outreach,https://temporary-zippy-celesta-4cyc4ht.vercel.app/list-your-park?ref=bradley-outreach
Clayton Estates,(615) 355-6936,La Vergne,TN,206 Sue Ellen Drive,37086,Rutherford,"Hi, Bradley with Tread Companies / Trailer Parks calling about Clayton Estates in La Vergne. Free marketplace for park owners — $0 listing fee, $0 success fee. Brokers take ~6%. We've operated 4,000+ spaces. Can I text the link?",Bradley @ Tread Companies / Trailer Parks re Clayton Estates (La Vergne). Free owner marketplace — $0 fees. List in 2 min: https://temporary-zippy-celesta-4cyc4ht.vercel.app/list-your-park?ref=bradley-outreach,https://temporary-zippy-celesta-4cyc4ht.vercel.app/list-your-park?ref=bradley-outreach
Rip Van Winkle Mobile Home Court,(615) 793-6123,La Vergne,TN,303 Blair Road,37086,Rutherford,"Hi, Bradley with Tread Companies / Trailer Parks calling about Rip Van Winkle Mobile Home Court in La Vergne. Free marketplace for park owners — $0 listing fee, $0 success fee. Brokers take ~6%. We've operated 4,000+ spaces. Can I text the link?",Bradley @ Tread Companies / Trailer Parks re Rip Van Winkle Mobile Home Court (La Vergne). Free owner marketplace — $0 fees. List in 2 min: https://temporary-zippy-celesta-4cyc4ht.vercel.app/list-your-park?ref=bradley-outreach,https://temporary-zippy-celesta-4cyc4ht.vercel.app/list-your-park?ref=bradley-outreach
Weldon Mhp,(615) 666-5222,Lafayette,TN,301 Highway 52 Bypass West,37083,Macon,"Hi, Bradley with Tread Companies / Trailer Parks calling about Weldon Mhp in Lafayette. Free marketplace for park owners — $0 listing fee, $0 success fee. Brokers take ~6%. We've operated 4,000+ spaces. Can I text the link?",Bradley @ Tread Companies / Trailer Parks re Weldon Mhp (Lafayette). Free owner marketplace — $0 fees. List in 2 min: https://temporary-zippy-celesta-4cyc4ht.vercel.app/list-your-park?ref=bradley-outreach,https://temporary-zippy-celesta-4cyc4ht.vercel.app/list-your-park?ref=bradley-outreach
Countrywood Estates,(931) 762-4242,Lawrenceburg,TN,100 Countrywood Drive,38464,Lawrence,"Hi, Bradley with Tread Companies / Trailer Parks calling about Countrywood Estates in Lawrenceburg. Free marketplace for park owners — $0 listing fee, $0 success fee. Brokers take ~6%. We've operated 4,000+ spaces. Can I text the link?",Bradley @ Tread Companies / Trailer Parks re Countrywood Estates (Lawrenceburg). Free owner marketplace — $0 fees. List in 2 min: https://temporary-zippy-celesta-4cyc4ht.vercel.app/list-your-park?ref=bradley-outreach,https://temporary-zippy-celesta-4cyc4ht.vercel.app/list-your-park?ref=bradley-outreach
Freda Bell Mobile Home Court,(423) 986-3316,Lenoir City,TN,8500 Jackson Bend Road,37772,Loudon,"Hi, Bradley with Tread Companies / Trailer Parks calling about Freda Bell Mobile Home Court in Lenoir City. Free marketplace for park owners — $0 listing fee, $0 success fee. Brokers take ~6%. We've operated 4,000+ spaces. Can I text the link?",Bradley @ Tread Companies / Trailer Parks re Freda Bell Mobile Home Court (Lenoir City). Free owner marketplace — $0 fees. List in 2 min: https://temporary-zippy-celesta-4cyc4ht.vercel.app/list-your-park?ref=bradley-outreach,https://temporary-zippy-celesta-4cyc4ht.vercel.app/list-your-park?ref=bradley-outreach
Rambling Acres Mhp,(423) 986-4608,Lenoir City,TN,2580 Browder Hollow Road,37771,Loudon,"Hi, Bradley with Tread Companies / Trailer Parks calling about Rambling Acres Mhp in Lenoir City. Free marketplace for park owners — $0 listing fee, $0 success fee. Brokers take ~6%. We've operated 4,000+ spaces. Can I text the link?",Bradley @ Tread Companies / Trailer Parks re Rambling Acres Mhp (Lenoir City). Free owner marketplace — $0 fees. List in 2 min: https://temporary-zippy-celesta-4cyc4ht.vercel.app/list-your-park?ref=bradley-outreach,https://temporary-zippy-celesta-4cyc4ht.vercel.app/list-your-park?ref=bradley-outreach
Wampler'S Country Living Park,(423) 986-3828,Lenoir City,TN,781 Highway 70 West,37771,Loudon,"Hi, Bradley with Tread Companies / Trailer Parks calling about Wampler'S Country Living Park in Lenoir City. Free marketplace for park owners — $0 listing fee, $0 success fee. Brokers take ~6%. We've operated 4,000+ spaces. Can I text the link?",Bradley @ Tread Companies / Trailer Parks re Wampler'S Country Living Park (Lenoir City). Free owner marketplace — $0 fees. List in 2 min: https://temporary-zippy-celesta-4cyc4ht.vercel.app/list-your-park?ref=bradley-outreach,https://temporary-zippy-celesta-4cyc4ht.vercel.app/list-your-park?ref=bradley-outreach
Lewisdale Mhp,(931) 359-1303,Lewisburg,TN,1175 Franklin Road,37091,Marshall,"Hi, Bradley with Tread Companies / Trailer Parks calling about Lewisdale Mhp in Lewisburg. Free marketplace for park owners — $0 listing fee, $0 success fee. Brokers take ~6%. We've operated 4,000+ spaces. Can I text the link?",Bradley @ Tread Companies / Trailer Parks re Lewisdale Mhp (Lewisburg). Free owner marketplace — $0 fees. List in 2 min: https://temporary-zippy-celesta-4cyc4ht.vercel.app/list-your-park?ref=bradley-outreach,https://temporary-zippy-celesta-4cyc4ht.vercel.app/list-your-park?ref=bradley-outreach
Town N Country Trailer Courts,(931) 823-7486,Livingston,TN,400 Sevier Street,38570,Overton,"Hi, Bradley with Tread Companies / Trailer Parks calling about Town N Country Trailer Courts in Livingston. Free marketplace for park owners — $0 listing fee, $0 success fee. Brokers take ~6%. We've operated 4,000+ spaces. Can I text the link?",Bradley @ Tread Companies / Trailer Parks re Town N Country Trailer Courts (Livingston). Free owner marketplace — $0 fees. List in 2 min: https://temporary-zippy-celesta-4cyc4ht.vercel.app/list-your-park?ref=bradley-outreach,https://temporary-zippy-celesta-4cyc4ht.vercel.app/list-your-park?ref=bradley-outreach
Tuxedo Realty Company,(423) 458-6530,Loudon,TN,11480 Vonore Road,37774,Loudon,"Hi, Bradley with Tread Companies / Trailer Parks calling about Tuxedo Realty Company in Loudon. Free marketplace for park owners — $0 listing fee, $0 success fee. Brokers take ~6%. We've operated 4,000+ spaces. Can I text the link?",Bradley @ Tread Companies / Trailer Parks re Tuxedo Realty Company (Loudon). Free owner marketplace — $0 fees. List in 2 min: https://temporary-zippy-celesta-4cyc4ht.vercel.app/list-your-park?ref=bradley-outreach,https://temporary-zippy-celesta-4cyc4ht.vercel.app/list-your-park?ref=bradley-outreach
Adkins Mhp,(423) 982-4735,Louisville,TN,1724 Airbase Road,37777,Blount,"Hi, Bradley with Tread Companies / Trailer Parks calling about Adkins Mhp in Louisville. Free marketplace for park owners — $0 listing fee, $0 success fee. Brokers take ~6%. We've operated 4,000+ spaces. Can I text the link?",Bradley @ Tread Companies / Trailer Parks re Adkins Mhp (Louisville). Free owner marketplace — $0 fees. List in 2 min: https://temporary-zippy-celesta-4cyc4ht.vercel.app/list-your-park?ref=bradley-outreach,https://temporary-zippy-celesta-4cyc4ht.vercel.app/list-your-park?ref=bradley-outreach
Little River Mhp,(423) 970-3306,Louisville,TN,1720 Claiborne Street,37777,Blount,"Hi, Bradley with Tread Companies / Trailer Parks calling about Little River Mhp in Louisville. Free marketplace for park owners — $0 listing fee, $0 success fee. Brokers take ~6%. We've operated 4,000+ spaces. Can I text the link?",Bradley @ Tread Companies / Trailer Parks re Little River Mhp (Louisville). Free owner marketplace — $0 fees. List in 2 min: https://temporary-zippy-celesta-4cyc4ht.vercel.app/list-your-park?ref=bradley-outreach,https://temporary-zippy-celesta-4cyc4ht.vercel.app/list-your-park?ref=bradley-outreach
Old Hickory Estates,(615) 868-9674,Madison,TN,500 Cheyenne Boulevard,37115,Davidson,"Hi, Bradley with Tread Companies / Trailer Parks calling about Old Hickory Estates in Madison. Free marketplace for park owners — $0 listing fee, $0 success fee. Brokers take ~6%. We've operated 4,000+ spaces. Can I text the link?",Bradley @ Tread Companies / Trailer Parks re Old Hickory Estates (Madison). Free owner marketplace — $0 fees. List in 2 min: https://temporary-zippy-celesta-4cyc4ht.vercel.app/list-your-park?ref=bradley-outreach,https://temporary-zippy-celesta-4cyc4ht.vercel.app/list-your-park?ref=bradley-outreach
Stacey Ann'S Mhp,(931) 728-0482,Manchester,TN,66 Stacy Ann Road,37355,Coffee,"Hi, Bradley with Tread Companies / Trailer Parks calling about Stacey Ann'S Mhp in Manchester. Free marketplace for park owners — $0 listing fee, $0 success fee. Brokers take ~6%. We've operated 4,000+ spaces. Can I text the link?",Bradley @ Tread Companies / Trailer Parks re Stacey Ann'S Mhp (Manchester). Free owner marketplace — $0 fees. List in 2 min: https://temporary-zippy-celesta-4cyc4ht.vercel.app/list-your-park?ref=bradley-outreach,https://temporary-zippy-celesta-4cyc4ht.vercel.app/list-your-park?ref=bradley-outreach
Town & Country Mobile Homes,(931) 728-1348,Manchester,TN,1240 Oakdale Street,37355,Coffee,"Hi, Bradley with Tread Companies / Trailer Parks calling about Town & Country Mobile Homes in Manchester. Free marketplace for park owners — $0 listing fee, $0 success fee. Brokers take ~6%. We've operated 4,000+ spaces. Can I text the link?",Bradley @ Tread Companies / Trailer Parks re Town & Country Mobile Homes (Manchester). Free owner marketplace — $0 fees. List in 2 min: https://temporary-zippy-celesta-4cyc4ht.vercel.app/list-your-park?ref=bradley-outreach,https://temporary-zippy-celesta-4cyc4ht.vercel.app/list-your-park?ref=bradley-outreach
Paine'S Mhp,(423) 982-7272,Maryville,TN,225 Dewberry Drive,37804,Blount,"Hi, Bradley with Tread Companies / Trailer Parks calling about Paine'S Mhp in Maryville. Free marketplace for park owners — $0 listing fee, $0 success fee. Brokers take ~6%. We've operated 4,000+ spaces. Can I text the link?",Bradley @ Tread Companies / Trailer Parks re Paine'S Mhp (Maryville). Free owner marketplace — $0 fees. List in 2 min: https://temporary-zippy-celesta-4cyc4ht.vercel.app/list-your-park?ref=bradley-outreach,https://temporary-zippy-celesta-4cyc4ht.vercel.app/list-your-park?ref=bradley-outreach
Rockford Park,(423) 984-4044,Maryville,TN,3636 Tarbett Road,37804,Blount,"Hi, Bradley with Tread Companies / Trailer Parks calling about Rockford Park in Maryville. Free marketplace for park owners — $0 listing fee, $0 success fee. Brokers take ~6%. We've operated 4,000+ spaces. Can I text the link?",Bradley @ Tread Companies / Trailer Parks re Rockford Park (Maryville). Free owner marketplace — $0 fees. List in 2 min: https://temporary-zippy-celesta-4cyc4ht.vercel.app/list-your-park?ref=bradley-outreach,https://temporary-zippy-celesta-4cyc4ht.vercel.app/list-your-park?ref=bradley-outreach
Shady Acers Mhp,(423) 982-2552,Maryville,TN,513 Wade Circle,37801,Blount,"Hi, Bradley with Tread Companies / Trailer Parks calling about Shady Acers Mhp in Maryville. Free marketplace for park owners — $0 listing fee, $0 success fee. Brokers take ~6%. We've operated 4,000+ spaces. Can I text the link?",Bradley @ Tread Companies / Trailer Parks re Shady Acers Mhp (Maryville). Free owner marketplace — $0 fees. List in 2 min: https://temporary-zippy-celesta-4cyc4ht.vercel.app/list-your-park?ref=bradley-outreach,https://temporary-zippy-celesta-4cyc4ht.vercel.app/list-your-park?ref=bradley-outreach
Shady Oak Mhp,(423) 982-0285,Maryville,TN,4614 Sevierville Road,37804,Blount,"Hi, Bradley with Tread Companies / Trailer Parks calling about Shady Oak Mhp in Maryville. Free marketplace for park owners — $0 listing fee, $0 success fee. Brokers take ~6%. We've operated 4,000+ spaces. Can I text the link?",Bradley @ Tread Companies / Trailer Parks re Shady Oak Mhp (Maryville). Free owner marketplace — $0 fees. List in 2 min: https://temporary-zippy-celesta-4cyc4ht.vercel.app/list-your-park?ref=bradley-outreach,https://temporary-zippy-celesta-4cyc4ht.vercel.app/list-your-park?ref=bradley-outreach
Willow Hill Community,(423) 977-6729,Maryville,TN,114 Mimosa Circle,37801,Blount,"Hi, Bradley with Tread Companies / Trailer Parks calling about Willow Hill Community in Maryville. Free marketplace for park owners — $0 listing fee, $0 success fee. Brokers take ~6%. We've operated 4,000+ spaces. Can I text the link?",Bradley @ Tread Companies / Trailer Parks re Willow Hill Community (Maryville). Free owner marketplace — $0 fees. List in 2 min: https://temporary-zippy-celesta-4cyc4ht.vercel.app/list-your-park?ref=bradley-outreach,https://temporary-zippy-celesta-4cyc4ht.vercel.app/list-your-park?ref=bradley-outreach
Lee Highway Mhp,(423) 479-9833,Mcdonald,TN,3180 South Lee Highway,37353,Bradley,"Hi, Bradley with Tread Companies / Trailer Parks calling about Lee Highway Mhp in Mcdonald. Free marketplace for park owners — $0 listing fee, $0 success fee. Brokers take ~6%. We've operated 4,000+ spaces. Can I text the link?",Bradley @ Tread Companies / Trailer Parks re Lee Highway Mhp (Mcdonald). Free owner marketplace — $0 fees. List in 2 min: https://temporary-zippy-celesta-4cyc4ht.vercel.app/list-your-park?ref=bradley-outreach,https://temporary-zippy-celesta-4cyc4ht.vercel.app/list-your-park?ref=bradley-outreach
Mountain View Mobile Homes,(931) 668-4657,Mcminnville,TN,1350 Viola Road,37110,Warren,"Hi, Bradley with Tread Companies / Trailer Parks calling about Mountain View Mobile Homes in Mcminnville. Free marketplace for park owners — $0 listing fee, $0 success fee. Brokers take ~6%. We've operated 4,000+ spaces. Can I text the link?",Bradley @ Tread Companies / Trailer Parks re Mountain View Mobile Homes (Mcminnville). Free owner marketplace — $0 fees. List in 2 min: https://temporary-zippy-celesta-4cyc4ht.vercel.app/list-your-park?ref=bradley-outreach,https://temporary-zippy-celesta-4cyc4ht.vercel.app/list-your-park?ref=bradley-outreach
Allentown Mobile Home Community,(901) 388-0046,Memphis,TN,4912 Raleigh Millington Road,38128,Shelby,"Hi, Bradley with Tread Companies / Trailer Parks calling about Allentown Mobile Home Community in Memphis. Free marketplace for park owners — $0 listing fee, $0 success fee. Brokers take ~6%. We've operated 4,000+ spaces. Can I text the link?",Bradley @ Tread Companies / Trailer Parks re Allentown Mobile Home Community (Memphis). Free owner marketplace — $0 fees. List in 2 min: https://temporary-zippy-celesta-4cyc4ht.vercel.app/list-your-park?ref=bradley-outreach,https://temporary-zippy-celesta-4cyc4ht.vercel.app/list-your-park?ref=bradley-outreach
Candlelight Park For Mobile,(901) 785-5710,Memphis,TN,296 Western Park Drive,38109,Shelby,"Hi, Bradley with Tread Companies / Trailer Parks calling about Candlelight Park For Mobile in Memphis. Free marketplace for park owners — $0 listing fee, $0 success fee. Brokers take ~6%. We've operated 4,000+ spaces. Can I text the link?",Bradley @ Tread Companies / Trailer Parks re Candlelight Park For Mobile (Memphis). Free owner marketplace — $0 fees. List in 2 min: https://temporary-zippy-celesta-4cyc4ht.vercel.app/list-your-park?ref=bradley-outreach,https://temporary-zippy-celesta-4cyc4ht.vercel.app/list-your-park?ref=bradley-outreach
Green Acres Mhp,(901) 386-2515,Memphis,TN,2710 Whitten Road,38133,Shelby,"Hi, Bradley with Tread Companies / Trailer Parks calling about Green Acres Mhp in Memphis. Free marketplace for park owners — $0 listing fee, $0 success fee. Brokers take ~6%. We've operated 4,000+ spaces. Can I text the link?",Bradley @ Tread Companies / Trailer Parks re Green Acres Mhp (Memphis). Free owner marketplace — $0 fees. List in 2 min: https://temporary-zippy-celesta-4cyc4ht.vercel.app/list-your-park?ref=bradley-outreach,https://temporary-zippy-celesta-4cyc4ht.vercel.app/list-your-park?ref=bradley-outreach
Kingsway Green Mhp,(901) 358-5277,Memphis,TN,4249 North Watkins Street,38127,Shelby,"Hi, Bradley with Tread Companies / Trailer Parks calling about Kingsway Green Mhp in Memphis. Free marketplace for park owners — $0 listing fee, $0 success fee. Brokers take ~6%. We've operated 4,000+ spaces. Can I text the link?",Bradley @ Tread Companies / Trailer Parks re Kingsway Green Mhp (Memphis). Free owner marketplace — $0 fees. List in 2 min: https://temporary-zippy-celesta-4cyc4ht.vercel.app/list-your-park?ref=bradley-outreach,https://temporary-zippy-celesta-4cyc4ht.vercel.app/list-your-park?ref=bradley-outreach
Leahy'S Rec. Vehicle & Trailer Park,(901) 452-7456,Memphis,TN,3070 Summer Avenue,38112,Shelby,"Hi, Bradley with Tread Companies / Trailer Parks calling about Leahy'S Rec. Vehicle & Trailer Park in Memphis. Free marketplace for park owners — $0 listing fee, $0 success fee. Brokers take ~6%. We've operated 4,000+ spaces. Can I text the link?",Bradley @ Tread Companies / Trailer Parks re Leahy'S Rec. Vehicle & Trailer Park (Memphis). Free owner marketplace — $0 fees. List in 2 min: https://temporary-zippy-celesta-4cyc4ht.vercel.app/list-your-park?ref=bradley-outreach,https://temporary-zippy-celesta-4cyc4ht.vercel.app/list-your-park?ref=bradley-outreach
Mary-Ann Mhp,(901) 358-0485,Memphis,TN,1640 Viaduct Roma Drive,38127,Shelby,"Hi, Bradley with Tread Companies / Trailer Parks calling about Mary-Ann Mhp in Memphis. Free marketplace for park owners — $0 listing fee, $0 success fee. Brokers take ~6%. We've operated 4,000+ spaces. Can I text the link?",Bradley @ Tread Companies / Trailer Parks re Mary-Ann Mhp (Memphis). Free owner marketplace — $0 fees. List in 2 min: https://temporary-zippy-celesta-4cyc4ht.vercel.app/list-your-park?ref=bradley-outreach,https://temporary-zippy-celesta-4cyc4ht.vercel.app/list-your-park?ref=bradley-outreach
Memphis Mobile City,(901) 357-0301,Memphis,TN,3898 Thomas Street,38127,Shelby,"Hi, Bradley with Tread Companies / Trailer Parks calling about Memphis Mobile City in Memphis. Free marketplace for park owners — $0 listing fee, $0 success fee. Brokers take ~6%. We've operated 4,000+ spaces. Can I text the link?",Bradley @ Tread Companies / Trailer Parks re Memphis Mobile City (Memphis). Free owner marketplace — $0 fees. List in 2 min: https://temporary-zippy-celesta-4cyc4ht.vercel.app/list-your-park?ref=bradley-outreach,https://temporary-zippy-celesta-4cyc4ht.vercel.app/list-your-park?ref=bradley-outreach
Wheel Estate Mhp,(901) 396-2220,Memphis,TN,1520 East Brooks Road,38116,Shelby,"Hi, Bradley with Tread Companies / Trailer Parks calling about Wheel Estate Mhp in Memphis. Free marketplace for park owners — $0 listing fee, $0 success fee. Brokers take ~6%. We've operated 4,000+ spaces. Can I text the link?",Bradley @ Tread Companies / Trailer Parks re Wheel Estate Mhp (Memphis). Free owner marketplace — $0 fees. List in 2 min: https://temporary-zippy-celesta-4cyc4ht.vercel.app/list-your-park?ref=bradley-outreach,https://temporary-zippy-celesta-4cyc4ht.vercel.app/list-your-park?ref=bradley-outreach
Clayton Mobile Homes,(901) 872-0428,Millington,TN,6334 Dawnhaven Drive,38053,Shelby,"Hi, Bradley with Tread Companies / Trailer Parks calling about Clayton Mobile Homes in Millington. Free marketplace for park owners — $0 listing fee, $0 success fee. Brokers take ~6%. We've operated 4,000+ spaces. Can I text the link?",Bradley @ Tread Companies / Trailer Parks re Clayton Mobile Homes (Millington). Free owner marketplace — $0 fees. List in 2 min: https://temporary-zippy-celesta-4cyc4ht.vercel.app/list-your-park?ref=bradley-outreach,https://temporary-zippy-celesta-4cyc4ht.vercel.app/list-your-park?ref=bradley-outreach
Shady Oaks Mobile Home & Rec. Vehicle,(901) 872-3168,Millington,TN,7860 Raleigh Millington Road,38053,Shelby,"Hi, Bradley with Tread Companies / Trailer Parks calling about Shady Oaks Mobile Home & Rec. Vehicle in Millington. Free marketplace for park owners — $0 listing fee, $0 success fee. Brokers take ~6%. We've operated 4,000+ spaces. Can I text the link?",Bradley @ Tread Companies / Trailer Parks re Shady Oaks Mobile Home & Rec. Vehicle (Millington). Free owner marketplace — $0 fees. List in 2 min: https://temporary-zippy-celesta-4cyc4ht.vercel.app/list-your-park?ref=bradley-outreach,https://temporary-zippy-celesta-4cyc4ht.vercel.app/list-your-park?ref=bradley-outreach
Ball Trailer Parks,(423) 586-4966,Morristown,TN,4471 East Andrew Johnson Highway,37814,Hamblen,"Hi, Bradley with Tread Companies / Trailer Parks calling about Ball Trailer Parks in Morristown. Free marketplace for park owners — $0 listing fee, $0 success fee. Brokers take ~6%. We've operated 4,000+ spaces. Can I text the link?",Bradley @ Tread Companies / Trailer Parks re Ball Trailer Parks (Morristown). Free owner marketplace — $0 fees. List in 2 min: https://temporary-zippy-celesta-4cyc4ht.vercel.app/list-your-park?ref=bradley-outreach,https://temporary-zippy-celesta-4cyc4ht.vercel.app/list-your-park?ref=bradley-outreach
Crestmore Mhp Inc,(423) 586-9484,Morristown,TN,1905 Buffalo Trail,37814,Hamblen,"Hi, Bradley with Tread Companies / Trailer Parks calling about Crestmore Mhp Inc in Morristown. Free marketplace for park owners — $0 listing fee, $0 success fee. Brokers take ~6%. We've operated 4,000+ spaces. Can I text the link?",Bradley @ Tread Companies / Trailer Parks re Crestmore Mhp Inc (Morristown). Free owner marketplace — $0 fees. List in 2 min: https://temporary-zippy-celesta-4cyc4ht.vercel.app/list-your-park?ref=bradley-outreach,https://temporary-zippy-celesta-4cyc4ht.vercel.app/list-your-park?ref=bradley-outreach
Eastwood Park,(423) 581-4480,Morristown,TN,807 Eastwood Circle,37814,Hamblen,"Hi, Bradley with Tread Companies / Trailer Parks calling about Eastwood Park in Morristown. Free marketplace for park owners — $0 listing fee, $0 success fee. Brokers take ~6%. We've operated 4,000+ spaces. Can I text the link?",Bradley @ Tread Companies / Trailer Parks re Eastwood Park (Morristown). Free owner marketplace — $0 fees. List in 2 min: https://temporary-zippy-celesta-4cyc4ht.vercel.app/list-your-park?ref=bradley-outreach,https://temporary-zippy-celesta-4cyc4ht.vercel.app/list-your-park?ref=bradley-outreach
Grooms Trailer Park,(423) 586-3217,Morristown,TN,508 Thompson Creek Road,37813,Hamblen,"Hi, Bradley with Tread Companies / Trailer Parks calling about Grooms Trailer Park in Morristown. Free marketplace for park owners — $0 listing fee, $0 success fee. Brokers take ~6%. We've operated 4,000+ spaces. Can I text the link?",Bradley @ Tread Companies / Trailer Parks re Grooms Trailer Park (Morristown). Free owner marketplace — $0 fees. List in 2 min: https://temporary-zippy-celesta-4cyc4ht.vercel.app/list-your-park?ref=bradley-outreach,https://temporary-zippy-celesta-4cyc4ht.vercel.app/list-your-park?ref=bradley-outreach
Liberty Hill Mhp,(423) 586-3876,Morristown,TN,2938 Fish Hatchery Road,37813,Hamblen,"Hi, Bradley with Tread Companies / Trailer Parks calling about Liberty Hill Mhp in Morristown. Free marketplace for park owners — $0 listing fee, $0 success fee. Brokers take ~6%. We've operated 4,000+ spaces. Can I text the link?",Bradley @ Tread Companies / Trailer Parks re Liberty Hill Mhp (Morristown). Free owner marketplace — $0 fees. List in 2 min: https://temporary-zippy-celesta-4cyc4ht.vercel.app/list-your-park?ref=bradley-outreach,https://temporary-zippy-celesta-4cyc4ht.vercel.app/list-your-park?ref=bradley-outreach
West Side Mobile Home Court,(423) 581-0765,Morristown,TN,711 Central Church Road,37814,Hamblen,"Hi, Bradley with Tread Companies / Trailer Parks calling about West Side Mobile Home Court in Morristown. Free marketplace for park owners — $0 listing fee, $0 success fee. Brokers take ~6%. We've operated 4,000+ spaces. Can I text the link?",Bradley @ Tread Companies / Trailer Parks re West Side Mobile Home Court (Morristown). Free owner marketplace — $0 fees. List in 2 min: https://temporary-zippy-celesta-4cyc4ht.vercel.app/list-your-park?ref=bradley-outreach,https://temporary-zippy-celesta-4cyc4ht.vercel.app/list-your-park?ref=bradley-outreach
Stonegate Mobile Home Community,(615) 758-2219,Mount Juliet,TN,291 North Mount Juliet Road,37122,Wilson,"Hi, Bradley with Tread Companies / Trailer Parks calling about Stonegate Mobile Home Community in Mount Juliet. Free marketplace for park owners — $0 listing fee, $0 success fee. Brokers take ~6%. We've operated 4,000+ spaces. Can I text the link?",Bradley @ Tread Companies / Trailer Parks re Stonegate Mobile Home Community (Mount Juliet). Free owner marketplace — $0 fees. List in 2 min: https://temporary-zippy-celesta-4cyc4ht.vercel.app/list-your-park?ref=bradley-outreach,https://temporary-zippy-celesta-4cyc4ht.vercel.app/list-your-park?ref=bradley-outreach
Cedar Park Mobile Estates,(615) 893-1400,Murfreesboro,TN,1706 North Tennessee Boulevard,37130,Rutherford,"Hi, Bradley with Tread Companies / Trailer Parks calling about Cedar Park Mobile Estates in Murfreesboro. Free marketplace for park owners — $0 listing fee, $0 success fee. Brokers take ~6%. We've operated 4,000+ spaces. Can I text the link?",Bradley @ Tread Companies / Trailer Parks re Cedar Park Mobile Estates (Murfreesboro). Free owner marketplace — $0 fees. List in 2 min: https://temporary-zippy-celesta-4cyc4ht.vercel.app/list-your-park?ref=bradley-outreach,https://temporary-zippy-celesta-4cyc4ht.vercel.app/list-your-park?ref=bradley-outreach
Farrer Brothers Properties,(615) 893-8860,Murfreesboro,TN,1122 Brinkley Road,37129,Rutherford,"Hi, Bradley with Tread Companies / Trailer Parks calling about Farrer Brothers Properties in Murfreesboro. Free marketplace for park owners — $0 listing fee, $0 success fee. Brokers take ~6%. We've operated 4,000+ spaces. Can I text the link?",Bradley @ Tread Companies / Trailer Parks re Farrer Brothers Properties (Murfreesboro). Free owner marketplace — $0 fees. List in 2 min: https://temporary-zippy-celesta-4cyc4ht.vercel.app/list-your-park?ref=bradley-outreach,https://temporary-zippy-celesta-4cyc4ht.vercel.app/list-your-park?ref=bradley-outreach
Hale'S Trailer Court,(615) 896-0341,Murfreesboro,TN,1202 West Lokey Avenue,37129,Rutherford,"Hi, Bradley with Tread Companies / Trailer Parks calling about Hale'S Trailer Court in Murfreesboro. Free marketplace for park owners — $0 listing fee, $0 success fee. Brokers take ~6%. We've operated 4,000+ spaces. Can I text the link?",Bradley @ Tread Companies / Trailer Parks re Hale'S Trailer Court (Murfreesboro). Free owner marketplace — $0 fees. List in 2 min: https://temporary-zippy-celesta-4cyc4ht.vercel.app/list-your-park?ref=bradley-outreach,https://temporary-zippy-celesta-4cyc4ht.vercel.app/list-your-park?ref=bradley-outreach
Jim'S Mhp,(615) 898-1932,Murfreesboro,TN,1420 West College Street,37129,Rutherford,"Hi, Bradley with Tread Companies / Trailer Parks calling about Jim'S Mhp in Murfreesboro. Free marketplace for park owners — $0 listing fee, $0 success fee. Brokers take ~6%. We've operated 4,000+ spaces. Can I text the link?",Bradley @ Tread Companies / Trailer Parks re Jim'S Mhp (Murfreesboro). Free owner marketplace — $0 fees. List in 2 min: https://temporary-zippy-celesta-4cyc4ht.vercel.app/list-your-park?ref=bradley-outreach,https://temporary-zippy-celesta-4cyc4ht.vercel.app/list-your-park?ref=bradley-outreach
Reynolds Mhp,(615) 896-5681,Murfreesboro,TN,5001 Old Nashville Highway,37129,Rutherford,"Hi, Bradley with Tread Companies / Trailer Parks calling about Reynolds Mhp in Murfreesboro. Free marketplace for park owners — $0 listing fee, $0 success fee. Brokers take ~6%. We've operated 4,000+ spaces. Can I text the link?",Bradley @ Tread Companies / Trailer Parks re Reynolds Mhp (Murfreesboro). Free owner marketplace — $0 fees. List in 2 min: https://temporary-zippy-celesta-4cyc4ht.vercel.app/list-your-park?ref=bradley-outreach,https://temporary-zippy-celesta-4cyc4ht.vercel.app/list-your-park?ref=bradley-outreach
Debusk Trailer Park,(615) 943-6771,Nashville,TN,622 Croley Drive,37209,Davidson,"Hi, Bradley with Tread Companies / Trailer Parks calling about Debusk Trailer Park in Nashville. Free marketplace for park owners — $0 listing fee, $0 success fee. Brokers take ~6%. We've operated 4,000+ spaces. Can I text the link?",Bradley @ Tread Companies / Trailer Parks re Debusk Trailer Park (Nashville). Free owner marketplace — $0 fees. List in 2 min: https://temporary-zippy-celesta-4cyc4ht.vercel.app/list-your-park?ref=bradley-outreach,https://temporary-zippy-celesta-4cyc4ht.vercel.app/list-your-park?ref=bradley-outreach
Holiday Mobile Village,(615) 262-3853,Nashville,TN,201 Grizzard Avenue,37207,Davidson,"Hi, Bradley with Tread Companies / Trailer Parks calling about Holiday Mobile Village in Nashville. Free marketplace for park owners — $0 listing fee, $0 success fee. Brokers take ~6%. We've operated 4,000+ spaces. Can I text the link?",Bradley @ Tread Companies / Trailer Parks re Holiday Mobile Village (Nashville). Free owner marketplace — $0 fees. List in 2 min: https://temporary-zippy-celesta-4cyc4ht.vercel.app/list-your-park?ref=bradley-outreach,https://temporary-zippy-celesta-4cyc4ht.vercel.app/list-your-park?ref=bradley-outreach
King'S Court,(615) 262-1561,Nashville,TN,2712 Dickerson Road,37207,Davidson,"Hi, Bradley with Tread Companies / Trailer Parks calling about King'S Court in Nashville. Free marketplace for park owners — $0 listing fee, $0 success fee. Brokers take ~6%. We've operated 4,000+ spaces. Can I text the link?",Bradley @ Tread Companies / Trailer Parks re King'S Court (Nashville). Free owner marketplace — $0 fees. List in 2 min: https://temporary-zippy-celesta-4cyc4ht.vercel.app/list-your-park?ref=bradley-outreach,https://temporary-zippy-celesta-4cyc4ht.vercel.app/list-your-park?ref=bradley-outreach
Meridian Mhp,(615) 227-1159,Nashville,TN,1801 Meridian Street,37207,Davidson,"Hi, Bradley with Tread Companies / Trailer Parks calling about Meridian Mhp in Nashville. Free marketplace for park owners — $0 listing fee, $0 success fee. Brokers take ~6%. We've operated 4,000+ spaces. Can I text the link?",Bradley @ Tread Companies / Trailer Parks re Meridian Mhp (Nashville). Free owner marketplace — $0 fees. List in 2 min: https://temporary-zippy-celesta-4cyc4ht.vercel.app/list-your-park?ref=bradley-outreach,https://temporary-zippy-celesta-4cyc4ht.vercel.app/list-your-park?ref=bradley-outreach
Murfreesboro Road Trailer Park,(615) 242-8154,Nashville,TN,631 Murfreesboro Road,37210,Davidson,"Hi, Bradley with Tread Companies / Trailer Parks calling about Murfreesboro Road Trailer Park in Nashville. Free marketplace for park owners — $0 listing fee, $0 success fee. Brokers take ~6%. We've operated 4,000+ spaces. Can I text the link?",Bradley @ Tread Companies / Trailer Parks re Murfreesboro Road Trailer Park (Nashville). Free owner marketplace — $0 fees. List in 2 min: https://temporary-zippy-celesta-4cyc4ht.vercel.app/list-your-park?ref=bradley-outreach,https://temporary-zippy-celesta-4cyc4ht.vercel.app/list-your-park?ref=bradley-outreach
Rainbow Village Mhp,(615) 227-2999,Nashville,TN,2907 Dickerson Road,37207,Davidson,"Hi, Bradley with Tread Companies / Trailer Parks calling about Rainbow Village Mhp in Nashville. Free marketplace for park owners — $0 listing fee, $0 success fee. Brokers take ~6%. We've operated 4,000+ spaces. Can I text the link?",Bradley @ Tread Companies / Trailer Parks re Rainbow Village Mhp (Nashville). Free owner marketplace — $0 fees. List in 2 min: https://temporary-zippy-celesta-4cyc4ht.vercel.app/list-your-park?ref=bradley-outreach,https://temporary-zippy-celesta-4cyc4ht.vercel.app/list-your-park?ref=bradley-outreach
Ranchwood Mhp,(615) 228-0606,Nashville,TN,2510 Dickerson Road,37207,Davidson,"Hi, Bradley with Tread Companies / Trailer Parks calling about Ranchwood Mhp in Nashville. Free marketplace for park owners — $0 listing fee, $0 success fee. Brokers take ~6%. We've operated 4,000+ spaces. Can I text the link?",Bradley @ Tread Companies / Trailer Parks re Ranchwood Mhp (Nashville). Free owner marketplace — $0 fees. List in 2 min: https://temporary-zippy-celesta-4cyc4ht.vercel.app/list-your-park?ref=bradley-outreach,https://temporary-zippy-celesta-4cyc4ht.vercel.app/list-your-park?ref=bradley-outreach
Shady Hill Mhp,(615) 262-3446,Nashville,TN,1508 Dickerson Road,37207,Davidson,"Hi, Bradley with Tread Companies / Trailer Parks calling about Shady Hill Mhp in Nashville. Free marketplace for park owners — $0 listing fee, $0 success fee. Brokers take ~6%. We've operated 4,000+ spaces. Can I text the link?",Bradley @ Tread Companies / Trailer Parks re Shady Hill Mhp (Nashville). Free owner marketplace — $0 fees. List in 2 min: https://temporary-zippy-celesta-4cyc4ht.vercel.app/list-your-park?ref=bradley-outreach,https://temporary-zippy-celesta-4cyc4ht.vercel.app/list-your-park?ref=bradley-outreach
Traveler'S Court,(615) 361-1718,Nashville,TN,2615 Murfreesboro Rd,37217,Davidson,"Hi, Bradley with Tread Companies / Trailer Parks calling about Traveler'S Court in Nashville. Free marketplace for park owners — $0 listing fee, $0 success fee. Brokers take ~6%. We've operated 4,000+ spaces. Can I text the link?",Bradley @ Tread Companies / Trailer Parks re Traveler'S Court (Nashville). Free owner marketplace — $0 fees. List in 2 min: https://temporary-zippy-celesta-4cyc4ht.vercel.app/list-your-park?ref=bradley-outreach,https://temporary-zippy-celesta-4cyc4ht.vercel.app/list-your-park?ref=bradley-outreach
Village Hills Mobile Home Community,(615) 868-6666,Nashville,TN,3701 Dickerson Road,37207,Davidson,"Hi, Bradley with Tread Companies / Trailer Parks calling about Village Hills Mobile Home Community in Nashville. Free marketplace for park owners — $0 listing fee, $0 success fee. Brokers take ~6%. We've operated 4,000+ spaces. Can I text the link?",Bradley @ Tread Companies / Trailer Parks re Village Hills Mobile Home Community (Nashville). Free owner marketplace — $0 fees. List in 2 min: https://temporary-zippy-celesta-4cyc4ht.vercel.app/list-your-park?ref=bradley-outreach,https://temporary-zippy-celesta-4cyc4ht.vercel.app/list-your-park?ref=bradley-outreach
J'Ville Trailer Park,(931) 535-2736,New Johnsonville,TN,1060 Broadway Avenue,37134,Humphreys,"Hi, Bradley with Tread Companies / Trailer Parks calling about J'Ville Trailer Park in New Johnsonville. Free marketplace for park owners — $0 listing fee, $0 success fee. Brokers take ~6%. We've operated 4,000+ spaces. Can I text the link?",Bradley @ Tread Companies / Trailer Parks re J'Ville Trailer Park (New Johnsonville). Free owner marketplace — $0 fees. List in 2 min: https://temporary-zippy-celesta-4cyc4ht.vercel.app/list-your-park?ref=bradley-outreach,https://temporary-zippy-celesta-4cyc4ht.vercel.app/list-your-park?ref=bradley-outreach
Ben'S Home Center,(423) 625-8002,Newport,TN,950 West Highway 25 70,37821,Cocke,"Hi, Bradley with Tread Companies / Trailer Parks calling about Ben'S Home Center in Newport. Free marketplace for park owners — $0 listing fee, $0 success fee. Brokers take ~6%. We've operated 4,000+ spaces. Can I text the link?",Bradley @ Tread Companies / Trailer Parks re Ben'S Home Center (Newport). Free owner marketplace — $0 fees. List in 2 min: https://temporary-zippy-celesta-4cyc4ht.vercel.app/list-your-park?ref=bradley-outreach,https://temporary-zippy-celesta-4cyc4ht.vercel.app/list-your-park?ref=bradley-outreach
Maple Ridge Place,(423) 625-0889,Newport,TN,1146 Maple Ridge Way,37821,Cocke,"Hi, Bradley with Tread Companies / Trailer Parks calling about Maple Ridge Place in Newport. Free marketplace for park owners — $0 listing fee, $0 success fee. Brokers take ~6%. We've operated 4,000+ spaces. Can I text the link?",Bradley @ Tread Companies / Trailer Parks re Maple Ridge Place (Newport). Free owner marketplace — $0 fees. List in 2 min: https://temporary-zippy-celesta-4cyc4ht.vercel.app/list-your-park?ref=bradley-outreach,https://temporary-zippy-celesta-4cyc4ht.vercel.app/list-your-park?ref=bradley-outreach
Cedarview Family Community,(865) 494-9772,Norris,TN,114 Bethel Rd,37716,Anderson,"Hi, Bradley with Tread Companies / Trailer Parks calling about Cedarview Family Community in Norris. Free marketplace for park owners — $0 listing fee, $0 success fee. Brokers take ~6%. We've operated 4,000+ spaces. Can I text the link?",Bradley @ Tread Companies / Trailer Parks re Cedarview Family Community (Norris). Free owner marketplace — $0 fees. List in 2 min: https://temporary-zippy-celesta-4cyc4ht.vercel.app/list-your-park?ref=bradley-outreach,https://temporary-zippy-celesta-4cyc4ht.vercel.app/list-your-park?ref=bradley-outreach
Atoka Mobile Home Park,(901) 331-3326,Not Available,TN,Not Available,NOT AVAILABLE,Tipton,"Hi, Bradley with Tread Companies / Trailer Parks calling about Atoka Mobile Home Park in Not Available. Free marketplace for park owners — $0 listing fee, $0 success fee. Brokers take ~6%. We've operated 4,000+ spaces. Can I text the link?",Bradley @ Tread Companies / Trailer Parks re Atoka Mobile Home Park (Not Available). Free owner marketplace — $0 fees. List in 2 min: https://temporary-zippy-celesta-4cyc4ht.vercel.app/list-your-park?ref=bradley-outreach,https://temporary-zippy-celesta-4cyc4ht.vercel.app/list-your-park?ref=bradley-outreach
Cottages At Bear Hollow,(931) 924-7275,Not Available,TN,Not Available,NOT AVAILABLE,Grundy,"Hi, Bradley with Tread Companies / Trailer Parks calling about Cottages At Bear Hollow in Not Available. Free marketplace for park owners — $0 listing fee, $0 success fee. Brokers take ~6%. We've operated 4,000+ spaces. Can I text the link?",Bradley @ Tread Companies / Trailer Parks re Cottages At Bear Hollow (Not Available). Free owner marketplace — $0 fees. List in 2 min: https://temporary-zippy-celesta-4cyc4ht.vercel.app/list-your-park?ref=bradley-outreach,https://temporary-zippy-celesta-4cyc4ht.vercel.app/list-your-park?ref=bradley-outreach
Lenoir Mobile Home Park,(865) 986-5605,Not Available,TN,Not Available,NOT AVAILABLE,Loudon,"Hi, Bradley with Tread Companies / Trailer Parks calling about Lenoir Mobile Home Park in Not Available. Free marketplace for park owners — $0 listing fee, $0 success fee. Brokers take ~6%. We've operated 4,000+ spaces. Can I text the link?",Bradley @ Tread Companies / Trailer Parks re Lenoir Mobile Home Park (Not Available). Free owner marketplace — $0 fees. List in 2 min: https://temporary-zippy-celesta-4cyc4ht.vercel.app/list-your-park?ref=bradley-outreach,https://temporary-zippy-celesta-4cyc4ht.vercel.app/list-your-park?ref=bradley-outreach
Neighborhood Mobile Home Park,(423) 235-2593,Not Available,TN,217 Stanley Valley Rd,NOT AVAILABLE,Hawkins,"Hi, Bradley with Tread Companies / Trailer Parks calling about Neighborhood Mobile Home Park in Not Available. Free marketplace for park owners — $0 listing fee, $0 success fee. Brokers take ~6%. We've operated 4,000+ spaces. Can I text the link?",Bradley @ Tread Companies / Trailer Parks re Neighborhood Mobile Home Park (Not Available). Free owner marketplace — $0 fees. List in 2 min: https://temporary-zippy-celesta-4cyc4ht.vercel.app/list-your-park?ref=bradley-outreach,https://temporary-zippy-celesta-4cyc4ht.vercel.app/list-your-park?ref=bradley-outreach
Pleasant View Ii,(931) 652-0019,Not Available,TN,Not Available,NOT AVAILABLE,Lincoln,"Hi, Bradley with Tread Companies / Trailer Parks calling about Pleasant View Ii in Not Available. Free marketplace for park owners — $0 listing fee, $0 success fee. Brokers take ~6%. We've operated 4,000+ spaces. Can I text the link?",Bradley @ Tread Companies / Trailer Parks re Pleasant View Ii (Not Available). Free owner marketplace — $0 fees. List in 2 min: https://temporary-zippy-celesta-4cyc4ht.vercel.app/list-your-park?ref=bradley-outreach,https://temporary-zippy-celesta-4cyc4ht.vercel.app/list-your-park?ref=bradley-outreach
Grindstone Estates Mobile Home,(423) 396-2886,Ooltewah,TN,5657 Tallant Road,37363,Hamilton,"Hi, Bradley with Tread Companies / Trailer Parks calling about Grindstone Estates Mobile Home in Ooltewah. Free marketplace for park owners — $0 listing fee, $0 success fee. Brokers take ~6%. We've operated 4,000+ spaces. Can I text the link?",Bradley @ Tread Companies / Trailer Parks re Grindstone Estates Mobile Home (Ooltewah). Free owner marketplace — $0 fees. List in 2 min: https://temporary-zippy-celesta-4cyc4ht.vercel.app/list-your-park?ref=bradley-outreach,https://temporary-zippy-celesta-4cyc4ht.vercel.app/list-your-park?ref=bradley-outreach
Pondarosa Pines Mobile Home,(423) 476-9485,Ooltewah,TN,8109 Sue Drive,37363,Hamilton,"Hi, Bradley with Tread Companies / Trailer Parks calling about Pondarosa Pines Mobile Home in Ooltewah. Free marketplace for park owners — $0 listing fee, $0 success fee. Brokers take ~6%. We've operated 4,000+ spaces. Can I text the link?",Bradley @ Tread Companies / Trailer Parks re Pondarosa Pines Mobile Home (Ooltewah). Free owner marketplace — $0 fees. List in 2 min: https://temporary-zippy-celesta-4cyc4ht.vercel.app/list-your-park?ref=bradley-outreach,https://temporary-zippy-celesta-4cyc4ht.vercel.app/list-your-park?ref=bradley-outreach
Tall Oaks Mhp,(423) 899-2780,Ooltewah,TN,4111 Pattentown Road,37363,Hamilton,"Hi, Bradley with Tread Companies / Trailer Parks calling about Tall Oaks Mhp in Ooltewah. Free marketplace for park owners — $0 listing fee, $0 success fee. Brokers take ~6%. We've operated 4,000+ spaces. Can I text the link?",Bradley @ Tread Companies / Trailer Parks re Tall Oaks Mhp (Ooltewah). Free owner marketplace — $0 fees. List in 2 min: https://temporary-zippy-celesta-4cyc4ht.vercel.app/list-your-park?ref=bradley-outreach,https://temporary-zippy-celesta-4cyc4ht.vercel.app/list-your-park?ref=bradley-outreach
Lone Oak Village Mobile Home,(901) 642-1930,Paris,TN,1202 Lone Oak Road,38242,Henry,"Hi, Bradley with Tread Companies / Trailer Parks calling about Lone Oak Village Mobile Home in Paris. Free marketplace for park owners — $0 listing fee, $0 success fee. Brokers take ~6%. We've operated 4,000+ spaces. Can I text the link?",Bradley @ Tread Companies / Trailer Parks re Lone Oak Village Mobile Home (Paris). Free owner marketplace — $0 fees. List in 2 min: https://temporary-zippy-celesta-4cyc4ht.vercel.app/list-your-park?ref=bradley-outreach,https://temporary-zippy-celesta-4cyc4ht.vercel.app/list-your-park?ref=bradley-outreach
Mc Clain'S Mhp,(901) 642-9050,Paris,TN,716 Memorial Drive,38242,Henry,"Hi, Bradley with Tread Companies / Trailer Parks calling about Mc Clain'S Mhp in Paris. Free marketplace for park owners — $0 listing fee, $0 success fee. Brokers take ~6%. We've operated 4,000+ spaces. Can I text the link?",Bradley @ Tread Companies / Trailer Parks re Mc Clain'S Mhp (Paris). Free owner marketplace — $0 fees. List in 2 min: https://temporary-zippy-celesta-4cyc4ht.vercel.app/list-your-park?ref=bradley-outreach,https://temporary-zippy-celesta-4cyc4ht.vercel.app/list-your-park?ref=bradley-outreach
Grand Oaks Mhp,(423) 938-4055,Powell,TN,7804 Stanley Road,37849,Knox,"Hi, Bradley with Tread Companies / Trailer Parks calling about Grand Oaks Mhp in Powell. Free marketplace for park owners — $0 listing fee, $0 success fee. Brokers take ~6%. We've operated 4,000+ spaces. Can I text the link?",Bradley @ Tread Companies / Trailer Parks re Grand Oaks Mhp (Powell). Free owner marketplace — $0 fees. List in 2 min: https://temporary-zippy-celesta-4cyc4ht.vercel.app/list-your-park?ref=bradley-outreach,https://temporary-zippy-celesta-4cyc4ht.vercel.app/list-your-park?ref=bradley-outreach
Green Acres Mhp,(423) 938-4736,Powell,TN,7204 Larkspur Lane,37849,Knox,"Hi, Bradley with Tread Companies / Trailer Parks calling about Green Acres Mhp in Powell. Free marketplace for park owners — $0 listing fee, $0 success fee. Brokers take ~6%. We've operated 4,000+ spaces. Can I text the link?",Bradley @ Tread Companies / Trailer Parks re Green Acres Mhp (Powell). Free owner marketplace — $0 fees. List in 2 min: https://temporary-zippy-celesta-4cyc4ht.vercel.app/list-your-park?ref=bradley-outreach,https://temporary-zippy-celesta-4cyc4ht.vercel.app/list-your-park?ref=bradley-outreach
Impala Mhp,(423) 938-8742,Powell,TN,7634 Clinton Highway,37849,Knox,"Hi, Bradley with Tread Companies / Trailer Parks calling about Impala Mhp in Powell. Free marketplace for park owners — $0 listing fee, $0 success fee. Brokers take ~6%. We've operated 4,000+ spaces. Can I text the link?",Bradley @ Tread Companies / Trailer Parks re Impala Mhp (Powell). Free owner marketplace — $0 fees. List in 2 min: https://temporary-zippy-celesta-4cyc4ht.vercel.app/list-your-park?ref=bradley-outreach,https://temporary-zippy-celesta-4cyc4ht.vercel.app/list-your-park?ref=bradley-outreach
Twi Lite Zone Mhp,(423) 945-3548,Powell,TN,152 Solar Circle,37849,Anderson,"Hi, Bradley with Tread Companies / Trailer Parks calling about Twi Lite Zone Mhp in Powell. Free marketplace for park owners — $0 listing fee, $0 success fee. Brokers take ~6%. We've operated 4,000+ spaces. Can I text the link?",Bradley @ Tread Companies / Trailer Parks re Twi Lite Zone Mhp (Powell). Free owner marketplace — $0 fees. List in 2 min: https://temporary-zippy-celesta-4cyc4ht.vercel.app/list-your-park?ref=bradley-outreach,https://temporary-zippy-celesta-4cyc4ht.vercel.app/list-your-park?ref=bradley-outreach
Wendell Acres Company,(931) 424-3364,Pulaski,TN,Wendell Acres Trailer Park,38478,Giles,"Hi, Bradley with Tread Companies / Trailer Parks calling about Wendell Acres Company in Pulaski. Free marketplace for park owners — $0 listing fee, $0 success fee. Brokers take ~6%. We've operated 4,000+ spaces. Can I text the link?",Bradley @ Tread Companies / Trailer Parks re Wendell Acres Company (Pulaski). Free owner marketplace — $0 fees. List in 2 min: https://temporary-zippy-celesta-4cyc4ht.vercel.app/list-your-park?ref=bradley-outreach,https://temporary-zippy-celesta-4cyc4ht.vercel.app/list-your-park?ref=bradley-outreach
Measels Terrace View Estates,(931) 668-8778,Rock Island,TN,261 Park Drive,38581,Warren,"Hi, Bradley with Tread Companies / Trailer Parks calling about Measels Terrace View Estates in Rock Island. Free marketplace for park owners — $0 listing fee, $0 success fee. Brokers take ~6%. We've operated 4,000+ spaces. Can I text the link?",Bradley @ Tread Companies / Trailer Parks re Measels Terrace View Estates (Rock Island). Free owner marketplace — $0 fees. List in 2 min: https://temporary-zippy-celesta-4cyc4ht.vercel.app/list-your-park?ref=bradley-outreach,https://temporary-zippy-celesta-4cyc4ht.vercel.app/list-your-park?ref=bradley-outreach
Harrison Trailer Park,(423) 332-1305,Sale Creek,TN,13509 Dayton Pike,37373,Hamilton,"Hi, Bradley with Tread Companies / Trailer Parks calling about Harrison Trailer Park in Sale Creek. Free marketplace for park owners — $0 listing fee, $0 success fee. Brokers take ~6%. We've operated 4,000+ spaces. Can I text the link?",Bradley @ Tread Companies / Trailer Parks re Harrison Trailer Park (Sale Creek). Free owner marketplace — $0 fees. List in 2 min: https://temporary-zippy-celesta-4cyc4ht.vercel.app/list-your-park?ref=bradley-outreach,https://temporary-zippy-celesta-4cyc4ht.vercel.app/list-your-park?ref=bradley-outreach
Fritzsche Mobile Homes Park,(931) 684-7739,Shelbyville,TN,602 East Lane Street,37160,Bedford,"Hi, Bradley with Tread Companies / Trailer Parks calling about Fritzsche Mobile Homes Park in Shelbyville. Free marketplace for park owners — $0 listing fee, $0 success fee. Brokers take ~6%. We've operated 4,000+ spaces. Can I text the link?",Bradley @ Tread Companies / Trailer Parks re Fritzsche Mobile Homes Park (Shelbyville). Free owner marketplace — $0 fees. List in 2 min: https://temporary-zippy-celesta-4cyc4ht.vercel.app/list-your-park?ref=bradley-outreach,https://temporary-zippy-celesta-4cyc4ht.vercel.app/list-your-park?ref=bradley-outreach
Madison Street Trailer Park,(931) 685-4742,Shelbyville,TN,1617 Madison Street,37160,Bedford,"Hi, Bradley with Tread Companies / Trailer Parks calling about Madison Street Trailer Park in Shelbyville. Free marketplace for park owners — $0 listing fee, $0 success fee. Brokers take ~6%. We've operated 4,000+ spaces. Can I text the link?",Bradley @ Tread Companies / Trailer Parks re Madison Street Trailer Park (Shelbyville). Free owner marketplace — $0 fees. List in 2 min: https://temporary-zippy-celesta-4cyc4ht.vercel.app/list-your-park?ref=bradley-outreach,https://temporary-zippy-celesta-4cyc4ht.vercel.app/list-your-park?ref=bradley-outreach
Oakwood Grove,(931) 684-1444,Shelbyville,TN,48 King Arthur Ct,37160,Bedford,"Hi, Bradley with Tread Companies / Trailer Parks calling about Oakwood Grove in Shelbyville. Free marketplace for park owners — $0 listing fee, $0 success fee. Brokers take ~6%. We've operated 4,000+ spaces. Can I text the link?",Bradley @ Tread Companies / Trailer Parks re Oakwood Grove (Shelbyville). Free owner marketplace — $0 fees. List in 2 min: https://temporary-zippy-celesta-4cyc4ht.vercel.app/list-your-park?ref=bradley-outreach,https://temporary-zippy-celesta-4cyc4ht.vercel.app/list-your-park?ref=bradley-outreach
Fairway Mhp,(615) 459-6102,Smyrna,TN,500 Sam Davis Road,37167,Rutherford,"Hi, Bradley with Tread Companies / Trailer Parks calling about Fairway Mhp in Smyrna. Free marketplace for park owners — $0 listing fee, $0 success fee. Brokers take ~6%. We've operated 4,000+ spaces. Can I text the link?",Bradley @ Tread Companies / Trailer Parks re Fairway Mhp (Smyrna). Free owner marketplace — $0 fees. List in 2 min: https://temporary-zippy-celesta-4cyc4ht.vercel.app/list-your-park?ref=bradley-outreach,https://temporary-zippy-celesta-4cyc4ht.vercel.app/list-your-park?ref=bradley-outreach
Maple Manor,(615) 459-0090,Smyrna,TN,312 Maple Street,37167,Rutherford,"Hi, Bradley with Tread Companies / Trailer Parks calling about Maple Manor in Smyrna. Free marketplace for park owners — $0 listing fee, $0 success fee. Brokers take ~6%. We've operated 4,000+ spaces. Can I text the link?",Bradley @ Tread Companies / Trailer Parks re Maple Manor (Smyrna). Free owner marketplace — $0 fees. List in 2 min: https://temporary-zippy-celesta-4cyc4ht.vercel.app/list-your-park?ref=bradley-outreach,https://temporary-zippy-celesta-4cyc4ht.vercel.app/list-your-park?ref=bradley-outreach
Hidden Hills Estates,(423) 843-1476,Soddy-Daisy,TN,9607 Barbee Road,37379,Hamilton,"Hi, Bradley with Tread Companies / Trailer Parks calling about Hidden Hills Estates in Soddy-Daisy. Free marketplace for park owners — $0 listing fee, $0 success fee. Brokers take ~6%. We've operated 4,000+ spaces. Can I text the link?",Bradley @ Tread Companies / Trailer Parks re Hidden Hills Estates (Soddy-Daisy). Free owner marketplace — $0 fees. List in 2 min: https://temporary-zippy-celesta-4cyc4ht.vercel.app/list-your-park?ref=bradley-outreach,https://temporary-zippy-celesta-4cyc4ht.vercel.app/list-your-park?ref=bradley-outreach
Mimosa Trailer Park,(423) 332-2323,Soddy-Daisy,TN,8783 Dayton Pike,37379,Hamilton,"Hi, Bradley with Tread Companies / Trailer Parks calling about Mimosa Trailer Park in Soddy-Daisy. Free marketplace for park owners — $0 listing fee, $0 success fee. Brokers take ~6%. We've operated 4,000+ spaces. Can I text the link?",Bradley @ Tread Companies / Trailer Parks re Mimosa Trailer Park (Soddy-Daisy). Free owner marketplace — $0 fees. List in 2 min: https://temporary-zippy-celesta-4cyc4ht.vercel.app/list-your-park?ref=bradley-outreach,https://temporary-zippy-celesta-4cyc4ht.vercel.app/list-your-park?ref=bradley-outreach
Mountain Shade Mhp,(423) 332-3233,Soddy-Daisy,TN,309 Walmart Drive,37379,Hamilton,"Hi, Bradley with Tread Companies / Trailer Parks calling about Mountain Shade Mhp in Soddy-Daisy. Free marketplace for park owners — $0 listing fee, $0 success fee. Brokers take ~6%. We've operated 4,000+ spaces. Can I text the link?",Bradley @ Tread Companies / Trailer Parks re Mountain Shade Mhp (Soddy-Daisy). Free owner marketplace — $0 fees. List in 2 min: https://temporary-zippy-celesta-4cyc4ht.vercel.app/list-your-park?ref=bradley-outreach,https://temporary-zippy-celesta-4cyc4ht.vercel.app/list-your-park?ref=bradley-outreach
Soddy Daisy Mhp,(877) 371-3591,Soddy-Daisy,TN,11229 Hixson Pike,37379,Hamilton,"Hi, Bradley with Tread Companies / Trailer Parks calling about Soddy Daisy Mhp in Soddy-Daisy. Free marketplace for park owners — $0 listing fee, $0 success fee. Brokers take ~6%. We've operated 4,000+ spaces. Can I text the link?",Bradley @ Tread Companies / Trailer Parks re Soddy Daisy Mhp (Soddy-Daisy). Free owner marketplace — $0 fees. List in 2 min: https://temporary-zippy-celesta-4cyc4ht.vercel.app/list-your-park?ref=bradley-outreach,https://temporary-zippy-celesta-4cyc4ht.vercel.app/list-your-park?ref=bradley-outreach
Mills Lakeside Resort,(423) 365-4997,Spring City,TN,495 Doc Smith Road,37381,Rhea,"Hi, Bradley with Tread Companies / Trailer Parks calling about Mills Lakeside Resort in Spring City. Free marketplace for park owners — $0 listing fee, $0 success fee. Brokers take ~6%. We've operated 4,000+ spaces. Can I text the link?",Bradley @ Tread Companies / Trailer Parks re Mills Lakeside Resort (Spring City). Free owner marketplace — $0 fees. List in 2 min: https://temporary-zippy-celesta-4cyc4ht.vercel.app/list-your-park?ref=bradley-outreach,https://temporary-zippy-celesta-4cyc4ht.vercel.app/list-your-park?ref=bradley-outreach
Park Place Mobile Home Community,(423) 337-0906,Sweetwater,TN,115 North Point Road,37874,Monroe,"Hi, Bradley with Tread Companies / Trailer Parks calling about Park Place Mobile Home Community in Sweetwater. Free marketplace for park owners — $0 listing fee, $0 success fee. Brokers take ~6%. We've operated 4,000+ spaces. Can I text the link?",Bradley @ Tread Companies / Trailer Parks re Park Place Mobile Home Community (Sweetwater). Free owner marketplace — $0 fees. List in 2 min: https://temporary-zippy-celesta-4cyc4ht.vercel.app/list-your-park?ref=bradley-outreach,https://temporary-zippy-celesta-4cyc4ht.vercel.app/list-your-park?ref=bradley-outreach
Valley Mobile Home Service,(423) 337-9367,Sweetwater,TN,709 South Main Street,37874,Monroe,"Hi, Bradley with Tread Companies / Trailer Parks calling about Valley Mobile Home Service in Sweetwater. Free marketplace for park owners — $0 listing fee, $0 success fee. Brokers take ~6%. We've operated 4,000+ spaces. Can I text the link?",Bradley @ Tread Companies / Trailer Parks re Valley Mobile Home Service (Sweetwater). Free owner marketplace — $0 fees. List in 2 min: https://temporary-zippy-celesta-4cyc4ht.vercel.app/list-your-park?ref=bradley-outreach,https://temporary-zippy-celesta-4cyc4ht.vercel.app/list-your-park?ref=bradley-outreach
Homestead 2000 Inc,(901) 536-0200,Troy,TN,1250 North Highway 51,38260,Obion,"Hi, Bradley with Tread Companies / Trailer Parks calling about Homestead 2000 Inc in Troy. Free marketplace for park owners — $0 listing fee, $0 success fee. Brokers take ~6%. We've operated 4,000+ spaces. Can I text the link?",Bradley @ Tread Companies / Trailer Parks re Homestead 2000 Inc (Troy). Free owner marketplace — $0 fees. List in 2 min: https://temporary-zippy-celesta-4cyc4ht.vercel.app/list-your-park?ref=bradley-outreach,https://temporary-zippy-celesta-4cyc4ht.vercel.app/list-your-park?ref=bradley-outreach
Southgate Park,(931) 455-4181,Tullahoma,TN,1244 South Jackson Street,37388,Coffee,"Hi, Bradley with Tread Companies / Trailer Parks calling about Southgate Park in Tullahoma. Free marketplace for park owners — $0 listing fee, $0 success fee. Brokers take ~6%. We've operated 4,000+ spaces. Can I text the link?",Bradley @ Tread Companies / Trailer Parks re Southgate Park (Tullahoma). Free owner marketplace — $0 fees. List in 2 min: https://temporary-zippy-celesta-4cyc4ht.vercel.app/list-your-park?ref=bradley-outreach,https://temporary-zippy-celesta-4cyc4ht.vercel.app/list-your-park?ref=bradley-outreach
Unicoi Mobile Home Park,(423) 743-4620,Unicoi,TN,210 Parsley St,NOT AVAILABLE,Unicoi,"Hi, Bradley with Tread Companies / Trailer Parks calling about Unicoi Mobile Home Park in Unicoi. Free marketplace for park owners — $0 listing fee, $0 success fee. Brokers take ~6%. We've operated 4,000+ spaces. Can I text the link?",Bradley @ Tread Companies / Trailer Parks re Unicoi Mobile Home Park (Unicoi). Free owner marketplace — $0 fees. List in 2 min: https://temporary-zippy-celesta-4cyc4ht.vercel.app/list-your-park?ref=bradley-outreach,https://temporary-zippy-celesta-4cyc4ht.vercel.app/list-your-park?ref=bradley-outreach
Country Village Mhp,(901) 885-0586,Union City,TN,2081 Oakshire Road,38261,Obion,"Hi, Bradley with Tread Companies / Trailer Parks calling about Country Village Mhp in Union City. Free marketplace for park owners — $0 listing fee, $0 success fee. Brokers take ~6%. We've operated 4,000+ spaces. Can I text the link?",Bradley @ Tread Companies / Trailer Parks re Country Village Mhp (Union City). Free owner marketplace — $0 fees. List in 2 min: https://temporary-zippy-celesta-4cyc4ht.vercel.app/list-your-park?ref=bradley-outreach,https://temporary-zippy-celesta-4cyc4ht.vercel.app/list-your-park?ref=bradley-outreach
Green Acres Mobile Homes,(901) 885-5874,Union City,TN,811 West Reelfoot Avenue,38261,Obion,"Hi, Bradley with Tread Companies / Trailer Parks calling about Green Acres Mobile Homes in Union City. Free marketplace for park owners — $0 listing fee, $0 success fee. Brokers take ~6%. We've operated 4,000+ spaces. Can I text the link?",Bradley @ Tread Companies / Trailer Parks re Green Acres Mobile Homes (Union City). Free owner marketplace — $0 fees. List in 2 min: https://temporary-zippy-celesta-4cyc4ht.vercel.app/list-your-park?ref=bradley-outreach,https://temporary-zippy-celesta-4cyc4ht.vercel.app/list-your-park?ref=bradley-outreach
Silver Pines Trailer Park,(931) 722-9401,Waynesboro,TN,477 Waynesboro Highway,38485,Wayne,"Hi, Bradley with Tread Companies / Trailer Parks calling about Silver Pines Trailer Park in Waynesboro. Free marketplace for park owners — $0 listing fee, $0 success fee. Brokers take ~6%. We've operated 4,000+ spaces. Can I text the link?",Bradley @ Tread Companies / Trailer Parks re Silver Pines Trailer Park (Waynesboro). Free owner marketplace — $0 fees. List in 2 min: https://temporary-zippy-celesta-4cyc4ht.vercel.app/list-your-park?ref=bradley-outreach,https://temporary-zippy-celesta-4cyc4ht.vercel.app/list-your-park?ref=bradley-outreach
Pinewood Trailer Court,(615) 644-5313,Westmoreland,TN,1164 Siloam Church Road,37186,Macon,"Hi, Bradley with Tread Companies / Trailer Parks calling about Pinewood Trailer Court in Westmoreland. Free marketplace for park owners — $0 listing fee, $0 success fee. Brokers take ~6%. We've operated 4,000+ spaces. Can I text the link?",Bradley @ Tread Companies / Trailer Parks re Pinewood Trailer Court (Westmoreland). Free owner marketplace — $0 fees. List in 2 min: https://temporary-zippy-celesta-4cyc4ht.vercel.app/list-your-park?ref=bradley-outreach,https://temporary-zippy-celesta-4cyc4ht.vercel.app/list-your-park?ref=bradley-outreach
White Pine Mhp,(423) 674-0965,White Pine,TN,1103 State Street,37890,Jefferson,"Hi, Bradley with Tread Companies / Trailer Parks calling about White Pine Mhp in White Pine. Free marketplace for park owners — $0 listing fee, $0 success fee. Brokers take ~6%. We've operated 4,000+ spaces. Can I text the link?",Bradley @ Tread Companies / Trailer Parks re White Pine Mhp (White Pine). Free owner marketplace — $0 fees. List in 2 min: https://temporary-zippy-celesta-4cyc4ht.vercel.app/list-your-park?ref=bradley-outreach,https://temporary-zippy-celesta-4cyc4ht.vercel.app/list-your-park?ref=bradley-outreach
Cloverleaf Trailer Park,(205) 798-1330,Adamsville,AL,3309 Main Street,35005,Jefferson,"Hi, Bradley with Tread Companies / Trailer Parks calling about Cloverleaf Trailer Park in Adamsville. Free marketplace for park owners — $0 listing fee, $0 success fee. Brokers take ~6%. We've operated 4,000+ spaces. Can I text the link?",Bradley @ Tread Companies / Trailer Parks re Cloverleaf Trailer Park (Adamsville). Free owner marketplace — $0 fees. List in 2 min: https://temporary-zippy-celesta-4cyc4ht.vercel.app/list-your-park?ref=bradley-outreach,https://temporary-zippy-celesta-4cyc4ht.vercel.app/list-your-park?ref=bradley-outreach
Westwood Mhp,(205) 798-6868,Adamsville,AL,102 Hosch Drive,35005,Jefferson,"Hi, Bradley with Tread Companies / Trailer Parks calling about Westwood Mhp in Adamsville. Free marketplace for park owners — $0 listing fee, $0 success fee. Brokers take ~6%. We've operated 4,000+ spaces. Can I text the link?",Bradley @ Tread Companies / Trailer Parks re Westwood Mhp (Adamsville). Free owner marketplace — $0 fees. List in 2 min: https://temporary-zippy-celesta-4cyc4ht.vercel.app/list-your-park?ref=bradley-outreach,https://temporary-zippy-celesta-4cyc4ht.vercel.app/list-your-park?ref=bradley-outreach
Denney'S Mhp,(205) 663-0455,Alabaster,AL,1564 Kent Dairy Road,35007,Shelby,"Hi, Bradley with Tread Companies / Trailer Parks calling about Denney'S Mhp in Alabaster. Free marketplace for park owners — $0 listing fee, $0 success fee. Brokers take ~6%. We've operated 4,000+ spaces. Can I text the link?",Bradley @ Tread Companies / Trailer Parks re Denney'S Mhp (Alabaster). Free owner marketplace — $0 fees. List in 2 min: https://temporary-zippy-celesta-4cyc4ht.vercel.app/list-your-park?ref=bradley-outreach,https://temporary-zippy-celesta-4cyc4ht.vercel.app/list-your-park?ref=bradley-outreach
Willow Terrace Trailer Park,(205) 878-4445,Albertville,AL,180 Doyle Drive,35950,Marshall,"Hi, Bradley with Tread Companies / Trailer Parks calling about Willow Terrace Trailer Park in Albertville. Free marketplace for park owners — $0 listing fee, $0 success fee. Brokers take ~6%. We've operated 4,000+ spaces. Can I text the link?",Bradley @ Tread Companies / Trailer Parks re Willow Terrace Trailer Park (Albertville). Free owner marketplace — $0 fees. List in 2 min: https://temporary-zippy-celesta-4cyc4ht.vercel.app/list-your-park?ref=bradley-outreach,https://temporary-zippy-celesta-4cyc4ht.vercel.app/list-your-park?ref=bradley-outreach
Brandy'S Mobile Park,(205) 329-8714,Alexander City,AL,2759 Dadeville Road,35010,Tallapoosa,"Hi, Bradley with Tread Companies / Trailer Parks calling about Brandy'S Mobile Park in Alexander City. Free marketplace for park owners — $0 listing fee, $0 success fee. Brokers take ~6%. We've operated 4,000+ spaces. Can I text the link?",Bradley @ Tread Companies / Trailer Parks re Brandy'S Mobile Park (Alexander City). Free owner marketplace — $0 fees. List in 2 min: https://temporary-zippy-celesta-4cyc4ht.vercel.app/list-your-park?ref=bradley-outreach,https://temporary-zippy-celesta-4cyc4ht.vercel.app/list-your-park?ref=bradley-outreach
Calhoun Mobile Homes Park,(205) 831-1322,Anniston,AL,Golden Springs Road,36201,Calhoun,"Hi, Bradley with Tread Companies / Trailer Parks calling about Calhoun Mobile Homes Park in Anniston. Free marketplace for park owners — $0 listing fee, $0 success fee. Brokers take ~6%. We've operated 4,000+ spaces. Can I text the link?",Bradley @ Tread Companies / Trailer Parks re Calhoun Mobile Homes Park (Anniston). Free owner marketplace — $0 fees. List in 2 min: https://temporary-zippy-celesta-4cyc4ht.vercel.app/list-your-park?ref=bradley-outreach,https://temporary-zippy-celesta-4cyc4ht.vercel.app/list-your-park?ref=bradley-outreach
Country Acres Park,(205) 820-2070,Anniston,AL,6427 Mcclellan Boulevard,36206,Calhoun,"Hi, Bradley with Tread Companies / Trailer Parks calling about Country Acres Park in Anniston. Free marketplace for park owners — $0 listing fee, $0 success fee. Brokers take ~6%. We've operated 4,000+ spaces. Can I text the link?",Bradley @ Tread Companies / Trailer Parks re Country Acres Park (Anniston). Free owner marketplace — $0 fees. List in 2 min: https://temporary-zippy-celesta-4cyc4ht.vercel.app/list-your-park?ref=bradley-outreach,https://temporary-zippy-celesta-4cyc4ht.vercel.app/list-your-park?ref=bradley-outreach
Mc Nabb Mhp,(205) 435-9779,Anniston,AL,88 Parker Drive,36206,Calhoun,"Hi, Bradley with Tread Companies / Trailer Parks calling about Mc Nabb Mhp in Anniston. Free marketplace for park owners — $0 listing fee, $0 success fee. Brokers take ~6%. We've operated 4,000+ spaces. Can I text the link?",Bradley @ Tread Companies / Trailer Parks re Mc Nabb Mhp (Anniston). Free owner marketplace — $0 fees. List in 2 min: https://temporary-zippy-celesta-4cyc4ht.vercel.app/list-your-park?ref=bradley-outreach,https://temporary-zippy-celesta-4cyc4ht.vercel.app/list-your-park?ref=bradley-outreach
Shady Grove Mhp,(205) 236-9774,Anniston,AL,7 West 34Th Street,36201,Calhoun,"Hi, Bradley with Tread Companies / Trailer Parks calling about Shady Grove Mhp in Anniston. Free marketplace for park owners — $0 listing fee, $0 success fee. Brokers take ~6%. We've operated 4,000+ spaces. Can I text the link?",Bradley @ Tread Companies / Trailer Parks re Shady Grove Mhp (Anniston). Free owner marketplace — $0 fees. List in 2 min: https://temporary-zippy-celesta-4cyc4ht.vercel.app/list-your-park?ref=bradley-outreach,https://temporary-zippy-celesta-4cyc4ht.vercel.app/list-your-park?ref=bradley-outreach
Mobile Home Estates,(205) 586-4567,Arab,AL,785 South Main Street,35016,Cullman,"Hi, Bradley with Tread Companies / Trailer Parks calling about Mobile Home Estates in Arab. Free marketplace for park owners — $0 listing fee, $0 success fee. Brokers take ~6%. We've operated 4,000+ spaces. Can I text the link?",Bradley @ Tread Companies / Trailer Parks re Mobile Home Estates (Arab). Free owner marketplace — $0 fees. List in 2 min: https://temporary-zippy-celesta-4cyc4ht.vercel.app/list-your-park?ref=bradley-outreach,https://temporary-zippy-celesta-4cyc4ht.vercel.app/list-your-park?ref=bradley-outreach
Athens Trailer Court & Rec. Vehicle Park,(205) 232-1378,Athens,AL,1303 East Elm Street,35611,Limestone,"Hi, Bradley with Tread Companies / Trailer Parks calling about Athens Trailer Court & Rec. Vehicle Park in Athens. Free marketplace for park owners — $0 listing fee, $0 success fee. Brokers take ~6%. We've operated 4,000+ spaces. Can I text the link?",Bradley @ Tread Companies / Trailer Parks re Athens Trailer Court & Rec. Vehicle Park (Athens). Free owner marketplace — $0 fees. List in 2 min: https://temporary-zippy-celesta-4cyc4ht.vercel.app/list-your-park?ref=bradley-outreach,https://temporary-zippy-celesta-4cyc4ht.vercel.app/list-your-park?ref=bradley-outreach
Carter Trailer Park,(205) 232-9676,Athens,AL,Highway 99,35611,Limestone,"Hi, Bradley with Tread Companies / Trailer Parks calling about Carter Trailer Park in Athens. Free marketplace for park owners — $0 listing fee, $0 success fee. Brokers take ~6%. We've operated 4,000+ spaces. Can I text the link?",Bradley @ Tread Companies / Trailer Parks re Carter Trailer Park (Athens). Free owner marketplace — $0 fees. List in 2 min: https://temporary-zippy-celesta-4cyc4ht.vercel.app/list-your-park?ref=bradley-outreach,https://temporary-zippy-celesta-4cyc4ht.vercel.app/list-your-park?ref=bradley-outreach
King Mhp,(256) 559-0980,Athens,AL,19261 Airfield St,35614,Limestone,"Hi, Bradley with Tread Companies / Trailer Parks calling about King Mhp in Athens. Free marketplace for park owners — $0 listing fee, $0 success fee. Brokers take ~6%. We've operated 4,000+ spaces. Can I text the link?",Bradley @ Tread Companies / Trailer Parks re King Mhp (Athens). Free owner marketplace — $0 fees. List in 2 min: https://temporary-zippy-celesta-4cyc4ht.vercel.app/list-your-park?ref=bradley-outreach,https://temporary-zippy-celesta-4cyc4ht.vercel.app/list-your-park?ref=bradley-outreach
Nokomis Mhp,(334) 368-2324,Atmore,AL,701 James Road,36502,Escambia,"Hi, Bradley with Tread Companies / Trailer Parks calling about Nokomis Mhp in Atmore. Free marketplace for park owners — $0 listing fee, $0 success fee. Brokers take ~6%. We've operated 4,000+ spaces. Can I text the link?",Bradley @ Tread Companies / Trailer Parks re Nokomis Mhp (Atmore). Free owner marketplace — $0 fees. List in 2 min: https://temporary-zippy-celesta-4cyc4ht.vercel.app/list-your-park?ref=bradley-outreach,https://temporary-zippy-celesta-4cyc4ht.vercel.app/list-your-park?ref=bradley-outreach
Arrowhead Park College Student/Family Park,(334) 703-6063,Auburn,AL,4477 Lee Road 137,36832,Lee,"Hi, Bradley with Tread Companies / Trailer Parks calling about Arrowhead Park College Student/Family Park in Auburn. Free marketplace for park owners — $0 listing fee, $0 success fee. Brokers take ~6%. We've operated 4,000+ spaces. Can I text the link?",Bradley @ Tread Companies / Trailer Parks re Arrowhead Park College Student/Family Park (Auburn). Free owner marketplace — $0 fees. List in 2 min: https://temporary-zippy-celesta-4cyc4ht.vercel.app/list-your-park?ref=bradley-outreach,https://temporary-zippy-celesta-4cyc4ht.vercel.app/list-your-park?ref=bradley-outreach
Avalon Park,(334) 821-5891,Auburn,AL,387 Webster Road,36832,Lee,"Hi, Bradley with Tread Companies / Trailer Parks calling about Avalon Park in Auburn. Free marketplace for park owners — $0 listing fee, $0 success fee. Brokers take ~6%. We've operated 4,000+ spaces. Can I text the link?",Bradley @ Tread Companies / Trailer Parks re Avalon Park (Auburn). Free owner marketplace — $0 fees. List in 2 min: https://temporary-zippy-celesta-4cyc4ht.vercel.app/list-your-park?ref=bradley-outreach,https://temporary-zippy-celesta-4cyc4ht.vercel.app/list-your-park?ref=bradley-outreach
Barron'S Trailer Park,(334) 821-1335,Auburn,AL,Wire Road,36830,Lee,"Hi, Bradley with Tread Companies / Trailer Parks calling about Barron'S Trailer Park in Auburn. Free marketplace for park owners — $0 listing fee, $0 success fee. Brokers take ~6%. We've operated 4,000+ spaces. Can I text the link?",Bradley @ Tread Companies / Trailer Parks re Barron'S Trailer Park (Auburn). Free owner marketplace — $0 fees. List in 2 min: https://temporary-zippy-celesta-4cyc4ht.vercel.app/list-your-park?ref=bradley-outreach,https://temporary-zippy-celesta-4cyc4ht.vercel.app/list-your-park?ref=bradley-outreach
Conway Acres,(334) 887-5746,Auburn,AL,2038 Lee Road 137,36832,Lee,"Hi, Bradley with Tread Companies / Trailer Parks calling about Conway Acres in Auburn. Free marketplace for park owners — $0 listing fee, $0 success fee. Brokers take ~6%. We've operated 4,000+ spaces. Can I text the link?",Bradley @ Tread Companies / Trailer Parks re Conway Acres (Auburn). Free owner marketplace — $0 fees. List in 2 min: https://temporary-zippy-celesta-4cyc4ht.vercel.app/list-your-park?ref=bradley-outreach,https://temporary-zippy-celesta-4cyc4ht.vercel.app/list-your-park?ref=bradley-outreach
Gentilly Park Mobile Home,(334) 887-3246,Auburn,AL,501 Webster Road #16,36832,Lee,"Hi, Bradley with Tread Companies / Trailer Parks calling about Gentilly Park Mobile Home in Auburn. Free marketplace for park owners — $0 listing fee, $0 success fee. Brokers take ~6%. We've operated 4,000+ spaces. Can I text the link?",Bradley @ Tread Companies / Trailer Parks re Gentilly Park Mobile Home (Auburn). Free owner marketplace — $0 fees. List in 2 min: https://temporary-zippy-celesta-4cyc4ht.vercel.app/list-your-park?ref=bradley-outreach,https://temporary-zippy-celesta-4cyc4ht.vercel.app/list-your-park?ref=bradley-outreach
Ridgewood Village Mobile Home,(334) 821-2298,Auburn,AL,500 Webster Road,36832,Lee,"Hi, Bradley with Tread Companies / Trailer Parks calling about Ridgewood Village Mobile Home in Auburn. Free marketplace for park owners — $0 listing fee, $0 success fee. Brokers take ~6%. We've operated 4,000+ spaces. Can I text the link?",Bradley @ Tread Companies / Trailer Parks re Ridgewood Village Mobile Home (Auburn). Free owner marketplace — $0 fees. List in 2 min: https://temporary-zippy-celesta-4cyc4ht.vercel.app/list-your-park?ref=bradley-outreach,https://temporary-zippy-celesta-4cyc4ht.vercel.app/list-your-park?ref=bradley-outreach
Steeplechase,(334) 821-0747,Auburn,AL,2031 South College Street,36832,Lee,"Hi, Bradley with Tread Companies / Trailer Parks calling about Steeplechase in Auburn. Free marketplace for park owners — $0 listing fee, $0 success fee. Brokers take ~6%. We've operated 4,000+ spaces. Can I text the link?",Bradley @ Tread Companies / Trailer Parks re Steeplechase (Auburn). Free owner marketplace — $0 fees. List in 2 min: https://temporary-zippy-celesta-4cyc4ht.vercel.app/list-your-park?ref=bradley-outreach,https://temporary-zippy-celesta-4cyc4ht.vercel.app/list-your-park?ref=bradley-outreach
Stonegate Of Auburn,(334) 821-2685,Auburn,AL,100 Stonegate Drive,36832,Lee,"Hi, Bradley with Tread Companies / Trailer Parks calling about Stonegate Of Auburn in Auburn. Free marketplace for park owners — $0 listing fee, $0 success fee. Brokers take ~6%. We've operated 4,000+ spaces. Can I text the link?",Bradley @ Tread Companies / Trailer Parks re Stonegate Of Auburn (Auburn). Free owner marketplace — $0 fees. List in 2 min: https://temporary-zippy-celesta-4cyc4ht.vercel.app/list-your-park?ref=bradley-outreach,https://temporary-zippy-celesta-4cyc4ht.vercel.app/list-your-park?ref=bradley-outreach
Swann'S Mhp,(334) 887-8429,Auburn,AL,Wire Road,36830,Lee,"Hi, Bradley with Tread Companies / Trailer Parks calling about Swann'S Mhp in Auburn. Free marketplace for park owners — $0 listing fee, $0 success fee. Brokers take ~6%. We've operated 4,000+ spaces. Can I text the link?",Bradley @ Tread Companies / Trailer Parks re Swann'S Mhp (Auburn). Free owner marketplace — $0 fees. List in 2 min: https://temporary-zippy-celesta-4cyc4ht.vercel.app/list-your-park?ref=bradley-outreach,https://temporary-zippy-celesta-4cyc4ht.vercel.app/list-your-park?ref=bradley-outreach
Tiger Trailer Park,(334) 826-1169,Auburn,AL,1 Tiger Trailer Park #A,36832,Lee,"Hi, Bradley with Tread Companies / Trailer Parks calling about Tiger Trailer Park in Auburn. Free marketplace for park owners — $0 listing fee, $0 success fee. Brokers take ~6%. We've operated 4,000+ spaces. Can I text the link?",Bradley @ Tread Companies / Trailer Parks re Tiger Trailer Park (Auburn). Free owner marketplace — $0 fees. List in 2 min: https://temporary-zippy-celesta-4cyc4ht.vercel.app/list-your-park?ref=bradley-outreach,https://temporary-zippy-celesta-4cyc4ht.vercel.app/list-your-park?ref=bradley-outreach
Webster'S Crossing Mobile Home,(334) 821-0171,Auburn,AL,425 Webster Road #810,36832,Lee,"Hi, Bradley with Tread Companies / Trailer Parks calling about Webster'S Crossing Mobile Home in Auburn. Free marketplace for park owners — $0 listing fee, $0 success fee. Brokers take ~6%. We've operated 4,000+ spaces. Can I text the link?",Bradley @ Tread Companies / Trailer Parks re Webster'S Crossing Mobile Home (Auburn). Free owner marketplace — $0 fees. List in 2 min: https://temporary-zippy-celesta-4cyc4ht.vercel.app/list-your-park?ref=bradley-outreach,https://temporary-zippy-celesta-4cyc4ht.vercel.app/list-your-park?ref=bradley-outreach
Brookview Mhp,(205) 424-3366,Bessemer,AL,1416 Brookview Drive,35022,Jefferson,"Hi, Bradley with Tread Companies / Trailer Parks calling about Brookview Mhp in Bessemer. Free marketplace for park owners — $0 listing fee, $0 success fee. Brokers take ~6%. We've operated 4,000+ spaces. Can I text the link?",Bradley @ Tread Companies / Trailer Parks re Brookview Mhp (Bessemer). Free owner marketplace — $0 fees. List in 2 min: https://temporary-zippy-celesta-4cyc4ht.vercel.app/list-your-park?ref=bradley-outreach,https://temporary-zippy-celesta-4cyc4ht.vercel.app/list-your-park?ref=bradley-outreach
Holiday Mhp,(205) 424-3271,Bessemer,AL,4330 Bessemer Super Highway,35020,Jefferson,"Hi, Bradley with Tread Companies / Trailer Parks calling about Holiday Mhp in Bessemer. Free marketplace for park owners — $0 listing fee, $0 success fee. Brokers take ~6%. We've operated 4,000+ spaces. Can I text the link?",Bradley @ Tread Companies / Trailer Parks re Holiday Mhp (Bessemer). Free owner marketplace — $0 fees. List in 2 min: https://temporary-zippy-celesta-4cyc4ht.vercel.app/list-your-park?ref=bradley-outreach,https://temporary-zippy-celesta-4cyc4ht.vercel.app/list-your-park?ref=bradley-outreach
Woodward Estates Mobile Home,(205) 428-6325,Bessemer,AL,271 Woodward Estates,35020,Jefferson,"Hi, Bradley with Tread Companies / Trailer Parks calling about Woodward Estates Mobile Home in Bessemer. Free marketplace for park owners — $0 listing fee, $0 success fee. Brokers take ~6%. We've operated 4,000+ spaces. Can I text the link?",Bradley @ Tread Companies / Trailer Parks re Woodward Estates Mobile Home (Bessemer). Free owner marketplace — $0 fees. List in 2 min: https://temporary-zippy-celesta-4cyc4ht.vercel.app/list-your-park?ref=bradley-outreach,https://temporary-zippy-celesta-4cyc4ht.vercel.app/list-your-park?ref=bradley-outreach
Carson Village Mobile Home,(205) 854-0059,Birmingham,AL,400 Carson Road North,35215,Jefferson,"Hi, Bradley with Tread Companies / Trailer Parks calling about Carson Village Mobile Home in Birmingham. Free marketplace for park owners — $0 listing fee, $0 success fee. Brokers take ~6%. We've operated 4,000+ spaces. Can I text the link?",Bradley @ Tread Companies / Trailer Parks re Carson Village Mobile Home (Birmingham). Free owner marketplace — $0 fees. List in 2 min: https://temporary-zippy-celesta-4cyc4ht.vercel.app/list-your-park?ref=bradley-outreach,https://temporary-zippy-celesta-4cyc4ht.vercel.app/list-your-park?ref=bradley-outreach
Daisy City Mhp,(205) 674-6130,Birmingham,AL,3723 Cherry Avenue,35214,Jefferson,"Hi, Bradley with Tread Companies / Trailer Parks calling about Daisy City Mhp in Birmingham. Free marketplace for park owners — $0 listing fee, $0 success fee. Brokers take ~6%. We've operated 4,000+ spaces. Can I text the link?",Bradley @ Tread Companies / Trailer Parks re Daisy City Mhp (Birmingham). Free owner marketplace — $0 fees. List in 2 min: https://temporary-zippy-celesta-4cyc4ht.vercel.app/list-your-park?ref=bradley-outreach,https://temporary-zippy-celesta-4cyc4ht.vercel.app/list-your-park?ref=bradley-outreach
Forestdale Mobile Home Community,(205) 674-0222,Birmingham,AL,2926 Una Street,35214,Jefferson,"Hi, Bradley with Tread Companies / Trailer Parks calling about Forestdale Mobile Home Community in Birmingham. Free marketplace for park owners — $0 listing fee, $0 success fee. Brokers take ~6%. We've operated 4,000+ spaces. Can I text the link?",Bradley @ Tread Companies / Trailer Parks re Forestdale Mobile Home Community (Birmingham). Free owner marketplace — $0 fees. List in 2 min: https://temporary-zippy-celesta-4cyc4ht.vercel.app/list-your-park?ref=bradley-outreach,https://temporary-zippy-celesta-4cyc4ht.vercel.app/list-your-park?ref=bradley-outreach
Irondale Mhp,(205) 956-5911,Birmingham,AL,1601 Trailer Lane,35210,Jefferson,"Hi, Bradley with Tread Companies / Trailer Parks calling about Irondale Mhp in Birmingham. Free marketplace for park owners — $0 listing fee, $0 success fee. Brokers take ~6%. We've operated 4,000+ spaces. Can I text the link?",Bradley @ Tread Companies / Trailer Parks re Irondale Mhp (Birmingham). Free owner marketplace — $0 fees. List in 2 min: https://temporary-zippy-celesta-4cyc4ht.vercel.app/list-your-park?ref=bradley-outreach,https://temporary-zippy-celesta-4cyc4ht.vercel.app/list-your-park?ref=bradley-outreach
Mimosa Mhp,(205) 681-7211,Birmingham,AL,5116 Pinson Valley Pkwy,35215,Jefferson,"Hi, Bradley with Tread Companies / Trailer Parks calling about Mimosa Mhp in Birmingham. Free marketplace for park owners — $0 listing fee, $0 success fee. Brokers take ~6%. We've operated 4,000+ spaces. Can I text the link?",Bradley @ Tread Companies / Trailer Parks re Mimosa Mhp (Birmingham). Free owner marketplace — $0 fees. List in 2 min: https://temporary-zippy-celesta-4cyc4ht.vercel.app/list-your-park?ref=bradley-outreach,https://temporary-zippy-celesta-4cyc4ht.vercel.app/list-your-park?ref=bradley-outreach
Pinson Valley Mobile Home Court,(205) 853-2923,Birmingham,AL,4631 Elfreth Johnson Road,35215,Jefferson,"Hi, Bradley with Tread Companies / Trailer Parks calling about Pinson Valley Mobile Home Court in Birmingham. Free marketplace for park owners — $0 listing fee, $0 success fee. Brokers take ~6%. We've operated 4,000+ spaces. Can I text the link?",Bradley @ Tread Companies / Trailer Parks re Pinson Valley Mobile Home Court (Birmingham). Free owner marketplace — $0 fees. List in 2 min: https://temporary-zippy-celesta-4cyc4ht.vercel.app/list-your-park?ref=bradley-outreach,https://temporary-zippy-celesta-4cyc4ht.vercel.app/list-your-park?ref=bradley-outreach
Rusk Mhp,(205) 853-3235,Birmingham,AL,4340 Pinson Valley Pkwy,35215,Jefferson,"Hi, Bradley with Tread Companies / Trailer Parks calling about Rusk Mhp in Birmingham. Free marketplace for park owners — $0 listing fee, $0 success fee. Brokers take ~6%. We've operated 4,000+ spaces. Can I text the link?",Bradley @ Tread Companies / Trailer Parks re Rusk Mhp (Birmingham). Free owner marketplace — $0 fees. List in 2 min: https://temporary-zippy-celesta-4cyc4ht.vercel.app/list-your-park?ref=bradley-outreach,https://temporary-zippy-celesta-4cyc4ht.vercel.app/list-your-park?ref=bradley-outreach
Ware'S Mobile Home Court,(205) 854-1446,Birmingham,AL,4360 Pinson Valley Pkwy,35215,Jefferson,"Hi, Bradley with Tread Companies / Trailer Parks calling about Ware'S Mobile Home Court in Birmingham. Free marketplace for park owners — $0 listing fee, $0 success fee. Brokers take ~6%. We've operated 4,000+ spaces. Can I text the link?",Bradley @ Tread Companies / Trailer Parks re Ware'S Mobile Home Court (Birmingham). Free owner marketplace — $0 fees. List in 2 min: https://temporary-zippy-celesta-4cyc4ht.vercel.app/list-your-park?ref=bradley-outreach,https://temporary-zippy-celesta-4cyc4ht.vercel.app/list-your-park?ref=bradley-outreach
Leisure Acres Mobile Home,(256) 593-3377,Boaz,AL,202 Leisure Acres Court,35957,Marshall,"Hi, Bradley with Tread Companies / Trailer Parks calling about Leisure Acres Mobile Home in Boaz. Free marketplace for park owners — $0 listing fee, $0 success fee. Brokers take ~6%. We've operated 4,000+ spaces. Can I text the link?",Bradley @ Tread Companies / Trailer Parks re Leisure Acres Mobile Home (Boaz). Free owner marketplace — $0 fees. List in 2 min: https://temporary-zippy-celesta-4cyc4ht.vercel.app/list-your-park?ref=bradley-outreach,https://temporary-zippy-celesta-4cyc4ht.vercel.app/list-your-park?ref=bradley-outreach
Calera Mobile Home Estates,(205) 668-3260,Calera,AL,959 10Th Street,35040,Shelby,"Hi, Bradley with Tread Companies / Trailer Parks calling about Calera Mobile Home Estates in Calera. Free marketplace for park owners — $0 listing fee, $0 success fee. Brokers take ~6%. We've operated 4,000+ spaces. Can I text the link?",Bradley @ Tread Companies / Trailer Parks re Calera Mobile Home Estates (Calera). Free owner marketplace — $0 fees. List in 2 min: https://temporary-zippy-celesta-4cyc4ht.vercel.app/list-your-park?ref=bradley-outreach,https://temporary-zippy-celesta-4cyc4ht.vercel.app/list-your-park?ref=bradley-outreach
Hundred Oaks Village,(205) 553-4435,Cottondale,AL,6510 Keenes Mill Road,35453,Tuscaloosa,"Hi, Bradley with Tread Companies / Trailer Parks calling about Hundred Oaks Village in Cottondale. Free marketplace for park owners — $0 listing fee, $0 success fee. Brokers take ~6%. We've operated 4,000+ spaces. Can I text the link?",Bradley @ Tread Companies / Trailer Parks re Hundred Oaks Village (Cottondale). Free owner marketplace — $0 fees. List in 2 min: https://temporary-zippy-celesta-4cyc4ht.vercel.app/list-your-park?ref=bradley-outreach,https://temporary-zippy-celesta-4cyc4ht.vercel.app/list-your-park?ref=bradley-outreach
Highpoint Estates Mobile Home,(205) 734-5502,Cullman,AL,18195 Us Highway 31,35058,Cullman,"Hi, Bradley with Tread Companies / Trailer Parks calling about Highpoint Estates Mobile Home in Cullman. Free marketplace for park owners — $0 listing fee, $0 success fee. Brokers take ~6%. We've operated 4,000+ spaces. Can I text the link?",Bradley @ Tread Companies / Trailer Parks re Highpoint Estates Mobile Home (Cullman). Free owner marketplace — $0 fees. List in 2 min: https://temporary-zippy-celesta-4cyc4ht.vercel.app/list-your-park?ref=bradley-outreach,https://temporary-zippy-celesta-4cyc4ht.vercel.app/list-your-park?ref=bradley-outreach
Briarwood Estates,(334) 598-3421,Daleville,AL,147 Oak Hollow Lane,36322,Dale,"Hi, Bradley with Tread Companies / Trailer Parks calling about Briarwood Estates in Daleville. Free marketplace for park owners — $0 listing fee, $0 success fee. Brokers take ~6%. We've operated 4,000+ spaces. Can I text the link?",Bradley @ Tread Companies / Trailer Parks re Briarwood Estates (Daleville). Free owner marketplace — $0 fees. List in 2 min: https://temporary-zippy-celesta-4cyc4ht.vercel.app/list-your-park?ref=bradley-outreach,https://temporary-zippy-celesta-4cyc4ht.vercel.app/list-your-park?ref=bradley-outreach
Mullins Trailer Park,(334) 598-4470,Daleville,AL,120 Dogwood Street,36322,Dale,"Hi, Bradley with Tread Companies / Trailer Parks calling about Mullins Trailer Park in Daleville. Free marketplace for park owners — $0 listing fee, $0 success fee. Brokers take ~6%. We've operated 4,000+ spaces. Can I text the link?",Bradley @ Tread Companies / Trailer Parks re Mullins Trailer Park (Daleville). Free owner marketplace — $0 fees. List in 2 min: https://temporary-zippy-celesta-4cyc4ht.vercel.app/list-your-park?ref=bradley-outreach,https://temporary-zippy-celesta-4cyc4ht.vercel.app/list-your-park?ref=bradley-outreach
Wildwood Mobile Home Court,(334) 598-4695,Daleville,AL,815 Old Newton Road,36322,Dale,"Hi, Bradley with Tread Companies / Trailer Parks calling about Wildwood Mobile Home Court in Daleville. Free marketplace for park owners — $0 listing fee, $0 success fee. Brokers take ~6%. We've operated 4,000+ spaces. Can I text the link?",Bradley @ Tread Companies / Trailer Parks re Wildwood Mobile Home Court (Daleville). Free owner marketplace — $0 fees. List in 2 min: https://temporary-zippy-celesta-4cyc4ht.vercel.app/list-your-park?ref=bradley-outreach,https://temporary-zippy-celesta-4cyc4ht.vercel.app/list-your-park?ref=bradley-outreach
Kimberly Court,(205) 355-4229,Decatur,AL,2225 Highway 20,35601,Morgan,"Hi, Bradley with Tread Companies / Trailer Parks calling about Kimberly Court in Decatur. Free marketplace for park owners — $0 listing fee, $0 success fee. Brokers take ~6%. We've operated 4,000+ spaces. Can I text the link?",Bradley @ Tread Companies / Trailer Parks re Kimberly Court (Decatur). Free owner marketplace — $0 fees. List in 2 min: https://temporary-zippy-celesta-4cyc4ht.vercel.app/list-your-park?ref=bradley-outreach,https://temporary-zippy-celesta-4cyc4ht.vercel.app/list-your-park?ref=bradley-outreach
Beaumont Manor,(334) 983-4023,Dothan,AL,3142 Flynn Road,36303,Houston,"Hi, Bradley with Tread Companies / Trailer Parks calling about Beaumont Manor in Dothan. Free marketplace for park owners — $0 listing fee, $0 success fee. Brokers take ~6%. We've operated 4,000+ spaces. Can I text the link?",Bradley @ Tread Companies / Trailer Parks re Beaumont Manor (Dothan). Free owner marketplace — $0 fees. List in 2 min: https://temporary-zippy-celesta-4cyc4ht.vercel.app/list-your-park?ref=bradley-outreach,https://temporary-zippy-celesta-4cyc4ht.vercel.app/list-your-park?ref=bradley-outreach
Clean Parks,(334) 792-2000,Dothan,AL,4100 South Oates Street,36301,Houston,"Hi, Bradley with Tread Companies / Trailer Parks calling about Clean Parks in Dothan. Free marketplace for park owners — $0 listing fee, $0 success fee. Brokers take ~6%. We've operated 4,000+ spaces. Can I text the link?",Bradley @ Tread Companies / Trailer Parks re Clean Parks (Dothan). Free owner marketplace — $0 fees. List in 2 min: https://temporary-zippy-celesta-4cyc4ht.vercel.app/list-your-park?ref=bradley-outreach,https://temporary-zippy-celesta-4cyc4ht.vercel.app/list-your-park?ref=bradley-outreach
Coggins Country Estates,(334) 794-5234,Dothan,AL,1118 East Saunders Road,36301,Houston,"Hi, Bradley with Tread Companies / Trailer Parks calling about Coggins Country Estates in Dothan. Free marketplace for park owners — $0 listing fee, $0 success fee. Brokers take ~6%. We've operated 4,000+ spaces. Can I text the link?",Bradley @ Tread Companies / Trailer Parks re Coggins Country Estates (Dothan). Free owner marketplace — $0 fees. List in 2 min: https://temporary-zippy-celesta-4cyc4ht.vercel.app/list-your-park?ref=bradley-outreach,https://temporary-zippy-celesta-4cyc4ht.vercel.app/list-your-park?ref=bradley-outreach
Garden Estates Mhp,(334) 794-5234,Dothan,AL,1604 Hodgesville Road,36301,Houston,"Hi, Bradley with Tread Companies / Trailer Parks calling about Garden Estates Mhp in Dothan. Free marketplace for park owners — $0 listing fee, $0 success fee. Brokers take ~6%. We've operated 4,000+ spaces. Can I text the link?",Bradley @ Tread Companies / Trailer Parks re Garden Estates Mhp (Dothan). Free owner marketplace — $0 fees. List in 2 min: https://temporary-zippy-celesta-4cyc4ht.vercel.app/list-your-park?ref=bradley-outreach,https://temporary-zippy-celesta-4cyc4ht.vercel.app/list-your-park?ref=bradley-outreach
Grand Villa Mobile Estates,(334) 793-5551,Dothan,AL,200 Grandvilla Drive #A40,36301,Houston,"Hi, Bradley with Tread Companies / Trailer Parks calling about Grand Villa Mobile Estates in Dothan. Free marketplace for park owners — $0 listing fee, $0 success fee. Brokers take ~6%. We've operated 4,000+ spaces. Can I text the link?",Bradley @ Tread Companies / Trailer Parks re Grand Villa Mobile Estates (Dothan). Free owner marketplace — $0 fees. List in 2 min: https://temporary-zippy-celesta-4cyc4ht.vercel.app/list-your-park?ref=bradley-outreach,https://temporary-zippy-celesta-4cyc4ht.vercel.app/list-your-park?ref=bradley-outreach
La Vista Mobile Estates,(334) 793-7801,Dothan,AL,2390 Denton Road #A1200,36303,Houston,"Hi, Bradley with Tread Companies / Trailer Parks calling about La Vista Mobile Estates in Dothan. Free marketplace for park owners — $0 listing fee, $0 success fee. Brokers take ~6%. We've operated 4,000+ spaces. Can I text the link?",Bradley @ Tread Companies / Trailer Parks re La Vista Mobile Estates (Dothan). Free owner marketplace — $0 fees. List in 2 min: https://temporary-zippy-celesta-4cyc4ht.vercel.app/list-your-park?ref=bradley-outreach,https://temporary-zippy-celesta-4cyc4ht.vercel.app/list-your-park?ref=bradley-outreach
Pointe South Mobile Estates,(334) 793-5551,Dothan,AL,386 East Saunders Road,36301,Houston,"Hi, Bradley with Tread Companies / Trailer Parks calling about Pointe South Mobile Estates in Dothan. Free marketplace for park owners — $0 listing fee, $0 success fee. Brokers take ~6%. We've operated 4,000+ spaces. Can I text the link?",Bradley @ Tread Companies / Trailer Parks re Pointe South Mobile Estates (Dothan). Free owner marketplace — $0 fees. List in 2 min: https://temporary-zippy-celesta-4cyc4ht.vercel.app/list-your-park?ref=bradley-outreach,https://temporary-zippy-celesta-4cyc4ht.vercel.app/list-your-park?ref=bradley-outreach
Shade Tree Mobile Homes Court,(334) 792-0334,Dothan,AL,2226 South Oates Street,36301,Houston,"Hi, Bradley with Tread Companies / Trailer Parks calling about Shade Tree Mobile Homes Court in Dothan. Free marketplace for park owners — $0 listing fee, $0 success fee. Brokers take ~6%. We've operated 4,000+ spaces. Can I text the link?",Bradley @ Tread Companies / Trailer Parks re Shade Tree Mobile Homes Court (Dothan). Free owner marketplace — $0 fees. List in 2 min: https://temporary-zippy-celesta-4cyc4ht.vercel.app/list-your-park?ref=bradley-outreach,https://temporary-zippy-celesta-4cyc4ht.vercel.app/list-your-park?ref=bradley-outreach
Sullivan'S Mhp,(334) 679-1430,Eight Mile,AL,5925 Highway 45,36613,Mobile,"Hi, Bradley with Tread Companies / Trailer Parks calling about Sullivan'S Mhp in Eight Mile. Free marketplace for park owners — $0 listing fee, $0 success fee. Brokers take ~6%. We've operated 4,000+ spaces. Can I text the link?",Bradley @ Tread Companies / Trailer Parks re Sullivan'S Mhp (Eight Mile). Free owner marketplace — $0 fees. List in 2 min: https://temporary-zippy-celesta-4cyc4ht.vercel.app/list-your-park?ref=bradley-outreach,https://temporary-zippy-celesta-4cyc4ht.vercel.app/list-your-park?ref=bradley-outreach
Dogwood Park Mobile Home Village,(334) 986-8658,Elberta,AL,25128 Old Foley Road,36530,Baldwin,"Hi, Bradley with Tread Companies / Trailer Parks calling about Dogwood Park Mobile Home Village in Elberta. Free marketplace for park owners — $0 listing fee, $0 success fee. Brokers take ~6%. We've operated 4,000+ spaces. Can I text the link?",Bradley @ Tread Companies / Trailer Parks re Dogwood Park Mobile Home Village (Elberta). Free owner marketplace — $0 fees. List in 2 min: https://temporary-zippy-celesta-4cyc4ht.vercel.app/list-your-park?ref=bradley-outreach,https://temporary-zippy-celesta-4cyc4ht.vercel.app/list-your-park?ref=bradley-outreach
Oleander Court Mhp,(334) 986-5791,Elberta,AL,10035 County Road 83,36530,Baldwin,"Hi, Bradley with Tread Companies / Trailer Parks calling about Oleander Court Mhp in Elberta. Free marketplace for park owners — $0 listing fee, $0 success fee. Brokers take ~6%. We've operated 4,000+ spaces. Can I text the link?",Bradley @ Tread Companies / Trailer Parks re Oleander Court Mhp (Elberta). Free owner marketplace — $0 fees. List in 2 min: https://temporary-zippy-celesta-4cyc4ht.vercel.app/list-your-park?ref=bradley-outreach,https://temporary-zippy-celesta-4cyc4ht.vercel.app/list-your-park?ref=bradley-outreach
Orchards,(334) 986-8506,Elberta,AL,12570 Main Street,36530,Baldwin,"Hi, Bradley with Tread Companies / Trailer Parks calling about Orchards in Elberta. Free marketplace for park owners — $0 listing fee, $0 success fee. Brokers take ~6%. We've operated 4,000+ spaces. Can I text the link?",Bradley @ Tread Companies / Trailer Parks re Orchards (Elberta). Free owner marketplace — $0 fees. List in 2 min: https://temporary-zippy-celesta-4cyc4ht.vercel.app/list-your-park?ref=bradley-outreach,https://temporary-zippy-celesta-4cyc4ht.vercel.app/list-your-park?ref=bradley-outreach
Wolf Bay Park,(334) 986-5196,Elberta,AL,9741 Wilson Road,36530,Baldwin,"Hi, Bradley with Tread Companies / Trailer Parks calling about Wolf Bay Park in Elberta. Free marketplace for park owners — $0 listing fee, $0 success fee. Brokers take ~6%. We've operated 4,000+ spaces. Can I text the link?",Bradley @ Tread Companies / Trailer Parks re Wolf Bay Park (Elberta). Free owner marketplace — $0 fees. List in 2 min: https://temporary-zippy-celesta-4cyc4ht.vercel.app/list-your-park?ref=bradley-outreach,https://temporary-zippy-celesta-4cyc4ht.vercel.app/list-your-park?ref=bradley-outreach
Coffman Mobile Home Estates,(205) 232-4803,Elkmont,AL,22534 Al Highway 99,35620,Limestone,"Hi, Bradley with Tread Companies / Trailer Parks calling about Coffman Mobile Home Estates in Elkmont. Free marketplace for park owners — $0 listing fee, $0 success fee. Brokers take ~6%. We've operated 4,000+ spaces. Can I text the link?",Bradley @ Tread Companies / Trailer Parks re Coffman Mobile Home Estates (Elkmont). Free owner marketplace — $0 fees. List in 2 min: https://temporary-zippy-celesta-4cyc4ht.vercel.app/list-your-park?ref=bradley-outreach,https://temporary-zippy-celesta-4cyc4ht.vercel.app/list-your-park?ref=bradley-outreach
Lone Tree Family Community,(334) 285-2268,Elmore,AL,130 Renee Way,36025,Elmore,"Hi, Bradley with Tread Companies / Trailer Parks calling about Lone Tree Family Community in Elmore. Free marketplace for park owners — $0 listing fee, $0 success fee. Brokers take ~6%. We've operated 4,000+ spaces. Can I text the link?",Bradley @ Tread Companies / Trailer Parks re Lone Tree Family Community (Elmore). Free owner marketplace — $0 fees. List in 2 min: https://temporary-zippy-celesta-4cyc4ht.vercel.app/list-your-park?ref=bradley-outreach,https://temporary-zippy-celesta-4cyc4ht.vercel.app/list-your-park?ref=bradley-outreach
Holiday Village Mhp,(334) 347-7051,Enterprise,AL,4800 Rucker Boulevard,36330,Dale,"Hi, Bradley with Tread Companies / Trailer Parks calling about Holiday Village Mhp in Enterprise. Free marketplace for park owners — $0 listing fee, $0 success fee. Brokers take ~6%. We've operated 4,000+ spaces. Can I text the link?",Bradley @ Tread Companies / Trailer Parks re Holiday Village Mhp (Enterprise). Free owner marketplace — $0 fees. List in 2 min: https://temporary-zippy-celesta-4cyc4ht.vercel.app/list-your-park?ref=bradley-outreach,https://temporary-zippy-celesta-4cyc4ht.vercel.app/list-your-park?ref=bradley-outreach
Sunny South Mini Warehouse,(334) 347-5000,Enterprise,AL,712 Glover Avenue,36330,Coffee,"Hi, Bradley with Tread Companies / Trailer Parks calling about Sunny South Mini Warehouse in Enterprise. Free marketplace for park owners — $0 listing fee, $0 success fee. Brokers take ~6%. We've operated 4,000+ spaces. Can I text the link?",Bradley @ Tread Companies / Trailer Parks re Sunny South Mini Warehouse (Enterprise). Free owner marketplace — $0 fees. List in 2 min: https://temporary-zippy-celesta-4cyc4ht.vercel.app/list-your-park?ref=bradley-outreach,https://temporary-zippy-celesta-4cyc4ht.vercel.app/list-your-park?ref=bradley-outreach
Cedar Grove Mhp,(334) 687-4700,Eufaula,AL,3855 South Eufaula Avenue,36027,Barbour,"Hi, Bradley with Tread Companies / Trailer Parks calling about Cedar Grove Mhp in Eufaula. Free marketplace for park owners — $0 listing fee, $0 success fee. Brokers take ~6%. We've operated 4,000+ spaces. Can I text the link?",Bradley @ Tread Companies / Trailer Parks re Cedar Grove Mhp (Eufaula). Free owner marketplace — $0 fees. List in 2 min: https://temporary-zippy-celesta-4cyc4ht.vercel.app/list-your-park?ref=bradley-outreach,https://temporary-zippy-celesta-4cyc4ht.vercel.app/list-your-park?ref=bradley-outreach
Kelley'S Mhp,(334) 750-2273,Eufaula,AL,4080 Hwy 431 South,36027,Barbour,"Hi, Bradley with Tread Companies / Trailer Parks calling about Kelley'S Mhp in Eufaula. Free marketplace for park owners — $0 listing fee, $0 success fee. Brokers take ~6%. We've operated 4,000+ spaces. Can I text the link?",Bradley @ Tread Companies / Trailer Parks re Kelley'S Mhp (Eufaula). Free owner marketplace — $0 fees. List in 2 min: https://temporary-zippy-celesta-4cyc4ht.vercel.app/list-your-park?ref=bradley-outreach,https://temporary-zippy-celesta-4cyc4ht.vercel.app/list-your-park?ref=bradley-outreach
Level Acres Mobile Homes,(334) 687-2123,Eufaula,AL,1255 North Eufaula Avenue,36027,Barbour,"Hi, Bradley with Tread Companies / Trailer Parks calling about Level Acres Mobile Homes in Eufaula. Free marketplace for park owners — $0 listing fee, $0 success fee. Brokers take ~6%. We've operated 4,000+ spaces. Can I text the link?",Bradley @ Tread Companies / Trailer Parks re Level Acres Mobile Homes (Eufaula). Free owner marketplace — $0 fees. List in 2 min: https://temporary-zippy-celesta-4cyc4ht.vercel.app/list-your-park?ref=bradley-outreach,https://temporary-zippy-celesta-4cyc4ht.vercel.app/list-your-park?ref=bradley-outreach
Eastern Shore Mobile Home Village,(334) 928-7855,Fairhope,AL,19270 South Greeno Road,36532,Baldwin,"Hi, Bradley with Tread Companies / Trailer Parks calling about Eastern Shore Mobile Home Village in Fairhope. Free marketplace for park owners — $0 listing fee, $0 success fee. Brokers take ~6%. We've operated 4,000+ spaces. Can I text the link?",Bradley @ Tread Companies / Trailer Parks re Eastern Shore Mobile Home Village (Fairhope). Free owner marketplace — $0 fees. List in 2 min: https://temporary-zippy-celesta-4cyc4ht.vercel.app/list-your-park?ref=bradley-outreach,https://temporary-zippy-celesta-4cyc4ht.vercel.app/list-your-park?ref=bradley-outreach
Key Allegro Villas,(334) 990-0009,Fairhope,AL,13405 Key Allegro Boulevard,36532,Baldwin,"Hi, Bradley with Tread Companies / Trailer Parks calling about Key Allegro Villas in Fairhope. Free marketplace for park owners — $0 listing fee, $0 success fee. Brokers take ~6%. We've operated 4,000+ spaces. Can I text the link?",Bradley @ Tread Companies / Trailer Parks re Key Allegro Villas (Fairhope). Free owner marketplace — $0 fees. List in 2 min: https://temporary-zippy-celesta-4cyc4ht.vercel.app/list-your-park?ref=bradley-outreach,https://temporary-zippy-celesta-4cyc4ht.vercel.app/list-your-park?ref=bradley-outreach
La Bonne Vie Trailer Park,(334) 928-0787,Fairhope,AL,19027 County Road 33,36532,Baldwin,"Hi, Bradley with Tread Companies / Trailer Parks calling about La Bonne Vie Trailer Park in Fairhope. Free marketplace for park owners — $0 listing fee, $0 success fee. Brokers take ~6%. We've operated 4,000+ spaces. Can I text the link?",Bradley @ Tread Companies / Trailer Parks re La Bonne Vie Trailer Park (Fairhope). Free owner marketplace — $0 fees. List in 2 min: https://temporary-zippy-celesta-4cyc4ht.vercel.app/list-your-park?ref=bradley-outreach,https://temporary-zippy-celesta-4cyc4ht.vercel.app/list-your-park?ref=bradley-outreach
Brewer Circle B Mhp,(334) 943-8256,Foley,AL,17547 County Road 26,36535,Baldwin,"Hi, Bradley with Tread Companies / Trailer Parks calling about Brewer Circle B Mhp in Foley. Free marketplace for park owners — $0 listing fee, $0 success fee. Brokers take ~6%. We've operated 4,000+ spaces. Can I text the link?",Bradley @ Tread Companies / Trailer Parks re Brewer Circle B Mhp (Foley). Free owner marketplace — $0 fees. List in 2 min: https://temporary-zippy-celesta-4cyc4ht.vercel.app/list-your-park?ref=bradley-outreach,https://temporary-zippy-celesta-4cyc4ht.vercel.app/list-your-park?ref=bradley-outreach
Country Village Mobile Home,(334) 981-3214,Foley,AL,18175 Underwood Road,36535,Baldwin,"Hi, Bradley with Tread Companies / Trailer Parks calling about Country Village Mobile Home in Foley. Free marketplace for park owners — $0 listing fee, $0 success fee. Brokers take ~6%. We've operated 4,000+ spaces. Can I text the link?",Bradley @ Tread Companies / Trailer Parks re Country Village Mobile Home (Foley). Free owner marketplace — $0 fees. List in 2 min: https://temporary-zippy-celesta-4cyc4ht.vercel.app/list-your-park?ref=bradley-outreach,https://temporary-zippy-celesta-4cyc4ht.vercel.app/list-your-park?ref=bradley-outreach
Dogwood Village Mobile Home,(334) 943-4854,Foley,AL,815 South Juniper Street,36535,Baldwin,"Hi, Bradley with Tread Companies / Trailer Parks calling about Dogwood Village Mobile Home in Foley. Free marketplace for park owners — $0 listing fee, $0 success fee. Brokers take ~6%. We've operated 4,000+ spaces. Can I text the link?",Bradley @ Tread Companies / Trailer Parks re Dogwood Village Mobile Home (Foley). Free owner marketplace — $0 fees. List in 2 min: https://temporary-zippy-celesta-4cyc4ht.vercel.app/list-your-park?ref=bradley-outreach,https://temporary-zippy-celesta-4cyc4ht.vercel.app/list-your-park?ref=bradley-outreach
Helen'S Mhp,(334) 943-1227,Foley,AL,10340 South Juniper Street,36535,Baldwin,"Hi, Bradley with Tread Companies / Trailer Parks calling about Helen'S Mhp in Foley. Free marketplace for park owners — $0 listing fee, $0 success fee. Brokers take ~6%. We've operated 4,000+ spaces. Can I text the link?",Bradley @ Tread Companies / Trailer Parks re Helen'S Mhp (Foley). Free owner marketplace — $0 fees. List in 2 min: https://temporary-zippy-celesta-4cyc4ht.vercel.app/list-your-park?ref=bradley-outreach,https://temporary-zippy-celesta-4cyc4ht.vercel.app/list-your-park?ref=bradley-outreach
Jack'S Trailer Court,(334) 943-6631,Foley,AL,1081 West Laurel Avenue,36535,Baldwin,"Hi, Bradley with Tread Companies / Trailer Parks calling about Jack'S Trailer Court in Foley. Free marketplace for park owners — $0 listing fee, $0 success fee. Brokers take ~6%. We've operated 4,000+ spaces. Can I text the link?",Bradley @ Tread Companies / Trailer Parks re Jack'S Trailer Court (Foley). Free owner marketplace — $0 fees. List in 2 min: https://temporary-zippy-celesta-4cyc4ht.vercel.app/list-your-park?ref=bradley-outreach,https://temporary-zippy-celesta-4cyc4ht.vercel.app/list-your-park?ref=bradley-outreach
Mallard Point Trailer Court,(334) 943-2038,Foley,AL,22260 Highway 98,36535,Baldwin,"Hi, Bradley with Tread Companies / Trailer Parks calling about Mallard Point Trailer Court in Foley. Free marketplace for park owners — $0 listing fee, $0 success fee. Brokers take ~6%. We've operated 4,000+ spaces. Can I text the link?",Bradley @ Tread Companies / Trailer Parks re Mallard Point Trailer Court (Foley). Free owner marketplace — $0 fees. List in 2 min: https://temporary-zippy-celesta-4cyc4ht.vercel.app/list-your-park?ref=bradley-outreach,https://temporary-zippy-celesta-4cyc4ht.vercel.app/list-your-park?ref=bradley-outreach
Pelican Mhp,(334) 943-2689,Foley,AL,410 East Hamilton Avenue,36535,Baldwin,"Hi, Bradley with Tread Companies / Trailer Parks calling about Pelican Mhp in Foley. Free marketplace for park owners — $0 listing fee, $0 success fee. Brokers take ~6%. We've operated 4,000+ spaces. Can I text the link?",Bradley @ Tread Companies / Trailer Parks re Pelican Mhp (Foley). Free owner marketplace — $0 fees. List in 2 min: https://temporary-zippy-celesta-4cyc4ht.vercel.app/list-your-park?ref=bradley-outreach,https://temporary-zippy-celesta-4cyc4ht.vercel.app/list-your-park?ref=bradley-outreach
Green Acres Mhp,(205) 845-5530,Fort Payne,AL,2309 Grand Avenue South,35967,Dekalb,"Hi, Bradley with Tread Companies / Trailer Parks calling about Green Acres Mhp in Fort Payne. Free marketplace for park owners — $0 listing fee, $0 success fee. Brokers take ~6%. We've operated 4,000+ spaces. Can I text the link?",Bradley @ Tread Companies / Trailer Parks re Green Acres Mhp (Fort Payne). Free owner marketplace — $0 fees. List in 2 min: https://temporary-zippy-celesta-4cyc4ht.vercel.app/list-your-park?ref=bradley-outreach,https://temporary-zippy-celesta-4cyc4ht.vercel.app/list-your-park?ref=bradley-outreach
Sequoyah Mobile Home Community,(205) 845-1471,Fort Payne,AL,350 Sequoyah Drive Northeast,35967,Dekalb,"Hi, Bradley with Tread Companies / Trailer Parks calling about Sequoyah Mobile Home Community in Fort Payne. Free marketplace for park owners — $0 listing fee, $0 success fee. Brokers take ~6%. We've operated 4,000+ spaces. Can I text the link?",Bradley @ Tread Companies / Trailer Parks re Sequoyah Mobile Home Community (Fort Payne). Free owner marketplace — $0 fees. List in 2 min: https://temporary-zippy-celesta-4cyc4ht.vercel.app/list-your-park?ref=bradley-outreach,https://temporary-zippy-celesta-4cyc4ht.vercel.app/list-your-park?ref=bradley-outreach
One Hundred Oaks Mobile Home,(205) 631-4587,Fultondale,AL,2755 Stonefield Drive,35068,Jefferson,"Hi, Bradley with Tread Companies / Trailer Parks calling about One Hundred Oaks Mobile Home in Fultondale. Free marketplace for park owners — $0 listing fee, $0 success fee. Brokers take ~6%. We've operated 4,000+ spaces. Can I text the link?",Bradley @ Tread Companies / Trailer Parks re One Hundred Oaks Mobile Home (Fultondale). Free owner marketplace — $0 fees. List in 2 min: https://temporary-zippy-celesta-4cyc4ht.vercel.app/list-your-park?ref=bradley-outreach,https://temporary-zippy-celesta-4cyc4ht.vercel.app/list-your-park?ref=bradley-outreach
Peachtree Crossings,(205) 631-0095,Gardendale,AL,6521 Peach Tree Boulevard,35071,Jefferson,"Hi, Bradley with Tread Companies / Trailer Parks calling about Peachtree Crossings in Gardendale. Free marketplace for park owners — $0 listing fee, $0 success fee. Brokers take ~6%. We've operated 4,000+ spaces. Can I text the link?",Bradley @ Tread Companies / Trailer Parks re Peachtree Crossings (Gardendale). Free owner marketplace — $0 fees. List in 2 min: https://temporary-zippy-celesta-4cyc4ht.vercel.app/list-your-park?ref=bradley-outreach,https://temporary-zippy-celesta-4cyc4ht.vercel.app/list-your-park?ref=bradley-outreach
Pecan Grove Mfg Home Park,(251) 209-7260,Grand Bay,AL,14651 Old Pascagoula Rd,36541,Mobile,"Hi, Bradley with Tread Companies / Trailer Parks calling about Pecan Grove Mfg Home Park in Grand Bay. Free marketplace for park owners — $0 listing fee, $0 success fee. Brokers take ~6%. We've operated 4,000+ spaces. Can I text the link?",Bradley @ Tread Companies / Trailer Parks re Pecan Grove Mfg Home Park (Grand Bay). Free owner marketplace — $0 fees. List in 2 min: https://temporary-zippy-celesta-4cyc4ht.vercel.app/list-your-park?ref=bradley-outreach,https://temporary-zippy-celesta-4cyc4ht.vercel.app/list-your-park?ref=bradley-outreach
Trav-L-Kamp & Mhp,(334) 865-4322,Grand Bay,AL,9560 Grand Bay Wilmer Road,36541,Mobile,"Hi, Bradley with Tread Companies / Trailer Parks calling about Trav-L-Kamp & Mhp in Grand Bay. Free marketplace for park owners — $0 listing fee, $0 success fee. Brokers take ~6%. We've operated 4,000+ spaces. Can I text the link?",Bradley @ Tread Companies / Trailer Parks re Trav-L-Kamp & Mhp (Grand Bay). Free owner marketplace — $0 fees. List in 2 min: https://temporary-zippy-celesta-4cyc4ht.vercel.app/list-your-park?ref=bradley-outreach,https://temporary-zippy-celesta-4cyc4ht.vercel.app/list-your-park?ref=bradley-outreach
Pinedale Haven Mhp,(205) 582-3014,Guntersville,AL,1345 Cha La Kee Road,35976,Marshall,"Hi, Bradley with Tread Companies / Trailer Parks calling about Pinedale Haven Mhp in Guntersville. Free marketplace for park owners — $0 listing fee, $0 success fee. Brokers take ~6%. We've operated 4,000+ spaces. Can I text the link?",Bradley @ Tread Companies / Trailer Parks re Pinedale Haven Mhp (Guntersville). Free owner marketplace — $0 fees. List in 2 min: https://temporary-zippy-celesta-4cyc4ht.vercel.app/list-your-park?ref=bradley-outreach,https://temporary-zippy-celesta-4cyc4ht.vercel.app/list-your-park?ref=bradley-outreach
Heflin Trailer Court,(205) 463-2325,Heflin,AL,1701 Almon Street,36264,Cleburne,"Hi, Bradley with Tread Companies / Trailer Parks calling about Heflin Trailer Court in Heflin. Free marketplace for park owners — $0 listing fee, $0 success fee. Brokers take ~6%. We've operated 4,000+ spaces. Can I text the link?",Bradley @ Tread Companies / Trailer Parks re Heflin Trailer Court (Heflin). Free owner marketplace — $0 fees. List in 2 min: https://temporary-zippy-celesta-4cyc4ht.vercel.app/list-your-park?ref=bradley-outreach,https://temporary-zippy-celesta-4cyc4ht.vercel.app/list-your-park?ref=bradley-outreach
Brookline Forest Mobile Home,(205) 663-7799,Helena,AL,230 Brook Forest Circle,35080,Shelby,"Hi, Bradley with Tread Companies / Trailer Parks calling about Brookline Forest Mobile Home in Helena. Free marketplace for park owners — $0 listing fee, $0 success fee. Brokers take ~6%. We've operated 4,000+ spaces. Can I text the link?",Bradley @ Tread Companies / Trailer Parks re Brookline Forest Mobile Home (Helena). Free owner marketplace — $0 fees. List in 2 min: https://temporary-zippy-celesta-4cyc4ht.vercel.app/list-your-park?ref=bradley-outreach,https://temporary-zippy-celesta-4cyc4ht.vercel.app/list-your-park?ref=bradley-outreach
Mallard Creek Trailer & Rec. Vehicle Park,(205) 637-6107,Hillsboro,AL,12838 County Road 400,35643,Lawrence,"Hi, Bradley with Tread Companies / Trailer Parks calling about Mallard Creek Trailer & Rec. Vehicle Park in Hillsboro. Free marketplace for park owners — $0 listing fee, $0 success fee. Brokers take ~6%. We've operated 4,000+ spaces. Can I text the link?",Bradley @ Tread Companies / Trailer Parks re Mallard Creek Trailer & Rec. Vehicle Park (Hillsboro). Free owner marketplace — $0 fees. List in 2 min: https://temporary-zippy-celesta-4cyc4ht.vercel.app/list-your-park?ref=bradley-outreach,https://temporary-zippy-celesta-4cyc4ht.vercel.app/list-your-park?ref=bradley-outreach
Swan Lake Mhp,(334) 288-2588,Hope Hull,AL,145 Swan Lake Drive,36043,Montgomery,"Hi, Bradley with Tread Companies / Trailer Parks calling about Swan Lake Mhp in Hope Hull. Free marketplace for park owners — $0 listing fee, $0 success fee. Brokers take ~6%. We've operated 4,000+ spaces. Can I text the link?",Bradley @ Tread Companies / Trailer Parks re Swan Lake Mhp (Hope Hull). Free owner marketplace — $0 fees. List in 2 min: https://temporary-zippy-celesta-4cyc4ht.vercel.app/list-your-park?ref=bradley-outreach,https://temporary-zippy-celesta-4cyc4ht.vercel.app/list-your-park?ref=bradley-outreach
Saddle Ridge Home Village,(205) 497-0200,Hueytown,AL,3275 Allison Bonnett Memorial Drive,35023,Jefferson,"Hi, Bradley with Tread Companies / Trailer Parks calling about Saddle Ridge Home Village in Hueytown. Free marketplace for park owners — $0 listing fee, $0 success fee. Brokers take ~6%. We've operated 4,000+ spaces. Can I text the link?",Bradley @ Tread Companies / Trailer Parks re Saddle Ridge Home Village (Hueytown). Free owner marketplace — $0 fees. List in 2 min: https://temporary-zippy-celesta-4cyc4ht.vercel.app/list-your-park?ref=bradley-outreach,https://temporary-zippy-celesta-4cyc4ht.vercel.app/list-your-park?ref=bradley-outreach
A & A Mobile Home Estates,(205) 772-0198,Huntsville,AL,125 James Madison Drive Southwest,35824,Madison,"Hi, Bradley with Tread Companies / Trailer Parks calling about A & A Mobile Home Estates in Huntsville. Free marketplace for park owners — $0 listing fee, $0 success fee. Brokers take ~6%. We've operated 4,000+ spaces. Can I text the link?",Bradley @ Tread Companies / Trailer Parks re A & A Mobile Home Estates (Huntsville). Free owner marketplace — $0 fees. List in 2 min: https://temporary-zippy-celesta-4cyc4ht.vercel.app/list-your-park?ref=bradley-outreach,https://temporary-zippy-celesta-4cyc4ht.vercel.app/list-your-park?ref=bradley-outreach
Bailey Homes,(205) 881-4736,Huntsville,AL,3012 Johnson Road Southwest,35805,Madison,"Hi, Bradley with Tread Companies / Trailer Parks calling about Bailey Homes in Huntsville. Free marketplace for park owners — $0 listing fee, $0 success fee. Brokers take ~6%. We've operated 4,000+ spaces. Can I text the link?",Bradley @ Tread Companies / Trailer Parks re Bailey Homes (Huntsville). Free owner marketplace — $0 fees. List in 2 min: https://temporary-zippy-celesta-4cyc4ht.vercel.app/list-your-park?ref=bradley-outreach,https://temporary-zippy-celesta-4cyc4ht.vercel.app/list-your-park?ref=bradley-outreach
Cedar Creek Mhp,(205) 852-6565,Huntsville,AL,4020 Pulaski Pike Northwest,35810,Madison,"Hi, Bradley with Tread Companies / Trailer Parks calling about Cedar Creek Mhp in Huntsville. Free marketplace for park owners — $0 listing fee, $0 success fee. Brokers take ~6%. We've operated 4,000+ spaces. Can I text the link?",Bradley @ Tread Companies / Trailer Parks re Cedar Creek Mhp (Huntsville). Free owner marketplace — $0 fees. List in 2 min: https://temporary-zippy-celesta-4cyc4ht.vercel.app/list-your-park?ref=bradley-outreach,https://temporary-zippy-celesta-4cyc4ht.vercel.app/list-your-park?ref=bradley-outreach
Gateway Mhp,(205) 650-0189,Huntsville,AL,11795 West Gateway Drive Southeast,35803,Madison,"Hi, Bradley with Tread Companies / Trailer Parks calling about Gateway Mhp in Huntsville. Free marketplace for park owners — $0 listing fee, $0 success fee. Brokers take ~6%. We've operated 4,000+ spaces. Can I text the link?",Bradley @ Tread Companies / Trailer Parks re Gateway Mhp (Huntsville). Free owner marketplace — $0 fees. List in 2 min: https://temporary-zippy-celesta-4cyc4ht.vercel.app/list-your-park?ref=bradley-outreach,https://temporary-zippy-celesta-4cyc4ht.vercel.app/list-your-park?ref=bradley-outreach
Green Cove Mhp,(205) 881-3631,Huntsville,AL,325 Green Cove Road Southeast,35803,Madison,"Hi, Bradley with Tread Companies / Trailer Parks calling about Green Cove Mhp in Huntsville. Free marketplace for park owners — $0 listing fee, $0 success fee. Brokers take ~6%. We've operated 4,000+ spaces. Can I text the link?",Bradley @ Tread Companies / Trailer Parks re Green Cove Mhp (Huntsville). Free owner marketplace — $0 fees. List in 2 min: https://temporary-zippy-celesta-4cyc4ht.vercel.app/list-your-park?ref=bradley-outreach,https://temporary-zippy-celesta-4cyc4ht.vercel.app/list-your-park?ref=bradley-outreach
Huntsville Mobile Home Estates,(205) 837-1893,Huntsville,AL,2417 Mobile Drive Southwest,35805,Madison,"Hi, Bradley with Tread Companies / Trailer Parks calling about Huntsville Mobile Home Estates in Huntsville. Free marketplace for park owners — $0 listing fee, $0 success fee. Brokers take ~6%. We've operated 4,000+ spaces. Can I text the link?",Bradley @ Tread Companies / Trailer Parks re Huntsville Mobile Home Estates (Huntsville). Free owner marketplace — $0 fees. List in 2 min: https://temporary-zippy-celesta-4cyc4ht.vercel.app/list-your-park?ref=bradley-outreach,https://temporary-zippy-celesta-4cyc4ht.vercel.app/list-your-park?ref=bradley-outreach
Triana Mobile Home Community,(205) 881-0671,Huntsville,AL,4509 Triana Boulevard Southwest,35805,Madison,"Hi, Bradley with Tread Companies / Trailer Parks calling about Triana Mobile Home Community in Huntsville. Free marketplace for park owners — $0 listing fee, $0 success fee. Brokers take ~6%. We've operated 4,000+ spaces. Can I text the link?",Bradley @ Tread Companies / Trailer Parks re Triana Mobile Home Community (Huntsville). Free owner marketplace — $0 fees. List in 2 min: https://temporary-zippy-celesta-4cyc4ht.vercel.app/list-your-park?ref=bradley-outreach,https://temporary-zippy-celesta-4cyc4ht.vercel.app/list-your-park?ref=bradley-outreach
Eastwood Mobile Home Village,(205) 956-5100,Irondale,AL,1961 Alton Road #802N,35210,Jefferson,"Hi, Bradley with Tread Companies / Trailer Parks calling about Eastwood Mobile Home Village in Irondale. Free marketplace for park owners — $0 listing fee, $0 success fee. Brokers take ~6%. We've operated 4,000+ spaces. Can I text the link?",Bradley @ Tread Companies / Trailer Parks re Eastwood Mobile Home Village (Irondale). Free owner marketplace — $0 fees. List in 2 min: https://temporary-zippy-celesta-4cyc4ht.vercel.app/list-your-park?ref=bradley-outreach,https://temporary-zippy-celesta-4cyc4ht.vercel.app/list-your-park?ref=bradley-outreach
Jacksonville Mhp,(205) 435-3800,Jacksonville,AL,1 Harris Street #B,36265,Calhoun,"Hi, Bradley with Tread Companies / Trailer Parks calling about Jacksonville Mhp in Jacksonville. Free marketplace for park owners — $0 listing fee, $0 success fee. Brokers take ~6%. We've operated 4,000+ spaces. Can I text the link?",Bradley @ Tread Companies / Trailer Parks re Jacksonville Mhp (Jacksonville). Free owner marketplace — $0 fees. List in 2 min: https://temporary-zippy-celesta-4cyc4ht.vercel.app/list-your-park?ref=bradley-outreach,https://temporary-zippy-celesta-4cyc4ht.vercel.app/list-your-park?ref=bradley-outreach
Murray Mhp,(205) 435-5459,Jacksonville,AL,227 Francis Street East,36265,Calhoun,"Hi, Bradley with Tread Companies / Trailer Parks calling about Murray Mhp in Jacksonville. Free marketplace for park owners — $0 listing fee, $0 success fee. Brokers take ~6%. We've operated 4,000+ spaces. Can I text the link?",Bradley @ Tread Companies / Trailer Parks re Murray Mhp (Jacksonville). Free owner marketplace — $0 fees. List in 2 min: https://temporary-zippy-celesta-4cyc4ht.vercel.app/list-your-park?ref=bradley-outreach,https://temporary-zippy-celesta-4cyc4ht.vercel.app/list-your-park?ref=bradley-outreach
North Pine Inc,(205) 435-5526,Jacksonville,AL,3569 Cedar Springs Road,36265,Calhoun,"Hi, Bradley with Tread Companies / Trailer Parks calling about North Pine Inc in Jacksonville. Free marketplace for park owners — $0 listing fee, $0 success fee. Brokers take ~6%. We've operated 4,000+ spaces. Can I text the link?",Bradley @ Tread Companies / Trailer Parks re North Pine Inc (Jacksonville). Free owner marketplace — $0 fees. List in 2 min: https://temporary-zippy-celesta-4cyc4ht.vercel.app/list-your-park?ref=bradley-outreach,https://temporary-zippy-celesta-4cyc4ht.vercel.app/list-your-park?ref=bradley-outreach
University Courts Mobile Home,(205) 435-3894,Jacksonville,AL,1007 Alexandria Road Southwest #60,36265,Calhoun,"Hi, Bradley with Tread Companies / Trailer Parks calling about University Courts Mobile Home in Jacksonville. Free marketplace for park owners — $0 listing fee, $0 success fee. Brokers take ~6%. We've operated 4,000+ spaces. Can I text the link?",Bradley @ Tread Companies / Trailer Parks re University Courts Mobile Home (Jacksonville). Free owner marketplace — $0 fees. List in 2 min: https://temporary-zippy-celesta-4cyc4ht.vercel.app/list-your-park?ref=bradley-outreach,https://temporary-zippy-celesta-4cyc4ht.vercel.app/list-your-park?ref=bradley-outreach
Domaine,(205) 221-9545,Jasper,AL,100 Domaine Boulevard,35501,Walker,"Hi, Bradley with Tread Companies / Trailer Parks calling about Domaine in Jasper. Free marketplace for park owners — $0 listing fee, $0 success fee. Brokers take ~6%. We've operated 4,000+ spaces. Can I text the link?",Bradley @ Tread Companies / Trailer Parks re Domaine (Jasper). Free owner marketplace — $0 fees. List in 2 min: https://temporary-zippy-celesta-4cyc4ht.vercel.app/list-your-park?ref=bradley-outreach,https://temporary-zippy-celesta-4cyc4ht.vercel.app/list-your-park?ref=bradley-outreach
Uptain Mhp,(205) 387-2065,Jasper,AL,655 Sanders Road,35504,Walker,"Hi, Bradley with Tread Companies / Trailer Parks calling about Uptain Mhp in Jasper. Free marketplace for park owners — $0 listing fee, $0 success fee. Brokers take ~6%. We've operated 4,000+ spaces. Can I text the link?",Bradley @ Tread Companies / Trailer Parks re Uptain Mhp (Jasper). Free owner marketplace — $0 fees. List in 2 min: https://temporary-zippy-celesta-4cyc4ht.vercel.app/list-your-park?ref=bradley-outreach,https://temporary-zippy-celesta-4cyc4ht.vercel.app/list-your-park?ref=bradley-outreach
Aladdin Mobile Home Estates,(205) 882-0085,Laceys Spring,AL,777 Highway 231,35754,Morgan,"Hi, Bradley with Tread Companies / Trailer Parks calling about Aladdin Mobile Home Estates in Laceys Spring. Free marketplace for park owners — $0 listing fee, $0 success fee. Brokers take ~6%. We've operated 4,000+ spaces. Can I text the link?",Bradley @ Tread Companies / Trailer Parks re Aladdin Mobile Home Estates (Laceys Spring). Free owner marketplace — $0 fees. List in 2 min: https://temporary-zippy-celesta-4cyc4ht.vercel.app/list-your-park?ref=bradley-outreach,https://temporary-zippy-celesta-4cyc4ht.vercel.app/list-your-park?ref=bradley-outreach
Ciesta Mhp,(334) 576-5555,Lanett,AL,818 Veterans Memorial Pkwy,36863,Chambers,"Hi, Bradley with Tread Companies / Trailer Parks calling about Ciesta Mhp in Lanett. Free marketplace for park owners — $0 listing fee, $0 success fee. Brokers take ~6%. We've operated 4,000+ spaces. Can I text the link?",Bradley @ Tread Companies / Trailer Parks re Ciesta Mhp (Lanett). Free owner marketplace — $0 fees. List in 2 min: https://temporary-zippy-celesta-4cyc4ht.vercel.app/list-your-park?ref=bradley-outreach,https://temporary-zippy-celesta-4cyc4ht.vercel.app/list-your-park?ref=bradley-outreach
Village At Moody,(205) 640-5115,Leeds,AL,3000 The Village,35094,St Clair,"Hi, Bradley with Tread Companies / Trailer Parks calling about Village At Moody in Leeds. Free marketplace for park owners — $0 listing fee, $0 success fee. Brokers take ~6%. We've operated 4,000+ spaces. Can I text the link?",Bradley @ Tread Companies / Trailer Parks re Village At Moody (Leeds). Free owner marketplace — $0 fees. List in 2 min: https://temporary-zippy-celesta-4cyc4ht.vercel.app/list-your-park?ref=bradley-outreach,https://temporary-zippy-celesta-4cyc4ht.vercel.app/list-your-park?ref=bradley-outreach
Mae'S Mhp,(205) 763-7316,Lincoln,AL,398 Mary Jo Lane,35096,Talladega,"Hi, Bradley with Tread Companies / Trailer Parks calling about Mae'S Mhp in Lincoln. Free marketplace for park owners — $0 listing fee, $0 success fee. Brokers take ~6%. We've operated 4,000+ spaces. Can I text the link?",Bradley @ Tread Companies / Trailer Parks re Mae'S Mhp (Lincoln). Free owner marketplace — $0 fees. List in 2 min: https://temporary-zippy-celesta-4cyc4ht.vercel.app/list-your-park?ref=bradley-outreach,https://temporary-zippy-celesta-4cyc4ht.vercel.app/list-your-park?ref=bradley-outreach
Mc Caig'S Mhp,(205) 763-7731,Lincoln,AL,75333 Al Highway 77,35096,Talladega,"Hi, Bradley with Tread Companies / Trailer Parks calling about Mc Caig'S Mhp in Lincoln. Free marketplace for park owners — $0 listing fee, $0 success fee. Brokers take ~6%. We've operated 4,000+ spaces. Can I text the link?",Bradley @ Tread Companies / Trailer Parks re Mc Caig'S Mhp (Lincoln). Free owner marketplace — $0 fees. List in 2 min: https://temporary-zippy-celesta-4cyc4ht.vercel.app/list-your-park?ref=bradley-outreach,https://temporary-zippy-celesta-4cyc4ht.vercel.app/list-your-park?ref=bradley-outreach
Stuart Mhp,(205) 652-7494,Livingston,AL,210 Pickens Street,35470,Sumter,"Hi, Bradley with Tread Companies / Trailer Parks calling about Stuart Mhp in Livingston. Free marketplace for park owners — $0 listing fee, $0 success fee. Brokers take ~6%. We've operated 4,000+ spaces. Can I text the link?",Bradley @ Tread Companies / Trailer Parks re Stuart Mhp (Livingston). Free owner marketplace — $0 fees. List in 2 min: https://temporary-zippy-celesta-4cyc4ht.vercel.app/list-your-park?ref=bradley-outreach,https://temporary-zippy-celesta-4cyc4ht.vercel.app/list-your-park?ref=bradley-outreach
Crestwood Estates Family Community,(256) 837-0461,Madison,AL,100 Alton Lynch Circle,35757,Madison,"Hi, Bradley with Tread Companies / Trailer Parks calling about Crestwood Estates Family Community in Madison. Free marketplace for park owners — $0 listing fee, $0 success fee. Brokers take ~6%. We've operated 4,000+ spaces. Can I text the link?",Bradley @ Tread Companies / Trailer Parks re Crestwood Estates Family Community (Madison). Free owner marketplace — $0 fees. List in 2 min: https://temporary-zippy-celesta-4cyc4ht.vercel.app/list-your-park?ref=bradley-outreach,https://temporary-zippy-celesta-4cyc4ht.vercel.app/list-your-park?ref=bradley-outreach
Mountain View Trailer Court,(256) 837-3761,Madison,AL,1800 Slaughter Road,35758,Madison,"Hi, Bradley with Tread Companies / Trailer Parks calling about Mountain View Trailer Court in Madison. Free marketplace for park owners — $0 listing fee, $0 success fee. Brokers take ~6%. We've operated 4,000+ spaces. Can I text the link?",Bradley @ Tread Companies / Trailer Parks re Mountain View Trailer Court (Madison). Free owner marketplace — $0 fees. List in 2 min: https://temporary-zippy-celesta-4cyc4ht.vercel.app/list-your-park?ref=bradley-outreach,https://temporary-zippy-celesta-4cyc4ht.vercel.app/list-your-park?ref=bradley-outreach
Shady Brook Mhp,(256) 533-9622,Madison,AL,9162 Segers Road,35756,Limestone,"Hi, Bradley with Tread Companies / Trailer Parks calling about Shady Brook Mhp in Madison. Free marketplace for park owners — $0 listing fee, $0 success fee. Brokers take ~6%. We've operated 4,000+ spaces. Can I text the link?",Bradley @ Tread Companies / Trailer Parks re Shady Brook Mhp (Madison). Free owner marketplace — $0 fees. List in 2 min: https://temporary-zippy-celesta-4cyc4ht.vercel.app/list-your-park?ref=bradley-outreach,https://temporary-zippy-celesta-4cyc4ht.vercel.app/list-your-park?ref=bradley-outreach
West Valley Mhp,(256) 837-5050,Madison,AL,1058 Slaughter Road,35758,Madison,"Hi, Bradley with Tread Companies / Trailer Parks calling about West Valley Mhp in Madison. Free marketplace for park owners — $0 listing fee, $0 success fee. Brokers take ~6%. We've operated 4,000+ spaces. Can I text the link?",Bradley @ Tread Companies / Trailer Parks re West Valley Mhp (Madison). Free owner marketplace — $0 fees. List in 2 min: https://temporary-zippy-celesta-4cyc4ht.vercel.app/list-your-park?ref=bradley-outreach,https://temporary-zippy-celesta-4cyc4ht.vercel.app/list-your-park?ref=bradley-outreach
Summerchase,(334) 792-8504,Midland City,AL,4010 Mance Newton Road,36350,Dale,"Hi, Bradley with Tread Companies / Trailer Parks calling about Summerchase in Midland City. Free marketplace for park owners — $0 listing fee, $0 success fee. Brokers take ~6%. We've operated 4,000+ spaces. Can I text the link?",Bradley @ Tread Companies / Trailer Parks re Summerchase (Midland City). Free owner marketplace — $0 fees. List in 2 min: https://temporary-zippy-celesta-4cyc4ht.vercel.app/list-your-park?ref=bradley-outreach,https://temporary-zippy-celesta-4cyc4ht.vercel.app/list-your-park?ref=bradley-outreach
Oak Tree Family Community,(334) 221-5912,Millbrook,AL,5000 Oak Tree Road,36054,Elmore,"Hi, Bradley with Tread Companies / Trailer Parks calling about Oak Tree Family Community in Millbrook. Free marketplace for park owners — $0 listing fee, $0 success fee. Brokers take ~6%. We've operated 4,000+ spaces. Can I text the link?",Bradley @ Tread Companies / Trailer Parks re Oak Tree Family Community (Millbrook). Free owner marketplace — $0 fees. List in 2 min: https://temporary-zippy-celesta-4cyc4ht.vercel.app/list-your-park?ref=bradley-outreach,https://temporary-zippy-celesta-4cyc4ht.vercel.app/list-your-park?ref=bradley-outreach
Brown'S Mobile Home & Rec. Vehicle Park,(334) 342-3383,Mobile,AL,1619 Jasper Road,36618,Mobile,"Hi, Bradley with Tread Companies / Trailer Parks calling about Brown'S Mobile Home & Rec. Vehicle Park in Mobile. Free marketplace for park owners — $0 listing fee, $0 success fee. Brokers take ~6%. We've operated 4,000+ spaces. Can I text the link?",Bradley @ Tread Companies / Trailer Parks re Brown'S Mobile Home & Rec. Vehicle Park (Mobile). Free owner marketplace — $0 fees. List in 2 min: https://temporary-zippy-celesta-4cyc4ht.vercel.app/list-your-park?ref=bradley-outreach,https://temporary-zippy-celesta-4cyc4ht.vercel.app/list-your-park?ref=bradley-outreach
Greenpark West,(334) 639-1416,Mobile,AL,7601 Airport Boulevard,36608,Mobile,"Hi, Bradley with Tread Companies / Trailer Parks calling about Greenpark West in Mobile. Free marketplace for park owners — $0 listing fee, $0 success fee. Brokers take ~6%. We've operated 4,000+ spaces. Can I text the link?",Bradley @ Tread Companies / Trailer Parks re Greenpark West (Mobile). Free owner marketplace — $0 fees. List in 2 min: https://temporary-zippy-celesta-4cyc4ht.vercel.app/list-your-park?ref=bradley-outreach,https://temporary-zippy-celesta-4cyc4ht.vercel.app/list-your-park?ref=bradley-outreach
Pala Verde Mobile Home & Rec. Vehicle,(334) 660-7148,Mobile,AL,3525 Demetropolis Road,36693,Mobile,"Hi, Bradley with Tread Companies / Trailer Parks calling about Pala Verde Mobile Home & Rec. Vehicle in Mobile. Free marketplace for park owners — $0 listing fee, $0 success fee. Brokers take ~6%. We've operated 4,000+ spaces. Can I text the link?",Bradley @ Tread Companies / Trailer Parks re Pala Verde Mobile Home & Rec. Vehicle (Mobile). Free owner marketplace — $0 fees. List in 2 min: https://temporary-zippy-celesta-4cyc4ht.vercel.app/list-your-park?ref=bradley-outreach,https://temporary-zippy-celesta-4cyc4ht.vercel.app/list-your-park?ref=bradley-outreach
Royal Acres Mobile Home Estate,(334) 633-0001,Mobile,AL,1300 Schillinger Road South,36695,Mobile,"Hi, Bradley with Tread Companies / Trailer Parks calling about Royal Acres Mobile Home Estate in Mobile. Free marketplace for park owners — $0 listing fee, $0 success fee. Brokers take ~6%. We've operated 4,000+ spaces. Can I text the link?",Bradley @ Tread Companies / Trailer Parks re Royal Acres Mobile Home Estate (Mobile). Free owner marketplace — $0 fees. List in 2 min: https://temporary-zippy-celesta-4cyc4ht.vercel.app/list-your-park?ref=bradley-outreach,https://temporary-zippy-celesta-4cyc4ht.vercel.app/list-your-park?ref=bradley-outreach
Sea Pines Mhp,(334) 478-0281,Mobile,AL,1451 Cedar Crescent Drive,36605,Mobile,"Hi, Bradley with Tread Companies / Trailer Parks calling about Sea Pines Mhp in Mobile. Free marketplace for park owners — $0 listing fee, $0 success fee. Brokers take ~6%. We've operated 4,000+ spaces. Can I text the link?",Bradley @ Tread Companies / Trailer Parks re Sea Pines Mhp (Mobile). Free owner marketplace — $0 fees. List in 2 min: https://temporary-zippy-celesta-4cyc4ht.vercel.app/list-your-park?ref=bradley-outreach,https://temporary-zippy-celesta-4cyc4ht.vercel.app/list-your-park?ref=bradley-outreach
Seven Oaks Mobile Home & Rec. Vehicle Park,(334) 460-4633,Mobile,AL,3815 Moffett Road,36618,Mobile,"Hi, Bradley with Tread Companies / Trailer Parks calling about Seven Oaks Mobile Home & Rec. Vehicle Park in Mobile. Free marketplace for park owners — $0 listing fee, $0 success fee. Brokers take ~6%. We've operated 4,000+ spaces. Can I text the link?",Bradley @ Tread Companies / Trailer Parks re Seven Oaks Mobile Home & Rec. Vehicle Park (Mobile). Free owner marketplace — $0 fees. List in 2 min: https://temporary-zippy-celesta-4cyc4ht.vercel.app/list-your-park?ref=bradley-outreach,https://temporary-zippy-celesta-4cyc4ht.vercel.app/list-your-park?ref=bradley-outreach
White Oaks Mhp,(334) 653-5650,Mobile,AL,5811 Old Pascagoula Road,36619,Mobile,"Hi, Bradley with Tread Companies / Trailer Parks calling about White Oaks Mhp in Mobile. Free marketplace for park owners — $0 listing fee, $0 success fee. Brokers take ~6%. We've operated 4,000+ spaces. Can I text the link?",Bradley @ Tread Companies / Trailer Parks re White Oaks Mhp (Mobile). Free owner marketplace — $0 fees. List in 2 min: https://temporary-zippy-celesta-4cyc4ht.vercel.app/list-your-park?ref=bradley-outreach,https://temporary-zippy-celesta-4cyc4ht.vercel.app/list-your-park?ref=bradley-outreach
Woodland Oaks Mhp,(334) 661-5310,Mobile,AL,5481 Gunn Road,36619,Mobile,"Hi, Bradley with Tread Companies / Trailer Parks calling about Woodland Oaks Mhp in Mobile. Free marketplace for park owners — $0 listing fee, $0 success fee. Brokers take ~6%. We've operated 4,000+ spaces. Can I text the link?",Bradley @ Tread Companies / Trailer Parks re Woodland Oaks Mhp (Mobile). Free owner marketplace — $0 fees. List in 2 min: https://temporary-zippy-celesta-4cyc4ht.vercel.app/list-your-park?ref=bradley-outreach,https://temporary-zippy-celesta-4cyc4ht.vercel.app/list-your-park?ref=bradley-outreach
Twin Fountain'S Mobile Homes,(334) 765-2121,Monroeville,AL,Twin Fountain Trail,36460,Monroe,"Hi, Bradley with Tread Companies / Trailer Parks calling about Twin Fountain'S Mobile Homes in Monroeville. Free marketplace for park owners — $0 listing fee, $0 success fee. Brokers take ~6%. We've operated 4,000+ spaces. Can I text the link?",Bradley @ Tread Companies / Trailer Parks re Twin Fountain'S Mobile Homes (Monroeville). Free owner marketplace — $0 fees. List in 2 min: https://temporary-zippy-celesta-4cyc4ht.vercel.app/list-your-park?ref=bradley-outreach,https://temporary-zippy-celesta-4cyc4ht.vercel.app/list-your-park?ref=bradley-outreach
Air Base Mhp,(334) 262-6661,Montgomery,AL,312 Air Base Boulevard,36108,Montgomery,"Hi, Bradley with Tread Companies / Trailer Parks calling about Air Base Mhp in Montgomery. Free marketplace for park owners — $0 listing fee, $0 success fee. Brokers take ~6%. We've operated 4,000+ spaces. Can I text the link?",Bradley @ Tread Companies / Trailer Parks re Air Base Mhp (Montgomery). Free owner marketplace — $0 fees. List in 2 min: https://temporary-zippy-celesta-4cyc4ht.vercel.app/list-your-park?ref=bradley-outreach,https://temporary-zippy-celesta-4cyc4ht.vercel.app/list-your-park?ref=bradley-outreach
Autumnwood Mhp,(334) 288-1470,Montgomery,AL,87 White Frost Drive,36116,Montgomery,"Hi, Bradley with Tread Companies / Trailer Parks calling about Autumnwood Mhp in Montgomery. Free marketplace for park owners — $0 listing fee, $0 success fee. Brokers take ~6%. We've operated 4,000+ spaces. Can I text the link?",Bradley @ Tread Companies / Trailer Parks re Autumnwood Mhp (Montgomery). Free owner marketplace — $0 fees. List in 2 min: https://temporary-zippy-celesta-4cyc4ht.vercel.app/list-your-park?ref=bradley-outreach,https://temporary-zippy-celesta-4cyc4ht.vercel.app/list-your-park?ref=bradley-outreach
Blue Ridge Mobile Homes Park,(334) 272-5173,Montgomery,AL,1870 Blue Ridge Drive,36110,Montgomery,"Hi, Bradley with Tread Companies / Trailer Parks calling about Blue Ridge Mobile Homes Park in Montgomery. Free marketplace for park owners — $0 listing fee, $0 success fee. Brokers take ~6%. We've operated 4,000+ spaces. Can I text the link?",Bradley @ Tread Companies / Trailer Parks re Blue Ridge Mobile Homes Park (Montgomery). Free owner marketplace — $0 fees. List in 2 min: https://temporary-zippy-celesta-4cyc4ht.vercel.app/list-your-park?ref=bradley-outreach,https://temporary-zippy-celesta-4cyc4ht.vercel.app/list-your-park?ref=bradley-outreach
Caravan Villa Mhp,(334) 288-7053,Montgomery,AL,5700 Bell Road,36116,Montgomery,"Hi, Bradley with Tread Companies / Trailer Parks calling about Caravan Villa Mhp in Montgomery. Free marketplace for park owners — $0 listing fee, $0 success fee. Brokers take ~6%. We've operated 4,000+ spaces. Can I text the link?",Bradley @ Tread Companies / Trailer Parks re Caravan Villa Mhp (Montgomery). Free owner marketplace — $0 fees. List in 2 min: https://temporary-zippy-celesta-4cyc4ht.vercel.app/list-your-park?ref=bradley-outreach,https://temporary-zippy-celesta-4cyc4ht.vercel.app/list-your-park?ref=bradley-outreach
Hunter'S Walk Home Center,(334) 834-8300,Montgomery,AL,1200 West Boulevard,36108,Montgomery,"Hi, Bradley with Tread Companies / Trailer Parks calling about Hunter'S Walk Home Center in Montgomery. Free marketplace for park owners — $0 listing fee, $0 success fee. Brokers take ~6%. We've operated 4,000+ spaces. Can I text the link?",Bradley @ Tread Companies / Trailer Parks re Hunter'S Walk Home Center (Montgomery). Free owner marketplace — $0 fees. List in 2 min: https://temporary-zippy-celesta-4cyc4ht.vercel.app/list-your-park?ref=bradley-outreach,https://temporary-zippy-celesta-4cyc4ht.vercel.app/list-your-park?ref=bradley-outreach
Lakewood Estates,(334) 263-6941,Montgomery,AL,3945 Birmingham Highway,36108,Montgomery,"Hi, Bradley with Tread Companies / Trailer Parks calling about Lakewood Estates in Montgomery. Free marketplace for park owners — $0 listing fee, $0 success fee. Brokers take ~6%. We've operated 4,000+ spaces. Can I text the link?",Bradley @ Tread Companies / Trailer Parks re Lakewood Estates (Montgomery). Free owner marketplace — $0 fees. List in 2 min: https://temporary-zippy-celesta-4cyc4ht.vercel.app/list-your-park?ref=bradley-outreach,https://temporary-zippy-celesta-4cyc4ht.vercel.app/list-your-park?ref=bradley-outreach
Sunshine Village Park & Sales,(334) 272-8776,Montgomery,AL,449 North Eastern Boulevard,36117,Montgomery,"Hi, Bradley with Tread Companies / Trailer Parks calling about Sunshine Village Park & Sales in Montgomery. Free marketplace for park owners — $0 listing fee, $0 success fee. Brokers take ~6%. We've operated 4,000+ spaces. Can I text the link?",Bradley @ Tread Companies / Trailer Parks re Sunshine Village Park & Sales (Montgomery). Free owner marketplace — $0 fees. List in 2 min: https://temporary-zippy-celesta-4cyc4ht.vercel.app/list-your-park?ref=bradley-outreach,https://temporary-zippy-celesta-4cyc4ht.vercel.app/list-your-park?ref=bradley-outreach
Woodland Hills Community,(334) 288-5629,Montgomery,AL,4590 Troy Highway,36116,Montgomery,"Hi, Bradley with Tread Companies / Trailer Parks calling about Woodland Hills Community in Montgomery. Free marketplace for park owners — $0 listing fee, $0 success fee. Brokers take ~6%. We've operated 4,000+ spaces. Can I text the link?",Bradley @ Tread Companies / Trailer Parks re Woodland Hills Community (Montgomery). Free owner marketplace — $0 fees. List in 2 min: https://temporary-zippy-celesta-4cyc4ht.vercel.app/list-your-park?ref=bradley-outreach,https://temporary-zippy-celesta-4cyc4ht.vercel.app/list-your-park?ref=bradley-outreach
Freedom Living Mobile Homes,(205) 761-1861,Munford,AL,37891 Al Highway 21,36268,Talladega,"Hi, Bradley with Tread Companies / Trailer Parks calling about Freedom Living Mobile Homes in Munford. Free marketplace for park owners — $0 listing fee, $0 success fee. Brokers take ~6%. We've operated 4,000+ spaces. Can I text the link?",Bradley @ Tread Companies / Trailer Parks re Freedom Living Mobile Homes (Munford). Free owner marketplace — $0 fees. List in 2 min: https://temporary-zippy-celesta-4cyc4ht.vercel.app/list-your-park?ref=bradley-outreach,https://temporary-zippy-celesta-4cyc4ht.vercel.app/list-your-park?ref=bradley-outreach
Grand Oaks,(334) 790-5851,Not Available,AL,Not Available,NOT AVAILABLE,Houston,"Hi, Bradley with Tread Companies / Trailer Parks calling about Grand Oaks in Not Available. Free marketplace for park owners — $0 listing fee, $0 success fee. Brokers take ~6%. We've operated 4,000+ spaces. Can I text the link?",Bradley @ Tread Companies / Trailer Parks re Grand Oaks (Not Available). Free owner marketplace — $0 fees. List in 2 min: https://temporary-zippy-celesta-4cyc4ht.vercel.app/list-your-park?ref=bradley-outreach,https://temporary-zippy-celesta-4cyc4ht.vercel.app/list-your-park?ref=bradley-outreach
Zh Properties,(334) 578-0804,Not Available,AL,1985 Bell St,NOT AVAILABLE,Montgomery,"Hi, Bradley with Tread Companies / Trailer Parks calling about Zh Properties in Not Available. Free marketplace for park owners — $0 listing fee, $0 success fee. Brokers take ~6%. We've operated 4,000+ spaces. Can I text the link?",Bradley @ Tread Companies / Trailer Parks re Zh Properties (Not Available). Free owner marketplace — $0 fees. List in 2 min: https://temporary-zippy-celesta-4cyc4ht.vercel.app/list-your-park?ref=bradley-outreach,https://temporary-zippy-celesta-4cyc4ht.vercel.app/list-your-park?ref=bradley-outreach
Beaver Creek Village,(205) 629-6922,Odenville,AL,100 Beaver Creek Drive,35120,St Clair,"Hi, Bradley with Tread Companies / Trailer Parks calling about Beaver Creek Village in Odenville. Free marketplace for park owners — $0 listing fee, $0 success fee. Brokers take ~6%. We've operated 4,000+ spaces. Can I text the link?",Bradley @ Tread Companies / Trailer Parks re Beaver Creek Village (Odenville). Free owner marketplace — $0 fees. List in 2 min: https://temporary-zippy-celesta-4cyc4ht.vercel.app/list-your-park?ref=bradley-outreach,https://temporary-zippy-celesta-4cyc4ht.vercel.app/list-your-park?ref=bradley-outreach
Baker'S Trailer Park & Cmpgrnd,(334) 745-5165,Opelika,AL,431 Old Lafayette Highway,36801,Lee,"Hi, Bradley with Tread Companies / Trailer Parks calling about Baker'S Trailer Park & Cmpgrnd in Opelika. Free marketplace for park owners — $0 listing fee, $0 success fee. Brokers take ~6%. We've operated 4,000+ spaces. Can I text the link?",Bradley @ Tread Companies / Trailer Parks re Baker'S Trailer Park & Cmpgrnd (Opelika). Free owner marketplace — $0 fees. List in 2 min: https://temporary-zippy-celesta-4cyc4ht.vercel.app/list-your-park?ref=bradley-outreach,https://temporary-zippy-celesta-4cyc4ht.vercel.app/list-your-park?ref=bradley-outreach
Hickory Haven Mhp,(334) 749-1531,Opelika,AL,819 Crawford Road,36804,Lee,"Hi, Bradley with Tread Companies / Trailer Parks calling about Hickory Haven Mhp in Opelika. Free marketplace for park owners — $0 listing fee, $0 success fee. Brokers take ~6%. We've operated 4,000+ spaces. Can I text the link?",Bradley @ Tread Companies / Trailer Parks re Hickory Haven Mhp (Opelika). Free owner marketplace — $0 fees. List in 2 min: https://temporary-zippy-celesta-4cyc4ht.vercel.app/list-your-park?ref=bradley-outreach,https://temporary-zippy-celesta-4cyc4ht.vercel.app/list-your-park?ref=bradley-outreach
King'S Mobile Estates,(334) 749-3320,Opelika,AL,19 Kings Mobile Homes,36801,Lee,"Hi, Bradley with Tread Companies / Trailer Parks calling about King'S Mobile Estates in Opelika. Free marketplace for park owners — $0 listing fee, $0 success fee. Brokers take ~6%. We've operated 4,000+ spaces. Can I text the link?",Bradley @ Tread Companies / Trailer Parks re King'S Mobile Estates (Opelika). Free owner marketplace — $0 fees. List in 2 min: https://temporary-zippy-celesta-4cyc4ht.vercel.app/list-your-park?ref=bradley-outreach,https://temporary-zippy-celesta-4cyc4ht.vercel.app/list-your-park?ref=bradley-outreach
Lakeshore Mhp,(334) 745-4331,Opelika,AL,1509 Frederick Road #76B,36801,Lee,"Hi, Bradley with Tread Companies / Trailer Parks calling about Lakeshore Mhp in Opelika. Free marketplace for park owners — $0 listing fee, $0 success fee. Brokers take ~6%. We've operated 4,000+ spaces. Can I text the link?",Bradley @ Tread Companies / Trailer Parks re Lakeshore Mhp (Opelika). Free owner marketplace — $0 fees. List in 2 min: https://temporary-zippy-celesta-4cyc4ht.vercel.app/list-your-park?ref=bradley-outreach,https://temporary-zippy-celesta-4cyc4ht.vercel.app/list-your-park?ref=bradley-outreach
Opelika Mhp,(877) 296-0851,Opelika,AL,4100 Walnut Street,36804,Lee,"Hi, Bradley with Tread Companies / Trailer Parks calling about Opelika Mhp in Opelika. Free marketplace for park owners — $0 listing fee, $0 success fee. Brokers take ~6%. We've operated 4,000+ spaces. Can I text the link?",Bradley @ Tread Companies / Trailer Parks re Opelika Mhp (Opelika). Free owner marketplace — $0 fees. List in 2 min: https://temporary-zippy-celesta-4cyc4ht.vercel.app/list-your-park?ref=bradley-outreach,https://temporary-zippy-celesta-4cyc4ht.vercel.app/list-your-park?ref=bradley-outreach
Pine Breeze Trailer Ranch,(334) 749-6870,Opelika,AL,4560 Lee Road 27,36804,Lee,"Hi, Bradley with Tread Companies / Trailer Parks calling about Pine Breeze Trailer Ranch in Opelika. Free marketplace for park owners — $0 listing fee, $0 success fee. Brokers take ~6%. We've operated 4,000+ spaces. Can I text the link?",Bradley @ Tread Companies / Trailer Parks re Pine Breeze Trailer Ranch (Opelika). Free owner marketplace — $0 fees. List in 2 min: https://temporary-zippy-celesta-4cyc4ht.vercel.app/list-your-park?ref=bradley-outreach,https://temporary-zippy-celesta-4cyc4ht.vercel.app/list-your-park?ref=bradley-outreach
Royal Park Estates,(334) 749-8353,Opelika,AL,300 North Uniroyal Road,36804,Lee,"Hi, Bradley with Tread Companies / Trailer Parks calling about Royal Park Estates in Opelika. Free marketplace for park owners — $0 listing fee, $0 success fee. Brokers take ~6%. We've operated 4,000+ spaces. Can I text the link?",Bradley @ Tread Companies / Trailer Parks re Royal Park Estates (Opelika). Free owner marketplace — $0 fees. List in 2 min: https://temporary-zippy-celesta-4cyc4ht.vercel.app/list-your-park?ref=bradley-outreach,https://temporary-zippy-celesta-4cyc4ht.vercel.app/list-your-park?ref=bradley-outreach
Pineview Mhp,(334) 493-9838,Opp,AL,Cool Springs Road,36467,Covington,"Hi, Bradley with Tread Companies / Trailer Parks calling about Pineview Mhp in Opp. Free marketplace for park owners — $0 listing fee, $0 success fee. Brokers take ~6%. We've operated 4,000+ spaces. Can I text the link?",Bradley @ Tread Companies / Trailer Parks re Pineview Mhp (Opp). Free owner marketplace — $0 fees. List in 2 min: https://temporary-zippy-celesta-4cyc4ht.vercel.app/list-your-park?ref=bradley-outreach,https://temporary-zippy-celesta-4cyc4ht.vercel.app/list-your-park?ref=bradley-outreach
Beech Camper & Mobile Home Inc,(334) 981-4136,Orange Beach,AL,4224 Orange Beach Boulevard,36561,Baldwin,"Hi, Bradley with Tread Companies / Trailer Parks calling about Beech Camper & Mobile Home Inc in Orange Beach. Free marketplace for park owners — $0 listing fee, $0 success fee. Brokers take ~6%. We've operated 4,000+ spaces. Can I text the link?",Bradley @ Tread Companies / Trailer Parks re Beech Camper & Mobile Home Inc (Orange Beach). Free owner marketplace — $0 fees. List in 2 min: https://temporary-zippy-celesta-4cyc4ht.vercel.app/list-your-park?ref=bradley-outreach,https://temporary-zippy-celesta-4cyc4ht.vercel.app/list-your-park?ref=bradley-outreach
Couch'S Mhp & Sales,(205) 831-8719,Oxford,AL,3825 Us Highway 78 West,36203,Calhoun,"Hi, Bradley with Tread Companies / Trailer Parks calling about Couch'S Mhp & Sales in Oxford. Free marketplace for park owners — $0 listing fee, $0 success fee. Brokers take ~6%. We've operated 4,000+ spaces. Can I text the link?",Bradley @ Tread Companies / Trailer Parks re Couch'S Mhp & Sales (Oxford). Free owner marketplace — $0 fees. List in 2 min: https://temporary-zippy-celesta-4cyc4ht.vercel.app/list-your-park?ref=bradley-outreach,https://temporary-zippy-celesta-4cyc4ht.vercel.app/list-your-park?ref=bradley-outreach
Don Lee Mobile Home Court,(205) 831-0212,Oxford,AL,300 Short Street,36203,Calhoun,"Hi, Bradley with Tread Companies / Trailer Parks calling about Don Lee Mobile Home Court in Oxford. Free marketplace for park owners — $0 listing fee, $0 success fee. Brokers take ~6%. We've operated 4,000+ spaces. Can I text the link?",Bradley @ Tread Companies / Trailer Parks re Don Lee Mobile Home Court (Oxford). Free owner marketplace — $0 fees. List in 2 min: https://temporary-zippy-celesta-4cyc4ht.vercel.app/list-your-park?ref=bradley-outreach,https://temporary-zippy-celesta-4cyc4ht.vercel.app/list-your-park?ref=bradley-outreach
Greenpark South Mobile Home,(205) 988-4051,Pelham,AL,301 Green Park South,35124,Shelby,"Hi, Bradley with Tread Companies / Trailer Parks calling about Greenpark South Mobile Home in Pelham. Free marketplace for park owners — $0 listing fee, $0 success fee. Brokers take ~6%. We've operated 4,000+ spaces. Can I text the link?",Bradley @ Tread Companies / Trailer Parks re Greenpark South Mobile Home (Pelham). Free owner marketplace — $0 fees. List in 2 min: https://temporary-zippy-celesta-4cyc4ht.vercel.app/list-your-park?ref=bradley-outreach,https://temporary-zippy-celesta-4cyc4ht.vercel.app/list-your-park?ref=bradley-outreach
Shelter Cove Resort & Marina,(205) 338-7664,Pell City,AL,215 Shelter Cove Road,35128,St Clair,"Hi, Bradley with Tread Companies / Trailer Parks calling about Shelter Cove Resort & Marina in Pell City. Free marketplace for park owners — $0 listing fee, $0 success fee. Brokers take ~6%. We've operated 4,000+ spaces. Can I text the link?",Bradley @ Tread Companies / Trailer Parks re Shelter Cove Resort & Marina (Pell City). Free owner marketplace — $0 fees. List in 2 min: https://temporary-zippy-celesta-4cyc4ht.vercel.app/list-your-park?ref=bradley-outreach,https://temporary-zippy-celesta-4cyc4ht.vercel.app/list-your-park?ref=bradley-outreach
Laurel Manor Estates,(334) 298-3250,Phenix City,AL,420 Us Highway 431 South,36869,Russell,"Hi, Bradley with Tread Companies / Trailer Parks calling about Laurel Manor Estates in Phenix City. Free marketplace for park owners — $0 listing fee, $0 success fee. Brokers take ~6%. We've operated 4,000+ spaces. Can I text the link?",Bradley @ Tread Companies / Trailer Parks re Laurel Manor Estates (Phenix City). Free owner marketplace — $0 fees. List in 2 min: https://temporary-zippy-celesta-4cyc4ht.vercel.app/list-your-park?ref=bradley-outreach,https://temporary-zippy-celesta-4cyc4ht.vercel.app/list-your-park?ref=bradley-outreach
Pike Road Plantation,(334) 286-8600,Pike Road,AL,6287 Troy Highway,36064,Montgomery,"Hi, Bradley with Tread Companies / Trailer Parks calling about Pike Road Plantation in Pike Road. Free marketplace for park owners — $0 listing fee, $0 success fee. Brokers take ~6%. We've operated 4,000+ spaces. Can I text the link?",Bradley @ Tread Companies / Trailer Parks re Pike Road Plantation (Pike Road). Free owner marketplace — $0 fees. List in 2 min: https://temporary-zippy-celesta-4cyc4ht.vercel.app/list-your-park?ref=bradley-outreach,https://temporary-zippy-celesta-4cyc4ht.vercel.app/list-your-park?ref=bradley-outreach
Northgate Mobile Home Estates,(205) 681-8652,Pinson,AL,4200 Northgate Trail,35126,Jefferson,"Hi, Bradley with Tread Companies / Trailer Parks calling about Northgate Mobile Home Estates in Pinson. Free marketplace for park owners — $0 listing fee, $0 success fee. Brokers take ~6%. We've operated 4,000+ spaces. Can I text the link?",Bradley @ Tread Companies / Trailer Parks re Northgate Mobile Home Estates (Pinson). Free owner marketplace — $0 fees. List in 2 min: https://temporary-zippy-celesta-4cyc4ht.vercel.app/list-your-park?ref=bradley-outreach,https://temporary-zippy-celesta-4cyc4ht.vercel.app/list-your-park?ref=bradley-outreach
Brandywine Park,(334) 361-0112,Prattville,AL,1691 South Memorial Drive,36067,Autauga,"Hi, Bradley with Tread Companies / Trailer Parks calling about Brandywine Park in Prattville. Free marketplace for park owners — $0 listing fee, $0 success fee. Brokers take ~6%. We've operated 4,000+ spaces. Can I text the link?",Bradley @ Tread Companies / Trailer Parks re Brandywine Park (Prattville). Free owner marketplace — $0 fees. List in 2 min: https://temporary-zippy-celesta-4cyc4ht.vercel.app/list-your-park?ref=bradley-outreach,https://temporary-zippy-celesta-4cyc4ht.vercel.app/list-your-park?ref=bradley-outreach
Hill Top Mhp,(334) 365-0553,Prattville,AL,1456 South Memorial Drive,36067,Autauga,"Hi, Bradley with Tread Companies / Trailer Parks calling about Hill Top Mhp in Prattville. Free marketplace for park owners — $0 listing fee, $0 success fee. Brokers take ~6%. We've operated 4,000+ spaces. Can I text the link?",Bradley @ Tread Companies / Trailer Parks re Hill Top Mhp (Prattville). Free owner marketplace — $0 fees. List in 2 min: https://temporary-zippy-celesta-4cyc4ht.vercel.app/list-your-park?ref=bradley-outreach,https://temporary-zippy-celesta-4cyc4ht.vercel.app/list-your-park?ref=bradley-outreach
Jupiter Inn,(334) 361-0499,Prattville,AL,1940 Highway 82 West,36067,Autauga,"Hi, Bradley with Tread Companies / Trailer Parks calling about Jupiter Inn in Prattville. Free marketplace for park owners — $0 listing fee, $0 success fee. Brokers take ~6%. We've operated 4,000+ spaces. Can I text the link?",Bradley @ Tread Companies / Trailer Parks re Jupiter Inn (Prattville). Free owner marketplace — $0 fees. List in 2 min: https://temporary-zippy-celesta-4cyc4ht.vercel.app/list-your-park?ref=bradley-outreach,https://temporary-zippy-celesta-4cyc4ht.vercel.app/list-your-park?ref=bradley-outreach
King Arthur Manor,(334) 365-7131,Prattville,AL,201 Us 82 E,36067,Autauga,"Hi, Bradley with Tread Companies / Trailer Parks calling about King Arthur Manor in Prattville. Free marketplace for park owners — $0 listing fee, $0 success fee. Brokers take ~6%. We've operated 4,000+ spaces. Can I text the link?",Bradley @ Tread Companies / Trailer Parks re King Arthur Manor (Prattville). Free owner marketplace — $0 fees. List in 2 min: https://temporary-zippy-celesta-4cyc4ht.vercel.app/list-your-park?ref=bradley-outreach,https://temporary-zippy-celesta-4cyc4ht.vercel.app/list-your-park?ref=bradley-outreach
Marshall Drive Mobile Home,(334) 361-8227,Prattville,AL,219 Caldwell Ln,36067,Autauga,"Hi, Bradley with Tread Companies / Trailer Parks calling about Marshall Drive Mobile Home in Prattville. Free marketplace for park owners — $0 listing fee, $0 success fee. Brokers take ~6%. We've operated 4,000+ spaces. Can I text the link?",Bradley @ Tread Companies / Trailer Parks re Marshall Drive Mobile Home (Prattville). Free owner marketplace — $0 fees. List in 2 min: https://temporary-zippy-celesta-4cyc4ht.vercel.app/list-your-park?ref=bradley-outreach,https://temporary-zippy-celesta-4cyc4ht.vercel.app/list-your-park?ref=bradley-outreach
Sunset Mhp,(334) 365-7698,Prattville,AL,1249 South Memorial Drive,36067,Autauga,"Hi, Bradley with Tread Companies / Trailer Parks calling about Sunset Mhp in Prattville. Free marketplace for park owners — $0 listing fee, $0 success fee. Brokers take ~6%. We've operated 4,000+ spaces. Can I text the link?",Bradley @ Tread Companies / Trailer Parks re Sunset Mhp (Prattville). Free owner marketplace — $0 fees. List in 2 min: https://temporary-zippy-celesta-4cyc4ht.vercel.app/list-your-park?ref=bradley-outreach,https://temporary-zippy-celesta-4cyc4ht.vercel.app/list-your-park?ref=bradley-outreach
W C Rice'S Trailer Park,(334) 365-6564,Prattville,AL,1334 Rices Park Circle,36067,Autauga,"Hi, Bradley with Tread Companies / Trailer Parks calling about W C Rice'S Trailer Park in Prattville. Free marketplace for park owners — $0 listing fee, $0 success fee. Brokers take ~6%. We've operated 4,000+ spaces. Can I text the link?",Bradley @ Tread Companies / Trailer Parks re W C Rice'S Trailer Park (Prattville). Free owner marketplace — $0 fees. List in 2 min: https://temporary-zippy-celesta-4cyc4ht.vercel.app/list-your-park?ref=bradley-outreach,https://temporary-zippy-celesta-4cyc4ht.vercel.app/list-your-park?ref=bradley-outreach
Pleasant Ridge Mhp,(205) 681-1179,Remlap,AL,138 Narrows Road,35133,Blount,"Hi, Bradley with Tread Companies / Trailer Parks calling about Pleasant Ridge Mhp in Remlap. Free marketplace for park owners — $0 listing fee, $0 success fee. Brokers take ~6%. We've operated 4,000+ spaces. Can I text the link?",Bradley @ Tread Companies / Trailer Parks re Pleasant Ridge Mhp (Remlap). Free owner marketplace — $0 fees. List in 2 min: https://temporary-zippy-celesta-4cyc4ht.vercel.app/list-your-park?ref=bradley-outreach,https://temporary-zippy-celesta-4cyc4ht.vercel.app/list-your-park?ref=bradley-outreach
Cardinal Hills,(334) 947-7000,Robertsdale,AL,19651 Us Highway 90,36567,Baldwin,"Hi, Bradley with Tread Companies / Trailer Parks calling about Cardinal Hills in Robertsdale. Free marketplace for park owners — $0 listing fee, $0 success fee. Brokers take ~6%. We've operated 4,000+ spaces. Can I text the link?",Bradley @ Tread Companies / Trailer Parks re Cardinal Hills (Robertsdale). Free owner marketplace — $0 fees. List in 2 min: https://temporary-zippy-celesta-4cyc4ht.vercel.app/list-your-park?ref=bradley-outreach,https://temporary-zippy-celesta-4cyc4ht.vercel.app/list-your-park?ref=bradley-outreach
Carlee'S Mobile Home Court,(334) 947-5895,Robertsdale,AL,19191 Us Highway 90,36567,Baldwin,"Hi, Bradley with Tread Companies / Trailer Parks calling about Carlee'S Mobile Home Court in Robertsdale. Free marketplace for park owners — $0 listing fee, $0 success fee. Brokers take ~6%. We've operated 4,000+ spaces. Can I text the link?",Bradley @ Tread Companies / Trailer Parks re Carlee'S Mobile Home Court (Robertsdale). Free owner marketplace — $0 fees. List in 2 min: https://temporary-zippy-celesta-4cyc4ht.vercel.app/list-your-park?ref=bradley-outreach,https://temporary-zippy-celesta-4cyc4ht.vercel.app/list-your-park?ref=bradley-outreach
K & K Trailer Park Inc,(205) 574-3257,Scottsboro,AL,1706 Veterans Drive,35769,Jackson,"Hi, Bradley with Tread Companies / Trailer Parks calling about K & K Trailer Park Inc in Scottsboro. Free marketplace for park owners — $0 listing fee, $0 success fee. Brokers take ~6%. We've operated 4,000+ spaces. Can I text the link?",Bradley @ Tread Companies / Trailer Parks re K & K Trailer Park Inc (Scottsboro). Free owner marketplace — $0 fees. List in 2 min: https://temporary-zippy-celesta-4cyc4ht.vercel.app/list-your-park?ref=bradley-outreach,https://temporary-zippy-celesta-4cyc4ht.vercel.app/list-your-park?ref=bradley-outreach
Lakeside Mobile Home Community,(205) 574-6221,Scottsboro,AL,151 Winesap Street,35769,Jackson,"Hi, Bradley with Tread Companies / Trailer Parks calling about Lakeside Mobile Home Community in Scottsboro. Free marketplace for park owners — $0 listing fee, $0 success fee. Brokers take ~6%. We've operated 4,000+ spaces. Can I text the link?",Bradley @ Tread Companies / Trailer Parks re Lakeside Mobile Home Community (Scottsboro). Free owner marketplace — $0 fees. List in 2 min: https://temporary-zippy-celesta-4cyc4ht.vercel.app/list-your-park?ref=bradley-outreach,https://temporary-zippy-celesta-4cyc4ht.vercel.app/list-your-park?ref=bradley-outreach
Cahaba Park West,(334) 875-9531,Selma,AL,2 Ramsey Place,36701,Dallas,"Hi, Bradley with Tread Companies / Trailer Parks calling about Cahaba Park West in Selma. Free marketplace for park owners — $0 listing fee, $0 success fee. Brokers take ~6%. We've operated 4,000+ spaces. Can I text the link?",Bradley @ Tread Companies / Trailer Parks re Cahaba Park West (Selma). Free owner marketplace — $0 fees. List in 2 min: https://temporary-zippy-celesta-4cyc4ht.vercel.app/list-your-park?ref=bradley-outreach,https://temporary-zippy-celesta-4cyc4ht.vercel.app/list-your-park?ref=bradley-outreach
Cta Mobile Park,(334) 874-7557,Selma,AL,230 Hardy Circle,36703,Dallas,"Hi, Bradley with Tread Companies / Trailer Parks calling about Cta Mobile Park in Selma. Free marketplace for park owners — $0 listing fee, $0 success fee. Brokers take ~6%. We've operated 4,000+ spaces. Can I text the link?",Bradley @ Tread Companies / Trailer Parks re Cta Mobile Park (Selma). Free owner marketplace — $0 fees. List in 2 min: https://temporary-zippy-celesta-4cyc4ht.vercel.app/list-your-park?ref=bradley-outreach,https://temporary-zippy-celesta-4cyc4ht.vercel.app/list-your-park?ref=bradley-outreach
Hidden Acres Mobile Home,(334) 872-4808,Selma,AL,4915 Us Highway 80 East,36701,Dallas,"Hi, Bradley with Tread Companies / Trailer Parks calling about Hidden Acres Mobile Home in Selma. Free marketplace for park owners — $0 listing fee, $0 success fee. Brokers take ~6%. We've operated 4,000+ spaces. Can I text the link?",Bradley @ Tread Companies / Trailer Parks re Hidden Acres Mobile Home (Selma). Free owner marketplace — $0 fees. List in 2 min: https://temporary-zippy-celesta-4cyc4ht.vercel.app/list-your-park?ref=bradley-outreach,https://temporary-zippy-celesta-4cyc4ht.vercel.app/list-your-park?ref=bradley-outreach
Hmw Mhp,(334) 872-9014,Selma,AL,3286 Us Highway 80 East #B22,36701,Dallas,"Hi, Bradley with Tread Companies / Trailer Parks calling about Hmw Mhp in Selma. Free marketplace for park owners — $0 listing fee, $0 success fee. Brokers take ~6%. We've operated 4,000+ spaces. Can I text the link?",Bradley @ Tread Companies / Trailer Parks re Hmw Mhp (Selma). Free owner marketplace — $0 fees. List in 2 min: https://temporary-zippy-celesta-4cyc4ht.vercel.app/list-your-park?ref=bradley-outreach,https://temporary-zippy-celesta-4cyc4ht.vercel.app/list-your-park?ref=bradley-outreach
Sparks Mhp,(334) 872-6792,Selma,AL,12278 Al Highway 14 West #30,36701,Dallas,"Hi, Bradley with Tread Companies / Trailer Parks calling about Sparks Mhp in Selma. Free marketplace for park owners — $0 listing fee, $0 success fee. Brokers take ~6%. We've operated 4,000+ spaces. Can I text the link?",Bradley @ Tread Companies / Trailer Parks re Sparks Mhp (Selma). Free owner marketplace — $0 fees. List in 2 min: https://temporary-zippy-celesta-4cyc4ht.vercel.app/list-your-park?ref=bradley-outreach,https://temporary-zippy-celesta-4cyc4ht.vercel.app/list-your-park?ref=bradley-outreach
Meadow Breeze Mhp,(334) 988-8509,Silverhill,AL,13650 Smiley Street,36576,Baldwin,"Hi, Bradley with Tread Companies / Trailer Parks calling about Meadow Breeze Mhp in Silverhill. Free marketplace for park owners — $0 listing fee, $0 success fee. Brokers take ~6%. We've operated 4,000+ spaces. Can I text the link?",Bradley @ Tread Companies / Trailer Parks re Meadow Breeze Mhp (Silverhill). Free owner marketplace — $0 fees. List in 2 min: https://temporary-zippy-celesta-4cyc4ht.vercel.app/list-your-park?ref=bradley-outreach,https://temporary-zippy-celesta-4cyc4ht.vercel.app/list-your-park?ref=bradley-outreach
Silverhill Mhp,(334) 945-5005,Silverhill,AL,15320 Highway 104,36576,Baldwin,"Hi, Bradley with Tread Companies / Trailer Parks calling about Silverhill Mhp in Silverhill. Free marketplace for park owners — $0 listing fee, $0 success fee. Brokers take ~6%. We've operated 4,000+ spaces. Can I text the link?",Bradley @ Tread Companies / Trailer Parks re Silverhill Mhp (Silverhill). Free owner marketplace — $0 fees. List in 2 min: https://temporary-zippy-celesta-4cyc4ht.vercel.app/list-your-park?ref=bradley-outreach,https://temporary-zippy-celesta-4cyc4ht.vercel.app/list-your-park?ref=bradley-outreach
Buckeye Acres Mhp,(334) 298-5037,Smiths,AL,16524 Us Highway 280 East,36877,Lee,"Hi, Bradley with Tread Companies / Trailer Parks calling about Buckeye Acres Mhp in Smiths. Free marketplace for park owners — $0 listing fee, $0 success fee. Brokers take ~6%. We've operated 4,000+ spaces. Can I text the link?",Bradley @ Tread Companies / Trailer Parks re Buckeye Acres Mhp (Smiths). Free owner marketplace — $0 fees. List in 2 min: https://temporary-zippy-celesta-4cyc4ht.vercel.app/list-your-park?ref=bradley-outreach,https://temporary-zippy-celesta-4cyc4ht.vercel.app/list-your-park?ref=bradley-outreach
Eagle'S Landing Mobile Home,(334) 298-5037,Smiths,AL,16524 Us Highway 280 East,36877,Lee,"Hi, Bradley with Tread Companies / Trailer Parks calling about Eagle'S Landing Mobile Home in Smiths. Free marketplace for park owners — $0 listing fee, $0 success fee. Brokers take ~6%. We've operated 4,000+ spaces. Can I text the link?",Bradley @ Tread Companies / Trailer Parks re Eagle'S Landing Mobile Home (Smiths). Free owner marketplace — $0 fees. List in 2 min: https://temporary-zippy-celesta-4cyc4ht.vercel.app/list-your-park?ref=bradley-outreach,https://temporary-zippy-celesta-4cyc4ht.vercel.app/list-your-park?ref=bradley-outreach
Sawyer'S Mobile Home Estates,(334) 298-7503,Smiths,AL,8718 Lee Road 246,36877,Lee,"Hi, Bradley with Tread Companies / Trailer Parks calling about Sawyer'S Mobile Home Estates in Smiths. Free marketplace for park owners — $0 listing fee, $0 success fee. Brokers take ~6%. We've operated 4,000+ spaces. Can I text the link?",Bradley @ Tread Companies / Trailer Parks re Sawyer'S Mobile Home Estates (Smiths). Free owner marketplace — $0 fees. List in 2 min: https://temporary-zippy-celesta-4cyc4ht.vercel.app/list-your-park?ref=bradley-outreach,https://temporary-zippy-celesta-4cyc4ht.vercel.app/list-your-park?ref=bradley-outreach
Live Oak Mhp,(334) 988-8203,Summerdale,AL,15186 County Road 28,36580,Baldwin,"Hi, Bradley with Tread Companies / Trailer Parks calling about Live Oak Mhp in Summerdale. Free marketplace for park owners — $0 listing fee, $0 success fee. Brokers take ~6%. We've operated 4,000+ spaces. Can I text the link?",Bradley @ Tread Companies / Trailer Parks re Live Oak Mhp (Summerdale). Free owner marketplace — $0 fees. List in 2 min: https://temporary-zippy-celesta-4cyc4ht.vercel.app/list-your-park?ref=bradley-outreach,https://temporary-zippy-celesta-4cyc4ht.vercel.app/list-your-park?ref=bradley-outreach
Swan Creek Mhp,(205) 355-5392,Tanner,AL,10420 Us Highway 31,35671,Limestone,"Hi, Bradley with Tread Companies / Trailer Parks calling about Swan Creek Mhp in Tanner. Free marketplace for park owners — $0 listing fee, $0 success fee. Brokers take ~6%. We've operated 4,000+ spaces. Can I text the link?",Bradley @ Tread Companies / Trailer Parks re Swan Creek Mhp (Tanner). Free owner marketplace — $0 fees. List in 2 min: https://temporary-zippy-celesta-4cyc4ht.vercel.app/list-your-park?ref=bradley-outreach,https://temporary-zippy-celesta-4cyc4ht.vercel.app/list-your-park?ref=bradley-outreach
De La Be Forest Mhp,(334) 653-7722,Theodore,AL,6275 Carol Plantation Road,36582,Mobile,"Hi, Bradley with Tread Companies / Trailer Parks calling about De La Be Forest Mhp in Theodore. Free marketplace for park owners — $0 listing fee, $0 success fee. Brokers take ~6%. We've operated 4,000+ spaces. Can I text the link?",Bradley @ Tread Companies / Trailer Parks re De La Be Forest Mhp (Theodore). Free owner marketplace — $0 fees. List in 2 min: https://temporary-zippy-celesta-4cyc4ht.vercel.app/list-your-park?ref=bradley-outreach,https://temporary-zippy-celesta-4cyc4ht.vercel.app/list-your-park?ref=bradley-outreach
Green Acres Mhp,(334) 653-0601,Theodore,AL,5665 Highway 90 West,36582,Mobile,"Hi, Bradley with Tread Companies / Trailer Parks calling about Green Acres Mhp in Theodore. Free marketplace for park owners — $0 listing fee, $0 success fee. Brokers take ~6%. We've operated 4,000+ spaces. Can I text the link?",Bradley @ Tread Companies / Trailer Parks re Green Acres Mhp (Theodore). Free owner marketplace — $0 fees. List in 2 min: https://temporary-zippy-celesta-4cyc4ht.vercel.app/list-your-park?ref=bradley-outreach,https://temporary-zippy-celesta-4cyc4ht.vercel.app/list-your-park?ref=bradley-outreach
Shady Grove Mhp,(334) 653-0835,Theodore,AL,6171 Highway 90 West,36582,Mobile,"Hi, Bradley with Tread Companies / Trailer Parks calling about Shady Grove Mhp in Theodore. Free marketplace for park owners — $0 listing fee, $0 success fee. Brokers take ~6%. We've operated 4,000+ spaces. Can I text the link?",Bradley @ Tread Companies / Trailer Parks re Shady Grove Mhp (Theodore). Free owner marketplace — $0 fees. List in 2 min: https://temporary-zippy-celesta-4cyc4ht.vercel.app/list-your-park?ref=bradley-outreach,https://temporary-zippy-celesta-4cyc4ht.vercel.app/list-your-park?ref=bradley-outreach
Cross Creek Mhp,(205) 646-4168,Thorsby,AL,10116 Collins Chapel Road,35171,Chilton,"Hi, Bradley with Tread Companies / Trailer Parks calling about Cross Creek Mhp in Thorsby. Free marketplace for park owners — $0 listing fee, $0 success fee. Brokers take ~6%. We've operated 4,000+ spaces. Can I text the link?",Bradley @ Tread Companies / Trailer Parks re Cross Creek Mhp (Thorsby). Free owner marketplace — $0 fees. List in 2 min: https://temporary-zippy-celesta-4cyc4ht.vercel.app/list-your-park?ref=bradley-outreach,https://temporary-zippy-celesta-4cyc4ht.vercel.app/list-your-park?ref=bradley-outreach
Brantley Mhp,(334) 566-2499,Troy,AL,1288 Highway 231 North,36081,Pike,"Hi, Bradley with Tread Companies / Trailer Parks calling about Brantley Mhp in Troy. Free marketplace for park owners — $0 listing fee, $0 success fee. Brokers take ~6%. We've operated 4,000+ spaces. Can I text the link?",Bradley @ Tread Companies / Trailer Parks re Brantley Mhp (Troy). Free owner marketplace — $0 fees. List in 2 min: https://temporary-zippy-celesta-4cyc4ht.vercel.app/list-your-park?ref=bradley-outreach,https://temporary-zippy-celesta-4cyc4ht.vercel.app/list-your-park?ref=bradley-outreach
Camelot Mhp,(334) 566-1552,Troy,AL,4001 Highway 231 South,36081,Pike,"Hi, Bradley with Tread Companies / Trailer Parks calling about Camelot Mhp in Troy. Free marketplace for park owners — $0 listing fee, $0 success fee. Brokers take ~6%. We've operated 4,000+ spaces. Can I text the link?",Bradley @ Tread Companies / Trailer Parks re Camelot Mhp (Troy). Free owner marketplace — $0 fees. List in 2 min: https://temporary-zippy-celesta-4cyc4ht.vercel.app/list-your-park?ref=bradley-outreach,https://temporary-zippy-celesta-4cyc4ht.vercel.app/list-your-park?ref=bradley-outreach
Deer Run Mhp,(334) 566-6517,Troy,AL,3736 Highway 231 North,36081,Pike,"Hi, Bradley with Tread Companies / Trailer Parks calling about Deer Run Mhp in Troy. Free marketplace for park owners — $0 listing fee, $0 success fee. Brokers take ~6%. We've operated 4,000+ spaces. Can I text the link?",Bradley @ Tread Companies / Trailer Parks re Deer Run Mhp (Troy). Free owner marketplace — $0 fees. List in 2 min: https://temporary-zippy-celesta-4cyc4ht.vercel.app/list-your-park?ref=bradley-outreach,https://temporary-zippy-celesta-4cyc4ht.vercel.app/list-your-park?ref=bradley-outreach
Sunset Mountain Park,(334) 566-5878,Troy,AL,820 Highway 231 North,36081,Pike,"Hi, Bradley with Tread Companies / Trailer Parks calling about Sunset Mountain Park in Troy. Free marketplace for park owners — $0 listing fee, $0 success fee. Brokers take ~6%. We've operated 4,000+ spaces. Can I text the link?",Bradley @ Tread Companies / Trailer Parks re Sunset Mountain Park (Troy). Free owner marketplace — $0 fees. List in 2 min: https://temporary-zippy-celesta-4cyc4ht.vercel.app/list-your-park?ref=bradley-outreach,https://temporary-zippy-celesta-4cyc4ht.vercel.app/list-your-park?ref=bradley-outreach
Cahaba Mobile Home Estates,(205) 956-2010,Trussville,AL,103 Madison Drive,35173,Jefferson,"Hi, Bradley with Tread Companies / Trailer Parks calling about Cahaba Mobile Home Estates in Trussville. Free marketplace for park owners — $0 listing fee, $0 success fee. Brokers take ~6%. We've operated 4,000+ spaces. Can I text the link?",Bradley @ Tread Companies / Trailer Parks re Cahaba Mobile Home Estates (Trussville). Free owner marketplace — $0 fees. List in 2 min: https://temporary-zippy-celesta-4cyc4ht.vercel.app/list-your-park?ref=bradley-outreach,https://temporary-zippy-celesta-4cyc4ht.vercel.app/list-your-park?ref=bradley-outreach
Chalet Ridge Mhp,(205) 556-3346,Tuscaloosa,AL,Chalet Ridge Drive,35404,Tuscaloosa,"Hi, Bradley with Tread Companies / Trailer Parks calling about Chalet Ridge Mhp in Tuscaloosa. Free marketplace for park owners — $0 listing fee, $0 success fee. Brokers take ~6%. We've operated 4,000+ spaces. Can I text the link?",Bradley @ Tread Companies / Trailer Parks re Chalet Ridge Mhp (Tuscaloosa). Free owner marketplace — $0 fees. List in 2 min: https://temporary-zippy-celesta-4cyc4ht.vercel.app/list-your-park?ref=bradley-outreach,https://temporary-zippy-celesta-4cyc4ht.vercel.app/list-your-park?ref=bradley-outreach
Southern Oaks,(205) 345-9449,Tuscaloosa,AL,3815 37Th Street East,35405,Tuscaloosa,"Hi, Bradley with Tread Companies / Trailer Parks calling about Southern Oaks in Tuscaloosa. Free marketplace for park owners — $0 listing fee, $0 success fee. Brokers take ~6%. We've operated 4,000+ spaces. Can I text the link?",Bradley @ Tread Companies / Trailer Parks re Southern Oaks (Tuscaloosa). Free owner marketplace — $0 fees. List in 2 min: https://temporary-zippy-celesta-4cyc4ht.vercel.app/list-your-park?ref=bradley-outreach,https://temporary-zippy-celesta-4cyc4ht.vercel.app/list-your-park?ref=bradley-outreach
Wood Village Mhp,(205) 758-9553,Tuscaloosa,AL,3611 Rice Mine Road Northeast,35406,Tuscaloosa,"Hi, Bradley with Tread Companies / Trailer Parks calling about Wood Village Mhp in Tuscaloosa. Free marketplace for park owners — $0 listing fee, $0 success fee. Brokers take ~6%. We've operated 4,000+ spaces. Can I text the link?",Bradley @ Tread Companies / Trailer Parks re Wood Village Mhp (Tuscaloosa). Free owner marketplace — $0 fees. List in 2 min: https://temporary-zippy-celesta-4cyc4ht.vercel.app/list-your-park?ref=bradley-outreach,https://temporary-zippy-celesta-4cyc4ht.vercel.app/list-your-park?ref=bradley-outreach
Ballew'S Trailer Park Inc,(205) 386-0330,Tuscumbia,AL,4375 Memphis Pike Road,35674,Colbert,"Hi, Bradley with Tread Companies / Trailer Parks calling about Ballew'S Trailer Park Inc in Tuscumbia. Free marketplace for park owners — $0 listing fee, $0 success fee. Brokers take ~6%. We've operated 4,000+ spaces. Can I text the link?",Bradley @ Tread Companies / Trailer Parks re Ballew'S Trailer Park Inc (Tuscumbia). Free owner marketplace — $0 fees. List in 2 min: https://temporary-zippy-celesta-4cyc4ht.vercel.app/list-your-park?ref=bradley-outreach,https://temporary-zippy-celesta-4cyc4ht.vercel.app/list-your-park?ref=bradley-outreach
B & B Mobile Home & Rec. Vehicle Park,(334) 756-6161,Valley,AL,2189 Ben Brown Road,36854,Chambers,"Hi, Bradley with Tread Companies / Trailer Parks calling about B & B Mobile Home & Rec. Vehicle Park in Valley. Free marketplace for park owners — $0 listing fee, $0 success fee. Brokers take ~6%. We've operated 4,000+ spaces. Can I text the link?",Bradley @ Tread Companies / Trailer Parks re B & B Mobile Home & Rec. Vehicle Park (Valley). Free owner marketplace — $0 fees. List in 2 min: https://temporary-zippy-celesta-4cyc4ht.vercel.app/list-your-park?ref=bradley-outreach,https://temporary-zippy-celesta-4cyc4ht.vercel.app/list-your-park?ref=bradley-outreach
Autumnwood Village,(334) 567-0059,Wetumpka,AL,1031 Jackson Trace Road,36092,Elmore,"Hi, Bradley with Tread Companies / Trailer Parks calling about Autumnwood Village in Wetumpka. Free marketplace for park owners — $0 listing fee, $0 success fee. Brokers take ~6%. We've operated 4,000+ spaces. Can I text the link?",Bradley @ Tread Companies / Trailer Parks re Autumnwood Village (Wetumpka). Free owner marketplace — $0 fees. List in 2 min: https://temporary-zippy-celesta-4cyc4ht.vercel.app/list-your-park?ref=bradley-outreach,https://temporary-zippy-celesta-4cyc4ht.vercel.app/list-your-park?ref=bradley-outreach
Belmont'S Single Oak Community,(334) 514-1992,Wetumpka,AL,1180 Ceasarville Road,36092,Elmore,"Hi, Bradley with Tread Companies / Trailer Parks calling about Belmont'S Single Oak Community in Wetumpka. Free marketplace for park owners — $0 listing fee, $0 success fee. Brokers take ~6%. We've operated 4,000+ spaces. Can I text the link?",Bradley @ Tread Companies / Trailer Parks re Belmont'S Single Oak Community (Wetumpka). Free owner marketplace — $0 fees. List in 2 min: https://temporary-zippy-celesta-4cyc4ht.vercel.app/list-your-park?ref=bradley-outreach,https://temporary-zippy-celesta-4cyc4ht.vercel.app/list-your-park?ref=bradley-outreach
Morris Estates,(205) 669-6450,Wilsonville,AL,25950 Highway 25,35186,Shelby,"Hi, Bradley with Tread Companies / Trailer Parks calling about Morris Estates in Wilsonville. Free marketplace for park owners — $0 listing fee, $0 success fee. Brokers take ~6%. We've operated 4,000+ spaces. Can I text the link?",Bradley @ Tread Companies / Trailer Parks re Morris Estates (Wilsonville). Free owner marketplace — $0 fees. List in 2 min: https://temporary-zippy-celesta-4cyc4ht.vercel.app/list-your-park?ref=bradley-outreach,https://temporary-zippy-celesta-4cyc4ht.vercel.app/list-your-park?ref=bradley-outreach
Wheel-Inn Mhp,(228) 467-6169,Bay St Louis,MS,822 Highway 90,39520,Hancock,"Hi, Bradley with Tread Companies / Trailer Parks calling about Wheel-Inn Mhp in Bay St Louis. Free marketplace for park owners — $0 listing fee, $0 success fee. Brokers take ~6%. We've operated 4,000+ spaces. Can I text the link?",Bradley @ Tread Companies / Trailer Parks re Wheel-Inn Mhp (Bay St Louis). Free owner marketplace — $0 fees. List in 2 min: https://temporary-zippy-celesta-4cyc4ht.vercel.app/list-your-park?ref=bradley-outreach,https://temporary-zippy-celesta-4cyc4ht.vercel.app/list-your-park?ref=bradley-outreach
Biloxi Trailer Park & Cottages,(228) 432-7623,Biloxi,MS,1750 Pass Road,39531,Harrison,"Hi, Bradley with Tread Companies / Trailer Parks calling about Biloxi Trailer Park & Cottages in Biloxi. Free marketplace for park owners — $0 listing fee, $0 success fee. Brokers take ~6%. We've operated 4,000+ spaces. Can I text the link?",Bradley @ Tread Companies / Trailer Parks re Biloxi Trailer Park & Cottages (Biloxi). Free owner marketplace — $0 fees. List in 2 min: https://temporary-zippy-celesta-4cyc4ht.vercel.app/list-your-park?ref=bradley-outreach,https://temporary-zippy-celesta-4cyc4ht.vercel.app/list-your-park?ref=bradley-outreach
Blair'S Trailer Park,(228) 388-3725,Biloxi,MS,2055 Pass Road,39531,Harrison,"Hi, Bradley with Tread Companies / Trailer Parks calling about Blair'S Trailer Park in Biloxi. Free marketplace for park owners — $0 listing fee, $0 success fee. Brokers take ~6%. We've operated 4,000+ spaces. Can I text the link?",Bradley @ Tread Companies / Trailer Parks re Blair'S Trailer Park (Biloxi). Free owner marketplace — $0 fees. List in 2 min: https://temporary-zippy-celesta-4cyc4ht.vercel.app/list-your-park?ref=bradley-outreach,https://temporary-zippy-celesta-4cyc4ht.vercel.app/list-your-park?ref=bradley-outreach
Cates Mhp,(228) 392-5886,Biloxi,MS,6234 Cates Circle,39532,Harrison,"Hi, Bradley with Tread Companies / Trailer Parks calling about Cates Mhp in Biloxi. Free marketplace for park owners — $0 listing fee, $0 success fee. Brokers take ~6%. We've operated 4,000+ spaces. Can I text the link?",Bradley @ Tread Companies / Trailer Parks re Cates Mhp (Biloxi). Free owner marketplace — $0 fees. List in 2 min: https://temporary-zippy-celesta-4cyc4ht.vercel.app/list-your-park?ref=bradley-outreach,https://temporary-zippy-celesta-4cyc4ht.vercel.app/list-your-park?ref=bradley-outreach
Cedar Lake Mobile Home Village,(228) 392-5324,Biloxi,MS,880 Cedar Lake Road,39532,Harrison,"Hi, Bradley with Tread Companies / Trailer Parks calling about Cedar Lake Mobile Home Village in Biloxi. Free marketplace for park owners — $0 listing fee, $0 success fee. Brokers take ~6%. We've operated 4,000+ spaces. Can I text the link?",Bradley @ Tread Companies / Trailer Parks re Cedar Lake Mobile Home Village (Biloxi). Free owner marketplace — $0 fees. List in 2 min: https://temporary-zippy-celesta-4cyc4ht.vercel.app/list-your-park?ref=bradley-outreach,https://temporary-zippy-celesta-4cyc4ht.vercel.app/list-your-park?ref=bradley-outreach
Country Living Mobile Home Village,(228) 392-3051,Biloxi,MS,12200 Old Highway 67,39532,Harrison,"Hi, Bradley with Tread Companies / Trailer Parks calling about Country Living Mobile Home Village in Biloxi. Free marketplace for park owners — $0 listing fee, $0 success fee. Brokers take ~6%. We've operated 4,000+ spaces. Can I text the link?",Bradley @ Tread Companies / Trailer Parks re Country Living Mobile Home Village (Biloxi). Free owner marketplace — $0 fees. List in 2 min: https://temporary-zippy-celesta-4cyc4ht.vercel.app/list-your-park?ref=bradley-outreach,https://temporary-zippy-celesta-4cyc4ht.vercel.app/list-your-park?ref=bradley-outreach
Highland Park,(228) 392-7067,Biloxi,MS,722 Highland Drive,39532,Harrison,"Hi, Bradley with Tread Companies / Trailer Parks calling about Highland Park in Biloxi. Free marketplace for park owners — $0 listing fee, $0 success fee. Brokers take ~6%. We've operated 4,000+ spaces. Can I text the link?",Bradley @ Tread Companies / Trailer Parks re Highland Park (Biloxi). Free owner marketplace — $0 fees. List in 2 min: https://temporary-zippy-celesta-4cyc4ht.vercel.app/list-your-park?ref=bradley-outreach,https://temporary-zippy-celesta-4cyc4ht.vercel.app/list-your-park?ref=bradley-outreach
Imperial Mobile Estates,(228) 388-7719,Biloxi,MS,1891 Popps Ferry Road,39532,Harrison,"Hi, Bradley with Tread Companies / Trailer Parks calling about Imperial Mobile Estates in Biloxi. Free marketplace for park owners — $0 listing fee, $0 success fee. Brokers take ~6%. We've operated 4,000+ spaces. Can I text the link?",Bradley @ Tread Companies / Trailer Parks re Imperial Mobile Estates (Biloxi). Free owner marketplace — $0 fees. List in 2 min: https://temporary-zippy-celesta-4cyc4ht.vercel.app/list-your-park?ref=bradley-outreach,https://temporary-zippy-celesta-4cyc4ht.vercel.app/list-your-park?ref=bradley-outreach
Pelican Park,(228) 392-7067,Biloxi,MS,15228 Lemoyne Boulevard,39532,Jackson,"Hi, Bradley with Tread Companies / Trailer Parks calling about Pelican Park in Biloxi. Free marketplace for park owners — $0 listing fee, $0 success fee. Brokers take ~6%. We've operated 4,000+ spaces. Can I text the link?",Bradley @ Tread Companies / Trailer Parks re Pelican Park (Biloxi). Free owner marketplace — $0 fees. List in 2 min: https://temporary-zippy-celesta-4cyc4ht.vercel.app/list-your-park?ref=bradley-outreach,https://temporary-zippy-celesta-4cyc4ht.vercel.app/list-your-park?ref=bradley-outreach
Pine Grove Trailer Park,(228) 388-3865,Biloxi,MS,2018 Popps Ferry Road,39532,Harrison,"Hi, Bradley with Tread Companies / Trailer Parks calling about Pine Grove Trailer Park in Biloxi. Free marketplace for park owners — $0 listing fee, $0 success fee. Brokers take ~6%. We've operated 4,000+ spaces. Can I text the link?",Bradley @ Tread Companies / Trailer Parks re Pine Grove Trailer Park (Biloxi). Free owner marketplace — $0 fees. List in 2 min: https://temporary-zippy-celesta-4cyc4ht.vercel.app/list-your-park?ref=bradley-outreach,https://temporary-zippy-celesta-4cyc4ht.vercel.app/list-your-park?ref=bradley-outreach
Ridgeland,(228) 392-7067,Biloxi,MS,11115 Gorenflo Road,39532,Harrison,"Hi, Bradley with Tread Companies / Trailer Parks calling about Ridgeland in Biloxi. Free marketplace for park owners — $0 listing fee, $0 success fee. Brokers take ~6%. We've operated 4,000+ spaces. Can I text the link?",Bradley @ Tread Companies / Trailer Parks re Ridgeland (Biloxi). Free owner marketplace — $0 fees. List in 2 min: https://temporary-zippy-celesta-4cyc4ht.vercel.app/list-your-park?ref=bradley-outreach,https://temporary-zippy-celesta-4cyc4ht.vercel.app/list-your-park?ref=bradley-outreach
Rolling Hills Mobile Estate,(228) 392-7786,Biloxi,MS,4457 Popps Ferry Road,39532,Harrison,"Hi, Bradley with Tread Companies / Trailer Parks calling about Rolling Hills Mobile Estate in Biloxi. Free marketplace for park owners — $0 listing fee, $0 success fee. Brokers take ~6%. We've operated 4,000+ spaces. Can I text the link?",Bradley @ Tread Companies / Trailer Parks re Rolling Hills Mobile Estate (Biloxi). Free owner marketplace — $0 fees. List in 2 min: https://temporary-zippy-celesta-4cyc4ht.vercel.app/list-your-park?ref=bradley-outreach,https://temporary-zippy-celesta-4cyc4ht.vercel.app/list-your-park?ref=bradley-outreach
Sherwood Village Mobile Home,(228) 392-2975,Biloxi,MS,1501 Popps Ferry Road,39532,Harrison,"Hi, Bradley with Tread Companies / Trailer Parks calling about Sherwood Village Mobile Home in Biloxi. Free marketplace for park owners — $0 listing fee, $0 success fee. Brokers take ~6%. We've operated 4,000+ spaces. Can I text the link?",Bradley @ Tread Companies / Trailer Parks re Sherwood Village Mobile Home (Biloxi). Free owner marketplace — $0 fees. List in 2 min: https://temporary-zippy-celesta-4cyc4ht.vercel.app/list-your-park?ref=bradley-outreach,https://temporary-zippy-celesta-4cyc4ht.vercel.app/list-your-park?ref=bradley-outreach
Booneville Residence & Mobile,(601) 728-6332,Booneville,MS,2016 South 2Nd Street,38829,Prentiss,"Hi, Bradley with Tread Companies / Trailer Parks calling about Booneville Residence & Mobile in Booneville. Free marketplace for park owners — $0 listing fee, $0 success fee. Brokers take ~6%. We've operated 4,000+ spaces. Can I text the link?",Bradley @ Tread Companies / Trailer Parks re Booneville Residence & Mobile (Booneville). Free owner marketplace — $0 fees. List in 2 min: https://temporary-zippy-celesta-4cyc4ht.vercel.app/list-your-park?ref=bradley-outreach,https://temporary-zippy-celesta-4cyc4ht.vercel.app/list-your-park?ref=bradley-outreach
Brandon Home Park,(601) 825-5501,Brandon,MS,450 Overby Street,39042,Rankin,"Hi, Bradley with Tread Companies / Trailer Parks calling about Brandon Home Park in Brandon. Free marketplace for park owners — $0 listing fee, $0 success fee. Brokers take ~6%. We've operated 4,000+ spaces. Can I text the link?",Bradley @ Tread Companies / Trailer Parks re Brandon Home Park (Brandon). Free owner marketplace — $0 fees. List in 2 min: https://temporary-zippy-celesta-4cyc4ht.vercel.app/list-your-park?ref=bradley-outreach,https://temporary-zippy-celesta-4cyc4ht.vercel.app/list-your-park?ref=bradley-outreach
Pinehaven Trailer Park,(601) 833-1461,Brookhaven,MS,1224 Union Street,39601,Lincoln,"Hi, Bradley with Tread Companies / Trailer Parks calling about Pinehaven Trailer Park in Brookhaven. Free marketplace for park owners — $0 listing fee, $0 success fee. Brokers take ~6%. We've operated 4,000+ spaces. Can I text the link?",Bradley @ Tread Companies / Trailer Parks re Pinehaven Trailer Park (Brookhaven). Free owner marketplace — $0 fees. List in 2 min: https://temporary-zippy-celesta-4cyc4ht.vercel.app/list-your-park?ref=bradley-outreach,https://temporary-zippy-celesta-4cyc4ht.vercel.app/list-your-park?ref=bradley-outreach
Springridge Mobile Estates,(601) 924-0947,Clinton,MS,499 Springridge Road,39056,Hinds,"Hi, Bradley with Tread Companies / Trailer Parks calling about Springridge Mobile Estates in Clinton. Free marketplace for park owners — $0 listing fee, $0 success fee. Brokers take ~6%. We've operated 4,000+ spaces. Can I text the link?",Bradley @ Tread Companies / Trailer Parks re Springridge Mobile Estates (Clinton). Free owner marketplace — $0 fees. List in 2 min: https://temporary-zippy-celesta-4cyc4ht.vercel.app/list-your-park?ref=bradley-outreach,https://temporary-zippy-celesta-4cyc4ht.vercel.app/list-your-park?ref=bradley-outreach
Airbase Mhp,(601) 434-6789,Columbus,MS,4180 Highway 373,39701,Lowndes,"Hi, Bradley with Tread Companies / Trailer Parks calling about Airbase Mhp in Columbus. Free marketplace for park owners — $0 listing fee, $0 success fee. Brokers take ~6%. We've operated 4,000+ spaces. Can I text the link?",Bradley @ Tread Companies / Trailer Parks re Airbase Mhp (Columbus). Free owner marketplace — $0 fees. List in 2 min: https://temporary-zippy-celesta-4cyc4ht.vercel.app/list-your-park?ref=bradley-outreach,https://temporary-zippy-celesta-4cyc4ht.vercel.app/list-your-park?ref=bradley-outreach
Grove The Mfd. Home,(601) 329-9110,Columbus,MS,510 North Lehmberg Road,39702,Lowndes,"Hi, Bradley with Tread Companies / Trailer Parks calling about Grove The Mfd. Home in Columbus. Free marketplace for park owners — $0 listing fee, $0 success fee. Brokers take ~6%. We've operated 4,000+ spaces. Can I text the link?",Bradley @ Tread Companies / Trailer Parks re Grove The Mfd. Home (Columbus). Free owner marketplace — $0 fees. List in 2 min: https://temporary-zippy-celesta-4cyc4ht.vercel.app/list-your-park?ref=bradley-outreach,https://temporary-zippy-celesta-4cyc4ht.vercel.app/list-your-park?ref=bradley-outreach
Parker Mhp,(601) 434-6000,Columbus,MS,3459 Highway 373,39701,Lowndes,"Hi, Bradley with Tread Companies / Trailer Parks calling about Parker Mhp in Columbus. Free marketplace for park owners — $0 listing fee, $0 success fee. Brokers take ~6%. We've operated 4,000+ spaces. Can I text the link?",Bradley @ Tread Companies / Trailer Parks re Parker Mhp (Columbus). Free owner marketplace — $0 fees. List in 2 min: https://temporary-zippy-celesta-4cyc4ht.vercel.app/list-your-park?ref=bradley-outreach,https://temporary-zippy-celesta-4cyc4ht.vercel.app/list-your-park?ref=bradley-outreach
Shaw'S Mhp,(601) 434-6401,Columbus,MS,3458 Highway 373,39701,Lowndes,"Hi, Bradley with Tread Companies / Trailer Parks calling about Shaw'S Mhp in Columbus. Free marketplace for park owners — $0 listing fee, $0 success fee. Brokers take ~6%. We've operated 4,000+ spaces. Can I text the link?",Bradley @ Tread Companies / Trailer Parks re Shaw'S Mhp (Columbus). Free owner marketplace — $0 fees. List in 2 min: https://temporary-zippy-celesta-4cyc4ht.vercel.app/list-your-park?ref=bradley-outreach,https://temporary-zippy-celesta-4cyc4ht.vercel.app/list-your-park?ref=bradley-outreach
Smith'S Mhp,(601) 434-8988,Columbus,MS,3784 Highway 373,39701,Lowndes,"Hi, Bradley with Tread Companies / Trailer Parks calling about Smith'S Mhp in Columbus. Free marketplace for park owners — $0 listing fee, $0 success fee. Brokers take ~6%. We've operated 4,000+ spaces. Can I text the link?",Bradley @ Tread Companies / Trailer Parks re Smith'S Mhp (Columbus). Free owner marketplace — $0 fees. List in 2 min: https://temporary-zippy-celesta-4cyc4ht.vercel.app/list-your-park?ref=bradley-outreach,https://temporary-zippy-celesta-4cyc4ht.vercel.app/list-your-park?ref=bradley-outreach
Ward Trailer Park,(601) 328-5077,Columbus,MS,5215 Highway 182 East,39702,Lowndes,"Hi, Bradley with Tread Companies / Trailer Parks calling about Ward Trailer Park in Columbus. Free marketplace for park owners — $0 listing fee, $0 success fee. Brokers take ~6%. We've operated 4,000+ spaces. Can I text the link?",Bradley @ Tread Companies / Trailer Parks re Ward Trailer Park (Columbus). Free owner marketplace — $0 fees. List in 2 min: https://temporary-zippy-celesta-4cyc4ht.vercel.app/list-your-park?ref=bradley-outreach,https://temporary-zippy-celesta-4cyc4ht.vercel.app/list-your-park?ref=bradley-outreach
Crystal Springs Mhp,(601) 892-5252,Crystal Springs,MS,100 Maddox Drive #A,39059,Copiah,"Hi, Bradley with Tread Companies / Trailer Parks calling about Crystal Springs Mhp in Crystal Springs. Free marketplace for park owners — $0 listing fee, $0 success fee. Brokers take ~6%. We've operated 4,000+ spaces. Can I text the link?",Bradley @ Tread Companies / Trailer Parks re Crystal Springs Mhp (Crystal Springs). Free owner marketplace — $0 fees. List in 2 min: https://temporary-zippy-celesta-4cyc4ht.vercel.app/list-your-park?ref=bradley-outreach,https://temporary-zippy-celesta-4cyc4ht.vercel.app/list-your-park?ref=bradley-outreach
Bluff Creek Mhp,(228) 497-1658,Gautier,MS,8716 Pine Grove Road,39553,Jackson,"Hi, Bradley with Tread Companies / Trailer Parks calling about Bluff Creek Mhp in Gautier. Free marketplace for park owners — $0 listing fee, $0 success fee. Brokers take ~6%. We've operated 4,000+ spaces. Can I text the link?",Bradley @ Tread Companies / Trailer Parks re Bluff Creek Mhp (Gautier). Free owner marketplace — $0 fees. List in 2 min: https://temporary-zippy-celesta-4cyc4ht.vercel.app/list-your-park?ref=bradley-outreach,https://temporary-zippy-celesta-4cyc4ht.vercel.app/list-your-park?ref=bradley-outreach
Coast Meadows Mobile Estate,(228) 497-2402,Gautier,MS,2101 Ladnier Road,39553,Jackson,"Hi, Bradley with Tread Companies / Trailer Parks calling about Coast Meadows Mobile Estate in Gautier. Free marketplace for park owners — $0 listing fee, $0 success fee. Brokers take ~6%. We've operated 4,000+ spaces. Can I text the link?",Bradley @ Tread Companies / Trailer Parks re Coast Meadows Mobile Estate (Gautier). Free owner marketplace — $0 fees. List in 2 min: https://temporary-zippy-celesta-4cyc4ht.vercel.app/list-your-park?ref=bradley-outreach,https://temporary-zippy-celesta-4cyc4ht.vercel.app/list-your-park?ref=bradley-outreach
Isle Of Pines Mobile Home Village,(228) 497-4186,Gautier,MS,1417 Highway 90,39553,Jackson,"Hi, Bradley with Tread Companies / Trailer Parks calling about Isle Of Pines Mobile Home Village in Gautier. Free marketplace for park owners — $0 listing fee, $0 success fee. Brokers take ~6%. We've operated 4,000+ spaces. Can I text the link?",Bradley @ Tread Companies / Trailer Parks re Isle Of Pines Mobile Home Village (Gautier). Free owner marketplace — $0 fees. List in 2 min: https://temporary-zippy-celesta-4cyc4ht.vercel.app/list-your-park?ref=bradley-outreach,https://temporary-zippy-celesta-4cyc4ht.vercel.app/list-your-park?ref=bradley-outreach
Simmons' Mhp,(228) 497-4400,Gautier,MS,504 Mawaka Drive,39553,Jackson,"Hi, Bradley with Tread Companies / Trailer Parks calling about Simmons' Mhp in Gautier. Free marketplace for park owners — $0 listing fee, $0 success fee. Brokers take ~6%. We've operated 4,000+ spaces. Can I text the link?",Bradley @ Tread Companies / Trailer Parks re Simmons' Mhp (Gautier). Free owner marketplace — $0 fees. List in 2 min: https://temporary-zippy-celesta-4cyc4ht.vercel.app/list-your-park?ref=bradley-outreach,https://temporary-zippy-celesta-4cyc4ht.vercel.app/list-your-park?ref=bradley-outreach
L R Mullen Trailer Park,(601) 332-7096,Greenville,MS,1181 Highland Plantation #217,38701,Washington,"Hi, Bradley with Tread Companies / Trailer Parks calling about L R Mullen Trailer Park in Greenville. Free marketplace for park owners — $0 listing fee, $0 success fee. Brokers take ~6%. We've operated 4,000+ spaces. Can I text the link?",Bradley @ Tread Companies / Trailer Parks re L R Mullen Trailer Park (Greenville). Free owner marketplace — $0 fees. List in 2 min: https://temporary-zippy-celesta-4cyc4ht.vercel.app/list-your-park?ref=bradley-outreach,https://temporary-zippy-celesta-4cyc4ht.vercel.app/list-your-park?ref=bradley-outreach
Delta Mobile Home And Rv Park,(877) 256-4064,Greenwood,MS,32800 County Road 512,38954,Leflore,"Hi, Bradley with Tread Companies / Trailer Parks calling about Delta Mobile Home And Rv Park in Greenwood. Free marketplace for park owners — $0 listing fee, $0 success fee. Brokers take ~6%. We've operated 4,000+ spaces. Can I text the link?",Bradley @ Tread Companies / Trailer Parks re Delta Mobile Home And Rv Park (Greenwood). Free owner marketplace — $0 fees. List in 2 min: https://temporary-zippy-celesta-4cyc4ht.vercel.app/list-your-park?ref=bradley-outreach,https://temporary-zippy-celesta-4cyc4ht.vercel.app/list-your-park?ref=bradley-outreach
Anchor Mobile Home Park,(228) 896-7551,Gulfport,MS,1020 Beach Drive,39507,Harrison,"Hi, Bradley with Tread Companies / Trailer Parks calling about Anchor Mobile Home Park in Gulfport. Free marketplace for park owners — $0 listing fee, $0 success fee. Brokers take ~6%. We've operated 4,000+ spaces. Can I text the link?",Bradley @ Tread Companies / Trailer Parks re Anchor Mobile Home Park (Gulfport). Free owner marketplace — $0 fees. List in 2 min: https://temporary-zippy-celesta-4cyc4ht.vercel.app/list-your-park?ref=bradley-outreach,https://temporary-zippy-celesta-4cyc4ht.vercel.app/list-your-park?ref=bradley-outreach
Bayou Oaks Mhp,(228) 896-1405,Gulfport,MS,1901 Switzer Road,39507,Harrison,"Hi, Bradley with Tread Companies / Trailer Parks calling about Bayou Oaks Mhp in Gulfport. Free marketplace for park owners — $0 listing fee, $0 success fee. Brokers take ~6%. We've operated 4,000+ spaces. Can I text the link?",Bradley @ Tread Companies / Trailer Parks re Bayou Oaks Mhp (Gulfport). Free owner marketplace — $0 fees. List in 2 min: https://temporary-zippy-celesta-4cyc4ht.vercel.app/list-your-park?ref=bradley-outreach,https://temporary-zippy-celesta-4cyc4ht.vercel.app/list-your-park?ref=bradley-outreach
Hidden Acres Mhp,(877) 365-3141,Gulfport,MS,15538 Touriel Road,39503,Harrison,"Hi, Bradley with Tread Companies / Trailer Parks calling about Hidden Acres Mhp in Gulfport. Free marketplace for park owners — $0 listing fee, $0 success fee. Brokers take ~6%. We've operated 4,000+ spaces. Can I text the link?",Bradley @ Tread Companies / Trailer Parks re Hidden Acres Mhp (Gulfport). Free owner marketplace — $0 fees. List in 2 min: https://temporary-zippy-celesta-4cyc4ht.vercel.app/list-your-park?ref=bradley-outreach,https://temporary-zippy-celesta-4cyc4ht.vercel.app/list-your-park?ref=bradley-outreach
Poolside Mobile Home Village,(228) 863-1876,Gulfport,MS,2800 19Th Avenue,39501,Harrison,"Hi, Bradley with Tread Companies / Trailer Parks calling about Poolside Mobile Home Village in Gulfport. Free marketplace for park owners — $0 listing fee, $0 success fee. Brokers take ~6%. We've operated 4,000+ spaces. Can I text the link?",Bradley @ Tread Companies / Trailer Parks re Poolside Mobile Home Village (Gulfport). Free owner marketplace — $0 fees. List in 2 min: https://temporary-zippy-celesta-4cyc4ht.vercel.app/list-your-park?ref=bradley-outreach,https://temporary-zippy-celesta-4cyc4ht.vercel.app/list-your-park?ref=bradley-outreach
Ridgecrest Estates,(228) 832-4151,Gulfport,MS,11220 Hughes Road,39503,Harrison,"Hi, Bradley with Tread Companies / Trailer Parks calling about Ridgecrest Estates in Gulfport. Free marketplace for park owners — $0 listing fee, $0 success fee. Brokers take ~6%. We've operated 4,000+ spaces. Can I text the link?",Bradley @ Tread Companies / Trailer Parks re Ridgecrest Estates (Gulfport). Free owner marketplace — $0 fees. List in 2 min: https://temporary-zippy-celesta-4cyc4ht.vercel.app/list-your-park?ref=bradley-outreach,https://temporary-zippy-celesta-4cyc4ht.vercel.app/list-your-park?ref=bradley-outreach
Southern Oaks Mobile Home & Rec. Vehicle,(228) 832-5528,Gulfport,MS,10530 Three Rivers Road,39503,Harrison,"Hi, Bradley with Tread Companies / Trailer Parks calling about Southern Oaks Mobile Home & Rec. Vehicle in Gulfport. Free marketplace for park owners — $0 listing fee, $0 success fee. Brokers take ~6%. We've operated 4,000+ spaces. Can I text the link?",Bradley @ Tread Companies / Trailer Parks re Southern Oaks Mobile Home & Rec. Vehicle (Gulfport). Free owner marketplace — $0 fees. List in 2 min: https://temporary-zippy-celesta-4cyc4ht.vercel.app/list-your-park?ref=bradley-outreach,https://temporary-zippy-celesta-4cyc4ht.vercel.app/list-your-park?ref=bradley-outreach
Dixon Road Mhp,(601) 922-1443,Jackson,MS,4753 South Drive,39209,Hinds,"Hi, Bradley with Tread Companies / Trailer Parks calling about Dixon Road Mhp in Jackson. Free marketplace for park owners — $0 listing fee, $0 success fee. Brokers take ~6%. We've operated 4,000+ spaces. Can I text the link?",Bradley @ Tread Companies / Trailer Parks re Dixon Road Mhp (Jackson). Free owner marketplace — $0 fees. List in 2 min: https://temporary-zippy-celesta-4cyc4ht.vercel.app/list-your-park?ref=bradley-outreach,https://temporary-zippy-celesta-4cyc4ht.vercel.app/list-your-park?ref=bradley-outreach
Gaylyn Terrace,(601) 922-9561,Jackson,MS,5055 Gaylyn Drive,39209,Hinds,"Hi, Bradley with Tread Companies / Trailer Parks calling about Gaylyn Terrace in Jackson. Free marketplace for park owners — $0 listing fee, $0 success fee. Brokers take ~6%. We've operated 4,000+ spaces. Can I text the link?",Bradley @ Tread Companies / Trailer Parks re Gaylyn Terrace (Jackson). Free owner marketplace — $0 fees. List in 2 min: https://temporary-zippy-celesta-4cyc4ht.vercel.app/list-your-park?ref=bradley-outreach,https://temporary-zippy-celesta-4cyc4ht.vercel.app/list-your-park?ref=bradley-outreach
Highlands,(601) 939-7275,Jackson,MS,3127 Greenfield Road,39208,Rankin,"Hi, Bradley with Tread Companies / Trailer Parks calling about Highlands in Jackson. Free marketplace for park owners — $0 listing fee, $0 success fee. Brokers take ~6%. We've operated 4,000+ spaces. Can I text the link?",Bradley @ Tread Companies / Trailer Parks re Highlands (Jackson). Free owner marketplace — $0 fees. List in 2 min: https://temporary-zippy-celesta-4cyc4ht.vercel.app/list-your-park?ref=bradley-outreach,https://temporary-zippy-celesta-4cyc4ht.vercel.app/list-your-park?ref=bradley-outreach
Homewood Manor Mhp,(601) 366-1421,Jackson,MS,5330 North State Street,39206,Hinds,"Hi, Bradley with Tread Companies / Trailer Parks calling about Homewood Manor Mhp in Jackson. Free marketplace for park owners — $0 listing fee, $0 success fee. Brokers take ~6%. We've operated 4,000+ spaces. Can I text the link?",Bradley @ Tread Companies / Trailer Parks re Homewood Manor Mhp (Jackson). Free owner marketplace — $0 fees. List in 2 min: https://temporary-zippy-celesta-4cyc4ht.vercel.app/list-your-park?ref=bradley-outreach,https://temporary-zippy-celesta-4cyc4ht.vercel.app/list-your-park?ref=bradley-outreach
Shady Springs Mobile Estate,(601) 922-1533,Jackson,MS,8061 North Mcraven Road,39209,Hinds,"Hi, Bradley with Tread Companies / Trailer Parks calling about Shady Springs Mobile Estate in Jackson. Free marketplace for park owners — $0 listing fee, $0 success fee. Brokers take ~6%. We've operated 4,000+ spaces. Can I text the link?",Bradley @ Tread Companies / Trailer Parks re Shady Springs Mobile Estate (Jackson). Free owner marketplace — $0 fees. List in 2 min: https://temporary-zippy-celesta-4cyc4ht.vercel.app/list-your-park?ref=bradley-outreach,https://temporary-zippy-celesta-4cyc4ht.vercel.app/list-your-park?ref=bradley-outreach
Eden Acres Mhp,(601) 426-2659,Laurel,MS,3313 North 5Th Avenue,39440,Jones,"Hi, Bradley with Tread Companies / Trailer Parks calling about Eden Acres Mhp in Laurel. Free marketplace for park owners — $0 listing fee, $0 success fee. Brokers take ~6%. We've operated 4,000+ spaces. Can I text the link?",Bradley @ Tread Companies / Trailer Parks re Eden Acres Mhp (Laurel). Free owner marketplace — $0 fees. List in 2 min: https://temporary-zippy-celesta-4cyc4ht.vercel.app/list-your-park?ref=bradley-outreach,https://temporary-zippy-celesta-4cyc4ht.vercel.app/list-your-park?ref=bradley-outreach
Motorama Gardens,(601) 426-9511,Laurel,MS,3048 Old Amy Road,39440,Jones,"Hi, Bradley with Tread Companies / Trailer Parks calling about Motorama Gardens in Laurel. Free marketplace for park owners — $0 listing fee, $0 success fee. Brokers take ~6%. We've operated 4,000+ spaces. Can I text the link?",Bradley @ Tread Companies / Trailer Parks re Motorama Gardens (Laurel). Free owner marketplace — $0 fees. List in 2 min: https://temporary-zippy-celesta-4cyc4ht.vercel.app/list-your-park?ref=bradley-outreach,https://temporary-zippy-celesta-4cyc4ht.vercel.app/list-your-park?ref=bradley-outreach
New Laurel Mhp,(601) 426-2125,Laurel,MS,3222 Ellisville Boulevard,39440,Jones,"Hi, Bradley with Tread Companies / Trailer Parks calling about New Laurel Mhp in Laurel. Free marketplace for park owners — $0 listing fee, $0 success fee. Brokers take ~6%. We've operated 4,000+ spaces. Can I text the link?",Bradley @ Tread Companies / Trailer Parks re New Laurel Mhp (Laurel). Free owner marketplace — $0 fees. List in 2 min: https://temporary-zippy-celesta-4cyc4ht.vercel.app/list-your-park?ref=bradley-outreach,https://temporary-zippy-celesta-4cyc4ht.vercel.app/list-your-park?ref=bradley-outreach
Country Estates Mhp Hill Country Community,(601) 679-7300,Meridian,MS,383 Briarwood Road,39305,Lauderdale,"Hi, Bradley with Tread Companies / Trailer Parks calling about Country Estates Mhp Hill Country Community in Meridian. Free marketplace for park owners — $0 listing fee, $0 success fee. Brokers take ~6%. We've operated 4,000+ spaces. Can I text the link?",Bradley @ Tread Companies / Trailer Parks re Country Estates Mhp Hill Country Community (Meridian). Free owner marketplace — $0 fees. List in 2 min: https://temporary-zippy-celesta-4cyc4ht.vercel.app/list-your-park?ref=bradley-outreach,https://temporary-zippy-celesta-4cyc4ht.vercel.app/list-your-park?ref=bradley-outreach
Matfey'S Trailer Park & Camp,(601) 482-5522,Meridian,MS,3136 Officers Lake Road,39307,Lauderdale,"Hi, Bradley with Tread Companies / Trailer Parks calling about Matfey'S Trailer Park & Camp in Meridian. Free marketplace for park owners — $0 listing fee, $0 success fee. Brokers take ~6%. We've operated 4,000+ spaces. Can I text the link?",Bradley @ Tread Companies / Trailer Parks re Matfey'S Trailer Park & Camp (Meridian). Free owner marketplace — $0 fees. List in 2 min: https://temporary-zippy-celesta-4cyc4ht.vercel.app/list-your-park?ref=bradley-outreach,https://temporary-zippy-celesta-4cyc4ht.vercel.app/list-your-park?ref=bradley-outreach
Not Available,(228) 475-5682,Moss Point,MS,6706 Brown Ave,39563,Jackson,"Hi, Bradley with Tread Companies / Trailer Parks calling about Not Available in Moss Point. Free marketplace for park owners — $0 listing fee, $0 success fee. Brokers take ~6%. We've operated 4,000+ spaces. Can I text the link?",Bradley @ Tread Companies / Trailer Parks re Not Available (Moss Point). Free owner marketplace — $0 fees. List in 2 min: https://temporary-zippy-celesta-4cyc4ht.vercel.app/list-your-park?ref=bradley-outreach,https://temporary-zippy-celesta-4cyc4ht.vercel.app/list-your-park?ref=bradley-outreach
Plantation Park,(601) 442-5222,Natchez,MS,1 Frederick Road,39120,Adams,"Hi, Bradley with Tread Companies / Trailer Parks calling about Plantation Park in Natchez. Free marketplace for park owners — $0 listing fee, $0 success fee. Brokers take ~6%. We've operated 4,000+ spaces. Can I text the link?",Bradley @ Tread Companies / Trailer Parks re Plantation Park (Natchez). Free owner marketplace — $0 fees. List in 2 min: https://temporary-zippy-celesta-4cyc4ht.vercel.app/list-your-park?ref=bradley-outreach,https://temporary-zippy-celesta-4cyc4ht.vercel.app/list-your-park?ref=bradley-outreach
Country Haven Mhp,(601) 429-9626,Nesbit,MS,1151 Highway 51 North,38651,Desoto,"Hi, Bradley with Tread Companies / Trailer Parks calling about Country Haven Mhp in Nesbit. Free marketplace for park owners — $0 listing fee, $0 success fee. Brokers take ~6%. We've operated 4,000+ spaces. Can I text the link?",Bradley @ Tread Companies / Trailer Parks re Country Haven Mhp (Nesbit). Free owner marketplace — $0 fees. List in 2 min: https://temporary-zippy-celesta-4cyc4ht.vercel.app/list-your-park?ref=bradley-outreach,https://temporary-zippy-celesta-4cyc4ht.vercel.app/list-your-park?ref=bradley-outreach
Magnolia Hills Mhp,(601) 429-4449,Nesbit,MS,3001C Highway 51 North,38651,Desoto,"Hi, Bradley with Tread Companies / Trailer Parks calling about Magnolia Hills Mhp in Nesbit. Free marketplace for park owners — $0 listing fee, $0 success fee. Brokers take ~6%. We've operated 4,000+ spaces. Can I text the link?",Bradley @ Tread Companies / Trailer Parks re Magnolia Hills Mhp (Nesbit). Free owner marketplace — $0 fees. List in 2 min: https://temporary-zippy-celesta-4cyc4ht.vercel.app/list-your-park?ref=bradley-outreach,https://temporary-zippy-celesta-4cyc4ht.vercel.app/list-your-park?ref=bradley-outreach
Flint Creek Manor,(228) 697-4196,Not Available,MS,Not Available,NOT AVAILABLE,Stone,"Hi, Bradley with Tread Companies / Trailer Parks calling about Flint Creek Manor in Not Available. Free marketplace for park owners — $0 listing fee, $0 success fee. Brokers take ~6%. We've operated 4,000+ spaces. Can I text the link?",Bradley @ Tread Companies / Trailer Parks re Flint Creek Manor (Not Available). Free owner marketplace — $0 fees. List in 2 min: https://temporary-zippy-celesta-4cyc4ht.vercel.app/list-your-park?ref=bradley-outreach,https://temporary-zippy-celesta-4cyc4ht.vercel.app/list-your-park?ref=bradley-outreach
Not Available,(601) 572-5116,Not Available,MS,200 Downs Ave,NOT AVAILABLE,Simpson,"Hi, Bradley with Tread Companies / Trailer Parks calling about Not Available in Not Available. Free marketplace for park owners — $0 listing fee, $0 success fee. Brokers take ~6%. We've operated 4,000+ spaces. Can I text the link?",Bradley @ Tread Companies / Trailer Parks re Not Available (Not Available). Free owner marketplace — $0 fees. List in 2 min: https://temporary-zippy-celesta-4cyc4ht.vercel.app/list-your-park?ref=bradley-outreach,https://temporary-zippy-celesta-4cyc4ht.vercel.app/list-your-park?ref=bradley-outreach
Candle Lite Mobile Home Estates,(601) 895-6474,Olive Branch,MS,8544 Caroma Street,38654,Desoto,"Hi, Bradley with Tread Companies / Trailer Parks calling about Candle Lite Mobile Home Estates in Olive Branch. Free marketplace for park owners — $0 listing fee, $0 success fee. Brokers take ~6%. We've operated 4,000+ spaces. Can I text the link?",Bradley @ Tread Companies / Trailer Parks re Candle Lite Mobile Home Estates (Olive Branch). Free owner marketplace — $0 fees. List in 2 min: https://temporary-zippy-celesta-4cyc4ht.vercel.app/list-your-park?ref=bradley-outreach,https://temporary-zippy-celesta-4cyc4ht.vercel.app/list-your-park?ref=bradley-outreach
Ewing Park Community,(601) 236-2883,Oxford,MS,2399 Jackson Avenue West,38655,Lafayette,"Hi, Bradley with Tread Companies / Trailer Parks calling about Ewing Park Community in Oxford. Free marketplace for park owners — $0 listing fee, $0 success fee. Brokers take ~6%. We've operated 4,000+ spaces. Can I text the link?",Bradley @ Tread Companies / Trailer Parks re Ewing Park Community (Oxford). Free owner marketplace — $0 fees. List in 2 min: https://temporary-zippy-celesta-4cyc4ht.vercel.app/list-your-park?ref=bradley-outreach,https://temporary-zippy-celesta-4cyc4ht.vercel.app/list-your-park?ref=bradley-outreach
Oxford Wheel Estates,(601) 234-9602,Oxford,MS,913 South 18Th Street Extension,38655,Lafayette,"Hi, Bradley with Tread Companies / Trailer Parks calling about Oxford Wheel Estates in Oxford. Free marketplace for park owners — $0 listing fee, $0 success fee. Brokers take ~6%. We've operated 4,000+ spaces. Can I text the link?",Bradley @ Tread Companies / Trailer Parks re Oxford Wheel Estates (Oxford). Free owner marketplace — $0 fees. List in 2 min: https://temporary-zippy-celesta-4cyc4ht.vercel.app/list-your-park?ref=bradley-outreach,https://temporary-zippy-celesta-4cyc4ht.vercel.app/list-your-park?ref=bradley-outreach
Oak Lake Mobile Home Community,(601) 932-6644,Pearl,MS,151 Aqua Way,39208,Rankin,"Hi, Bradley with Tread Companies / Trailer Parks calling about Oak Lake Mobile Home Community in Pearl. Free marketplace for park owners — $0 listing fee, $0 success fee. Brokers take ~6%. We've operated 4,000+ spaces. Can I text the link?",Bradley @ Tread Companies / Trailer Parks re Oak Lake Mobile Home Community (Pearl). Free owner marketplace — $0 fees. List in 2 min: https://temporary-zippy-celesta-4cyc4ht.vercel.app/list-your-park?ref=bradley-outreach,https://temporary-zippy-celesta-4cyc4ht.vercel.app/list-your-park?ref=bradley-outreach
Forrest Garden Mobile Home,(601) 582-4995,Petal,MS,302 Jones Street,39465,Forrest,"Hi, Bradley with Tread Companies / Trailer Parks calling about Forrest Garden Mobile Home in Petal. Free marketplace for park owners — $0 listing fee, $0 success fee. Brokers take ~6%. We've operated 4,000+ spaces. Can I text the link?",Bradley @ Tread Companies / Trailer Parks re Forrest Garden Mobile Home (Petal). Free owner marketplace — $0 fees. List in 2 min: https://temporary-zippy-celesta-4cyc4ht.vercel.app/list-your-park?ref=bradley-outreach,https://temporary-zippy-celesta-4cyc4ht.vercel.app/list-your-park?ref=bradley-outreach
Gay'S Mhp,(601) 584-7728,Petal,MS,926 Sunrise Road,39465,Forrest,"Hi, Bradley with Tread Companies / Trailer Parks calling about Gay'S Mhp in Petal. Free marketplace for park owners — $0 listing fee, $0 success fee. Brokers take ~6%. We've operated 4,000+ spaces. Can I text the link?",Bradley @ Tread Companies / Trailer Parks re Gay'S Mhp (Petal). Free owner marketplace — $0 fees. List in 2 min: https://temporary-zippy-celesta-4cyc4ht.vercel.app/list-your-park?ref=bradley-outreach,https://temporary-zippy-celesta-4cyc4ht.vercel.app/list-your-park?ref=bradley-outreach
Liberty Road Trailer Park Office,(601) 799-0241,Picayune,MS,60 Liberty Road,39466,Pearl River,"Hi, Bradley with Tread Companies / Trailer Parks calling about Liberty Road Trailer Park Office in Picayune. Free marketplace for park owners — $0 listing fee, $0 success fee. Brokers take ~6%. We've operated 4,000+ spaces. Can I text the link?",Bradley @ Tread Companies / Trailer Parks re Liberty Road Trailer Park Office (Picayune). Free owner marketplace — $0 fees. List in 2 min: https://temporary-zippy-celesta-4cyc4ht.vercel.app/list-your-park?ref=bradley-outreach,https://temporary-zippy-celesta-4cyc4ht.vercel.app/list-your-park?ref=bradley-outreach
Mississippi Land Sales,(601) 798-3200,Picayune,MS,911 Highway 43 North,39466,Pearl River,"Hi, Bradley with Tread Companies / Trailer Parks calling about Mississippi Land Sales in Picayune. Free marketplace for park owners — $0 listing fee, $0 success fee. Brokers take ~6%. We've operated 4,000+ spaces. Can I text the link?",Bradley @ Tread Companies / Trailer Parks re Mississippi Land Sales (Picayune). Free owner marketplace — $0 fees. List in 2 min: https://temporary-zippy-celesta-4cyc4ht.vercel.app/list-your-park?ref=bradley-outreach,https://temporary-zippy-celesta-4cyc4ht.vercel.app/list-your-park?ref=bradley-outreach
Willow'S Bend Mhp,(601) 798-0824,Picayune,MS,1801 Highway 11 South,39466,Pearl River,"Hi, Bradley with Tread Companies / Trailer Parks calling about Willow'S Bend Mhp in Picayune. Free marketplace for park owners — $0 listing fee, $0 success fee. Brokers take ~6%. We've operated 4,000+ spaces. Can I text the link?",Bradley @ Tread Companies / Trailer Parks re Willow'S Bend Mhp (Picayune). Free owner marketplace — $0 fees. List in 2 min: https://temporary-zippy-celesta-4cyc4ht.vercel.app/list-your-park?ref=bradley-outreach,https://temporary-zippy-celesta-4cyc4ht.vercel.app/list-your-park?ref=bradley-outreach
O H Carter Mhp,(601) 489-5871,Pontotoc,MS,178 Carter Lane,38863,Pontotoc,"Hi, Bradley with Tread Companies / Trailer Parks calling about O H Carter Mhp in Pontotoc. Free marketplace for park owners — $0 listing fee, $0 success fee. Brokers take ~6%. We've operated 4,000+ spaces. Can I text the link?",Bradley @ Tread Companies / Trailer Parks re O H Carter Mhp (Pontotoc). Free owner marketplace — $0 fees. List in 2 min: https://temporary-zippy-celesta-4cyc4ht.vercel.app/list-your-park?ref=bradley-outreach,https://temporary-zippy-celesta-4cyc4ht.vercel.app/list-your-park?ref=bradley-outreach
Lamar Pines Mobile Home Community,(601) 794-5453,Purvis,MS,33 Whiddon Lane,39475,Lamar,"Hi, Bradley with Tread Companies / Trailer Parks calling about Lamar Pines Mobile Home Community in Purvis. Free marketplace for park owners — $0 listing fee, $0 success fee. Brokers take ~6%. We've operated 4,000+ spaces. Can I text the link?",Bradley @ Tread Companies / Trailer Parks re Lamar Pines Mobile Home Community (Purvis). Free owner marketplace — $0 fees. List in 2 min: https://temporary-zippy-celesta-4cyc4ht.vercel.app/list-your-park?ref=bradley-outreach,https://temporary-zippy-celesta-4cyc4ht.vercel.app/list-your-park?ref=bradley-outreach
Cleveland'S Trailer Town,(601) 939-4873,Richland,MS,110 Old Highway 49 South,39218,Rankin,"Hi, Bradley with Tread Companies / Trailer Parks calling about Cleveland'S Trailer Town in Richland. Free marketplace for park owners — $0 listing fee, $0 success fee. Brokers take ~6%. We've operated 4,000+ spaces. Can I text the link?",Bradley @ Tread Companies / Trailer Parks re Cleveland'S Trailer Town (Richland). Free owner marketplace — $0 fees. List in 2 min: https://temporary-zippy-celesta-4cyc4ht.vercel.app/list-your-park?ref=bradley-outreach,https://temporary-zippy-celesta-4cyc4ht.vercel.app/list-your-park?ref=bradley-outreach
Stoney Creek Mhp,(601) 932-4775,Richland,MS,Old Highway 49 South,39218,Rankin,"Hi, Bradley with Tread Companies / Trailer Parks calling about Stoney Creek Mhp in Richland. Free marketplace for park owners — $0 listing fee, $0 success fee. Brokers take ~6%. We've operated 4,000+ spaces. Can I text the link?",Bradley @ Tread Companies / Trailer Parks re Stoney Creek Mhp (Richland). Free owner marketplace — $0 fees. List in 2 min: https://temporary-zippy-celesta-4cyc4ht.vercel.app/list-your-park?ref=bradley-outreach,https://temporary-zippy-celesta-4cyc4ht.vercel.app/list-your-park?ref=bradley-outreach
Purple Creek Community,(601) 856-4323,Ridgeland,MS,300 Highway 51,39157,Madison,"Hi, Bradley with Tread Companies / Trailer Parks calling about Purple Creek Community in Ridgeland. Free marketplace for park owners — $0 listing fee, $0 success fee. Brokers take ~6%. We've operated 4,000+ spaces. Can I text the link?",Bradley @ Tread Companies / Trailer Parks re Purple Creek Community (Ridgeland). Free owner marketplace — $0 fees. List in 2 min: https://temporary-zippy-celesta-4cyc4ht.vercel.app/list-your-park?ref=bradley-outreach,https://temporary-zippy-celesta-4cyc4ht.vercel.app/list-your-park?ref=bradley-outreach
Buck Island Bayou Mobile Home,(601) 363-0121,Robinsonville,MS,2466 Kirby Road,38664,Tunica,"Hi, Bradley with Tread Companies / Trailer Parks calling about Buck Island Bayou Mobile Home in Robinsonville. Free marketplace for park owners — $0 listing fee, $0 success fee. Brokers take ~6%. We've operated 4,000+ spaces. Can I text the link?",Bradley @ Tread Companies / Trailer Parks re Buck Island Bayou Mobile Home (Robinsonville). Free owner marketplace — $0 fees. List in 2 min: https://temporary-zippy-celesta-4cyc4ht.vercel.app/list-your-park?ref=bradley-outreach,https://temporary-zippy-celesta-4cyc4ht.vercel.app/list-your-park?ref=bradley-outreach
Jennlake Meadows,(601) 324-1001,Starkville,MS,1326 Jenn Lake Road,39759,Oktibbeha,"Hi, Bradley with Tread Companies / Trailer Parks calling about Jennlake Meadows in Starkville. Free marketplace for park owners — $0 listing fee, $0 success fee. Brokers take ~6%. We've operated 4,000+ spaces. Can I text the link?",Bradley @ Tread Companies / Trailer Parks re Jennlake Meadows (Starkville). Free owner marketplace — $0 fees. List in 2 min: https://temporary-zippy-celesta-4cyc4ht.vercel.app/list-your-park?ref=bradley-outreach,https://temporary-zippy-celesta-4cyc4ht.vercel.app/list-your-park?ref=bradley-outreach
Pines Mobile Home Community,(601) 323-6423,Starkville,MS,1000 Highway 25 South,39759,Oktibbeha,"Hi, Bradley with Tread Companies / Trailer Parks calling about Pines Mobile Home Community in Starkville. Free marketplace for park owners — $0 listing fee, $0 success fee. Brokers take ~6%. We've operated 4,000+ spaces. Can I text the link?",Bradley @ Tread Companies / Trailer Parks re Pines Mobile Home Community (Starkville). Free owner marketplace — $0 fees. List in 2 min: https://temporary-zippy-celesta-4cyc4ht.vercel.app/list-your-park?ref=bradley-outreach,https://temporary-zippy-celesta-4cyc4ht.vercel.app/list-your-park?ref=bradley-outreach
Buford'S Mhp,(601) 636-4813,Vicksburg,MS,4407 Halls Ferry Road,39180,Warren,"Hi, Bradley with Tread Companies / Trailer Parks calling about Buford'S Mhp in Vicksburg. Free marketplace for park owners — $0 listing fee, $0 success fee. Brokers take ~6%. We've operated 4,000+ spaces. Can I text the link?",Bradley @ Tread Companies / Trailer Parks re Buford'S Mhp (Vicksburg). Free owner marketplace — $0 fees. List in 2 min: https://temporary-zippy-celesta-4cyc4ht.vercel.app/list-your-park?ref=bradley-outreach,https://temporary-zippy-celesta-4cyc4ht.vercel.app/list-your-park?ref=bradley-outreach
Hilltop Trailer Park,(601) 781-1350,Walls,MS,5370 Goodman Road,38680,Desoto,"Hi, Bradley with Tread Companies / Trailer Parks calling about Hilltop Trailer Park in Walls. Free marketplace for park owners — $0 listing fee, $0 success fee. Brokers take ~6%. We've operated 4,000+ spaces. Can I text the link?",Bradley @ Tread Companies / Trailer Parks re Hilltop Trailer Park (Walls). Free owner marketplace — $0 fees. List in 2 min: https://temporary-zippy-celesta-4cyc4ht.vercel.app/list-your-park?ref=bradley-outreach,https://temporary-zippy-celesta-4cyc4ht.vercel.app/list-your-park?ref=bradley-outreach
Skylane Mhp,(601) 781-1000,Walls,MS,7367 Goodman Road,38680,Desoto,"Hi, Bradley with Tread Companies / Trailer Parks calling about Skylane Mhp in Walls. Free marketplace for park owners — $0 listing fee, $0 success fee. Brokers take ~6%. We've operated 4,000+ spaces. Can I text the link?",Bradley @ Tread Companies / Trailer Parks re Skylane Mhp (Walls). Free owner marketplace — $0 fees. List in 2 min: https://temporary-zippy-celesta-4cyc4ht.vercel.app/list-your-park?ref=bradley-outreach,https://temporary-zippy-celesta-4cyc4ht.vercel.app/list-your-park?ref=bradley-outreach
J & L Mhp,(318) 893-2346,Abbeville,LA,Mouton Cove Drive,70510,Vermilion,"Hi, Bradley with Tread Companies / Trailer Parks calling about J & L Mhp in Abbeville. Free marketplace for park owners — $0 listing fee, $0 success fee. Brokers take ~6%. We've operated 4,000+ spaces. Can I text the link?",Bradley @ Tread Companies / Trailer Parks re J & L Mhp (Abbeville). Free owner marketplace — $0 fees. List in 2 min: https://temporary-zippy-celesta-4cyc4ht.vercel.app/list-your-park?ref=bradley-outreach,https://temporary-zippy-celesta-4cyc4ht.vercel.app/list-your-park?ref=bradley-outreach
Cabana Mobile Estates,(318) 449-4896,Alexandria,LA,6101 North Bolton Avenue,71303,Rapides,"Hi, Bradley with Tread Companies / Trailer Parks calling about Cabana Mobile Estates in Alexandria. Free marketplace for park owners — $0 listing fee, $0 success fee. Brokers take ~6%. We've operated 4,000+ spaces. Can I text the link?",Bradley @ Tread Companies / Trailer Parks re Cabana Mobile Estates (Alexandria). Free owner marketplace — $0 fees. List in 2 min: https://temporary-zippy-celesta-4cyc4ht.vercel.app/list-your-park?ref=bradley-outreach,https://temporary-zippy-celesta-4cyc4ht.vercel.app/list-your-park?ref=bradley-outreach
Azalea Mobile Home & Rec. Vehicle Park,(504) 775-1123,Baker,LA,3300 Baker Boulevard,70714,East Baton Rouge,"Hi, Bradley with Tread Companies / Trailer Parks calling about Azalea Mobile Home & Rec. Vehicle Park in Baker. Free marketplace for park owners — $0 listing fee, $0 success fee. Brokers take ~6%. We've operated 4,000+ spaces. Can I text the link?",Bradley @ Tread Companies / Trailer Parks re Azalea Mobile Home & Rec. Vehicle Park (Baker). Free owner marketplace — $0 fees. List in 2 min: https://temporary-zippy-celesta-4cyc4ht.vercel.app/list-your-park?ref=bradley-outreach,https://temporary-zippy-celesta-4cyc4ht.vercel.app/list-your-park?ref=bradley-outreach
Crestview Village Mobile Home,(504) 774-3333,Baker,LA,5885 Lavey Lane,70714,East Baton Rouge,"Hi, Bradley with Tread Companies / Trailer Parks calling about Crestview Village Mobile Home in Baker. Free marketplace for park owners — $0 listing fee, $0 success fee. Brokers take ~6%. We've operated 4,000+ spaces. Can I text the link?",Bradley @ Tread Companies / Trailer Parks re Crestview Village Mobile Home (Baker). Free owner marketplace — $0 fees. List in 2 min: https://temporary-zippy-celesta-4cyc4ht.vercel.app/list-your-park?ref=bradley-outreach,https://temporary-zippy-celesta-4cyc4ht.vercel.app/list-your-park?ref=bradley-outreach
Little Lake Estates,(504) 774-0203,Baker,LA,2732 Manchester Drive,70714,East Baton Rouge,"Hi, Bradley with Tread Companies / Trailer Parks calling about Little Lake Estates in Baker. Free marketplace for park owners — $0 listing fee, $0 success fee. Brokers take ~6%. We've operated 4,000+ spaces. Can I text the link?",Bradley @ Tread Companies / Trailer Parks re Little Lake Estates (Baker). Free owner marketplace — $0 fees. List in 2 min: https://temporary-zippy-celesta-4cyc4ht.vercel.app/list-your-park?ref=bradley-outreach,https://temporary-zippy-celesta-4cyc4ht.vercel.app/list-your-park?ref=bradley-outreach
St James Mobile Home Community,(504) 774-3130,Baker,LA,4702 Lavey Lane,70714,East Baton Rouge,"Hi, Bradley with Tread Companies / Trailer Parks calling about St James Mobile Home Community in Baker. Free marketplace for park owners — $0 listing fee, $0 success fee. Brokers take ~6%. We've operated 4,000+ spaces. Can I text the link?",Bradley @ Tread Companies / Trailer Parks re St James Mobile Home Community (Baker). Free owner marketplace — $0 fees. List in 2 min: https://temporary-zippy-celesta-4cyc4ht.vercel.app/list-your-park?ref=bradley-outreach,https://temporary-zippy-celesta-4cyc4ht.vercel.app/list-your-park?ref=bradley-outreach
Big Oaks Mhp,(504) 355-4333,Baton Rouge,LA,3700 Victoria Drive,70812,East Baton Rouge,"Hi, Bradley with Tread Companies / Trailer Parks calling about Big Oaks Mhp in Baton Rouge. Free marketplace for park owners — $0 listing fee, $0 success fee. Brokers take ~6%. We've operated 4,000+ spaces. Can I text the link?",Bradley @ Tread Companies / Trailer Parks re Big Oaks Mhp (Baton Rouge). Free owner marketplace — $0 fees. List in 2 min: https://temporary-zippy-celesta-4cyc4ht.vercel.app/list-your-park?ref=bradley-outreach,https://temporary-zippy-celesta-4cyc4ht.vercel.app/list-your-park?ref=bradley-outreach
Broadmoor Mhp,(504) 272-3214,Baton Rouge,LA,9955 Florida Boulevard,70815,East Baton Rouge,"Hi, Bradley with Tread Companies / Trailer Parks calling about Broadmoor Mhp in Baton Rouge. Free marketplace for park owners — $0 listing fee, $0 success fee. Brokers take ~6%. We've operated 4,000+ spaces. Can I text the link?",Bradley @ Tread Companies / Trailer Parks re Broadmoor Mhp (Baton Rouge). Free owner marketplace — $0 fees. List in 2 min: https://temporary-zippy-celesta-4cyc4ht.vercel.app/list-your-park?ref=bradley-outreach,https://temporary-zippy-celesta-4cyc4ht.vercel.app/list-your-park?ref=bradley-outreach
Cedarcrest Southmoor Mobile Home,(504) 293-3839,Baton Rouge,LA,10615 Airline Highway,70816,East Baton Rouge,"Hi, Bradley with Tread Companies / Trailer Parks calling about Cedarcrest Southmoor Mobile Home in Baton Rouge. Free marketplace for park owners — $0 listing fee, $0 success fee. Brokers take ~6%. We've operated 4,000+ spaces. Can I text the link?",Bradley @ Tread Companies / Trailer Parks re Cedarcrest Southmoor Mobile Home (Baton Rouge). Free owner marketplace — $0 fees. List in 2 min: https://temporary-zippy-celesta-4cyc4ht.vercel.app/list-your-park?ref=bradley-outreach,https://temporary-zippy-celesta-4cyc4ht.vercel.app/list-your-park?ref=bradley-outreach
Granberry'S Mhp,(504) 775-4991,Baton Rouge,LA,4250 Blount Road,70807,East Baton Rouge,"Hi, Bradley with Tread Companies / Trailer Parks calling about Granberry'S Mhp in Baton Rouge. Free marketplace for park owners — $0 listing fee, $0 success fee. Brokers take ~6%. We've operated 4,000+ spaces. Can I text the link?",Bradley @ Tread Companies / Trailer Parks re Granberry'S Mhp (Baton Rouge). Free owner marketplace — $0 fees. List in 2 min: https://temporary-zippy-celesta-4cyc4ht.vercel.app/list-your-park?ref=bradley-outreach,https://temporary-zippy-celesta-4cyc4ht.vercel.app/list-your-park?ref=bradley-outreach
Oak Glen Terrace Mobile Home,(504) 774-0692,Baton Rouge,LA,3838 Thomas Road,70811,East Baton Rouge,"Hi, Bradley with Tread Companies / Trailer Parks calling about Oak Glen Terrace Mobile Home in Baton Rouge. Free marketplace for park owners — $0 listing fee, $0 success fee. Brokers take ~6%. We've operated 4,000+ spaces. Can I text the link?",Bradley @ Tread Companies / Trailer Parks re Oak Glen Terrace Mobile Home (Baton Rouge). Free owner marketplace — $0 fees. List in 2 min: https://temporary-zippy-celesta-4cyc4ht.vercel.app/list-your-park?ref=bradley-outreach,https://temporary-zippy-celesta-4cyc4ht.vercel.app/list-your-park?ref=bradley-outreach
Sherwood Forest Mobile Homes,(504) 275-2591,Baton Rouge,LA,349 South Flannery Road,70815,East Baton Rouge,"Hi, Bradley with Tread Companies / Trailer Parks calling about Sherwood Forest Mobile Homes in Baton Rouge. Free marketplace for park owners — $0 listing fee, $0 success fee. Brokers take ~6%. We've operated 4,000+ spaces. Can I text the link?",Bradley @ Tread Companies / Trailer Parks re Sherwood Forest Mobile Homes (Baton Rouge). Free owner marketplace — $0 fees. List in 2 min: https://temporary-zippy-celesta-4cyc4ht.vercel.app/list-your-park?ref=bradley-outreach,https://temporary-zippy-celesta-4cyc4ht.vercel.app/list-your-park?ref=bradley-outreach
Tanglewood West Trailer Park,(504) 261-9418,Baton Rouge,LA,9477 Lansdowne Road,70818,East Baton Rouge,"Hi, Bradley with Tread Companies / Trailer Parks calling about Tanglewood West Trailer Park in Baton Rouge. Free marketplace for park owners — $0 listing fee, $0 success fee. Brokers take ~6%. We've operated 4,000+ spaces. Can I text the link?",Bradley @ Tread Companies / Trailer Parks re Tanglewood West Trailer Park (Baton Rouge). Free owner marketplace — $0 fees. List in 2 min: https://temporary-zippy-celesta-4cyc4ht.vercel.app/list-your-park?ref=bradley-outreach,https://temporary-zippy-celesta-4cyc4ht.vercel.app/list-your-park?ref=bradley-outreach
Victoria Trailer Court,(504) 357-6647,Baton Rouge,LA,4415 Victoria Drive,70812,East Baton Rouge,"Hi, Bradley with Tread Companies / Trailer Parks calling about Victoria Trailer Court in Baton Rouge. Free marketplace for park owners — $0 listing fee, $0 success fee. Brokers take ~6%. We've operated 4,000+ spaces. Can I text the link?",Bradley @ Tread Companies / Trailer Parks re Victoria Trailer Court (Baton Rouge). Free owner marketplace — $0 fees. List in 2 min: https://temporary-zippy-celesta-4cyc4ht.vercel.app/list-your-park?ref=bradley-outreach,https://temporary-zippy-celesta-4cyc4ht.vercel.app/list-your-park?ref=bradley-outreach
Wildwood Mobile Estates,(318) 938-7433,Bethany,LA,9690 Highway 79,71007,Caddo,"Hi, Bradley with Tread Companies / Trailer Parks calling about Wildwood Mobile Estates in Bethany. Free marketplace for park owners — $0 listing fee, $0 success fee. Brokers take ~6%. We've operated 4,000+ spaces. Can I text the link?",Bradley @ Tread Companies / Trailer Parks re Wildwood Mobile Estates (Bethany). Free owner marketplace — $0 fees. List in 2 min: https://temporary-zippy-celesta-4cyc4ht.vercel.app/list-your-park?ref=bradley-outreach,https://temporary-zippy-celesta-4cyc4ht.vercel.app/list-your-park?ref=bradley-outreach
Countryaire Mhp,(318) 929-2820,Blanchard,LA,7410 Old Mooringsport Road,71009,Caddo,"Hi, Bradley with Tread Companies / Trailer Parks calling about Countryaire Mhp in Blanchard. Free marketplace for park owners — $0 listing fee, $0 success fee. Brokers take ~6%. We've operated 4,000+ spaces. Can I text the link?",Bradley @ Tread Companies / Trailer Parks re Countryaire Mhp (Blanchard). Free owner marketplace — $0 fees. List in 2 min: https://temporary-zippy-celesta-4cyc4ht.vercel.app/list-your-park?ref=bradley-outreach,https://temporary-zippy-celesta-4cyc4ht.vercel.app/list-your-park?ref=bradley-outreach
Davidson Mhp,(318) 747-1456,Bossier City,LA,65 Davidson Drive,71112,Bossier,"Hi, Bradley with Tread Companies / Trailer Parks calling about Davidson Mhp in Bossier City. Free marketplace for park owners — $0 listing fee, $0 success fee. Brokers take ~6%. We've operated 4,000+ spaces. Can I text the link?",Bradley @ Tread Companies / Trailer Parks re Davidson Mhp (Bossier City). Free owner marketplace — $0 fees. List in 2 min: https://temporary-zippy-celesta-4cyc4ht.vercel.app/list-your-park?ref=bradley-outreach,https://temporary-zippy-celesta-4cyc4ht.vercel.app/list-your-park?ref=bradley-outreach
Greenacre Mhp,(318) 746-3401,Bossier City,LA,4809 East Texas Street,71111,Bossier,"Hi, Bradley with Tread Companies / Trailer Parks calling about Greenacre Mhp in Bossier City. Free marketplace for park owners — $0 listing fee, $0 success fee. Brokers take ~6%. We've operated 4,000+ spaces. Can I text the link?",Bradley @ Tread Companies / Trailer Parks re Greenacre Mhp (Bossier City). Free owner marketplace — $0 fees. List in 2 min: https://temporary-zippy-celesta-4cyc4ht.vercel.app/list-your-park?ref=bradley-outreach,https://temporary-zippy-celesta-4cyc4ht.vercel.app/list-your-park?ref=bradley-outreach
Pecan Valley Mobile Home,(318) 746-5117,Bossier City,LA,6507 Barksdale Boulevard,71112,Bossier,"Hi, Bradley with Tread Companies / Trailer Parks calling about Pecan Valley Mobile Home in Bossier City. Free marketplace for park owners — $0 listing fee, $0 success fee. Brokers take ~6%. We've operated 4,000+ spaces. Can I text the link?",Bradley @ Tread Companies / Trailer Parks re Pecan Valley Mobile Home (Bossier City). Free owner marketplace — $0 fees. List in 2 min: https://temporary-zippy-celesta-4cyc4ht.vercel.app/list-your-park?ref=bradley-outreach,https://temporary-zippy-celesta-4cyc4ht.vercel.app/list-your-park?ref=bradley-outreach
Pepper Point Mobile Park,(318) 742-8109,Bossier City,LA,6219 East Texas Street,71111,Bossier,"Hi, Bradley with Tread Companies / Trailer Parks calling about Pepper Point Mobile Park in Bossier City. Free marketplace for park owners — $0 listing fee, $0 success fee. Brokers take ~6%. We've operated 4,000+ spaces. Can I text the link?",Bradley @ Tread Companies / Trailer Parks re Pepper Point Mobile Park (Bossier City). Free owner marketplace — $0 fees. List in 2 min: https://temporary-zippy-celesta-4cyc4ht.vercel.app/list-your-park?ref=bradley-outreach,https://temporary-zippy-celesta-4cyc4ht.vercel.app/list-your-park?ref=bradley-outreach
Plantation Acres Mobile Home,(318) 742-6171,Bossier City,LA,222 Bodcau Loop,71112,Bossier,"Hi, Bradley with Tread Companies / Trailer Parks calling about Plantation Acres Mobile Home in Bossier City. Free marketplace for park owners — $0 listing fee, $0 success fee. Brokers take ~6%. We've operated 4,000+ spaces. Can I text the link?",Bradley @ Tread Companies / Trailer Parks re Plantation Acres Mobile Home (Bossier City). Free owner marketplace — $0 fees. List in 2 min: https://temporary-zippy-celesta-4cyc4ht.vercel.app/list-your-park?ref=bradley-outreach,https://temporary-zippy-celesta-4cyc4ht.vercel.app/list-your-park?ref=bradley-outreach
Sothern Living Mhp,(318) 746-1360,Bossier City,LA,5303 East Texas Street,71111,Bossier,"Hi, Bradley with Tread Companies / Trailer Parks calling about Sothern Living Mhp in Bossier City. Free marketplace for park owners — $0 listing fee, $0 success fee. Brokers take ~6%. We've operated 4,000+ spaces. Can I text the link?",Bradley @ Tread Companies / Trailer Parks re Sothern Living Mhp (Bossier City). Free owner marketplace — $0 fees. List in 2 min: https://temporary-zippy-celesta-4cyc4ht.vercel.app/list-your-park?ref=bradley-outreach,https://temporary-zippy-celesta-4cyc4ht.vercel.app/list-your-park?ref=bradley-outreach
South Bossier Mhp,(318) 747-0414,Bossier City,LA,1920 Alfred Lane,71112,Bossier,"Hi, Bradley with Tread Companies / Trailer Parks calling about South Bossier Mhp in Bossier City. Free marketplace for park owners — $0 listing fee, $0 success fee. Brokers take ~6%. We've operated 4,000+ spaces. Can I text the link?",Bradley @ Tread Companies / Trailer Parks re South Bossier Mhp (Bossier City). Free owner marketplace — $0 fees. List in 2 min: https://temporary-zippy-celesta-4cyc4ht.vercel.app/list-your-park?ref=bradley-outreach,https://temporary-zippy-celesta-4cyc4ht.vercel.app/list-your-park?ref=bradley-outreach
Zack'S River Village Mobile,(318) 741-3994,Bossier City,LA,2326 Barksdale Boulevard,71112,Bossier,"Hi, Bradley with Tread Companies / Trailer Parks calling about Zack'S River Village Mobile in Bossier City. Free marketplace for park owners — $0 listing fee, $0 success fee. Brokers take ~6%. We've operated 4,000+ spaces. Can I text the link?",Bradley @ Tread Companies / Trailer Parks re Zack'S River Village Mobile (Bossier City). Free owner marketplace — $0 fees. List in 2 min: https://temporary-zippy-celesta-4cyc4ht.vercel.app/list-your-park?ref=bradley-outreach,https://temporary-zippy-celesta-4cyc4ht.vercel.app/list-your-park?ref=bradley-outreach
Bent Oak Trailer Park,(318) 332-1869,Breaux Bridge,LA,4199 Poydras Highway,70517,St Martin,"Hi, Bradley with Tread Companies / Trailer Parks calling about Bent Oak Trailer Park in Breaux Bridge. Free marketplace for park owners — $0 listing fee, $0 success fee. Brokers take ~6%. We've operated 4,000+ spaces. Can I text the link?",Bradley @ Tread Companies / Trailer Parks re Bent Oak Trailer Park (Breaux Bridge). Free owner marketplace — $0 fees. List in 2 min: https://temporary-zippy-celesta-4cyc4ht.vercel.app/list-your-park?ref=bradley-outreach,https://temporary-zippy-celesta-4cyc4ht.vercel.app/list-your-park?ref=bradley-outreach
Midway Trailer Park,(318) 365-5990,Broussard,LA,1773 Duchamp Road,70518,St Martin,"Hi, Bradley with Tread Companies / Trailer Parks calling about Midway Trailer Park in Broussard. Free marketplace for park owners — $0 listing fee, $0 success fee. Brokers take ~6%. We've operated 4,000+ spaces. Can I text the link?",Bradley @ Tread Companies / Trailer Parks re Midway Trailer Park (Broussard). Free owner marketplace — $0 fees. List in 2 min: https://temporary-zippy-celesta-4cyc4ht.vercel.app/list-your-park?ref=bradley-outreach,https://temporary-zippy-celesta-4cyc4ht.vercel.app/list-your-park?ref=bradley-outreach
Floyd E Sandiford Three S Park,(318) 644-5395,Calhoun,LA,265 Rolleigh Road,71225,Ouachita,"Hi, Bradley with Tread Companies / Trailer Parks calling about Floyd E Sandiford Three S Park in Calhoun. Free marketplace for park owners — $0 listing fee, $0 success fee. Brokers take ~6%. We've operated 4,000+ spaces. Can I text the link?",Bradley @ Tread Companies / Trailer Parks re Floyd E Sandiford Three S Park (Calhoun). Free owner marketplace — $0 fees. List in 2 min: https://temporary-zippy-celesta-4cyc4ht.vercel.app/list-your-park?ref=bradley-outreach,https://temporary-zippy-celesta-4cyc4ht.vercel.app/list-your-park?ref=bradley-outreach
Plauche'S Little Acres,(318) 896-0534,Carencro,LA,152 Plauche Drive,70520,Lafayette,"Hi, Bradley with Tread Companies / Trailer Parks calling about Plauche'S Little Acres in Carencro. Free marketplace for park owners — $0 listing fee, $0 success fee. Brokers take ~6%. We've operated 4,000+ spaces. Can I text the link?",Bradley @ Tread Companies / Trailer Parks re Plauche'S Little Acres (Carencro). Free owner marketplace — $0 fees. List in 2 min: https://temporary-zippy-celesta-4cyc4ht.vercel.app/list-your-park?ref=bradley-outreach,https://temporary-zippy-celesta-4cyc4ht.vercel.app/list-your-park?ref=bradley-outreach
Whispering Pines Mobile Home,(318) 768-4594,Choudrant,LA,198 North Myrtle Street,71227,Lincoln,"Hi, Bradley with Tread Companies / Trailer Parks calling about Whispering Pines Mobile Home in Choudrant. Free marketplace for park owners — $0 listing fee, $0 success fee. Brokers take ~6%. We've operated 4,000+ spaces. Can I text the link?",Bradley @ Tread Companies / Trailer Parks re Whispering Pines Mobile Home (Choudrant). Free owner marketplace — $0 fees. List in 2 min: https://temporary-zippy-celesta-4cyc4ht.vercel.app/list-your-park?ref=bradley-outreach,https://temporary-zippy-celesta-4cyc4ht.vercel.app/list-your-park?ref=bradley-outreach
David'S Trailer & Rec. Vehicle Park,(318) 684-5371,Church Point,LA,112 Tan Street,70525,Acadia,"Hi, Bradley with Tread Companies / Trailer Parks calling about David'S Trailer & Rec. Vehicle Park in Church Point. Free marketplace for park owners — $0 listing fee, $0 success fee. Brokers take ~6%. We've operated 4,000+ spaces. Can I text the link?",Bradley @ Tread Companies / Trailer Parks re David'S Trailer & Rec. Vehicle Park (Church Point). Free owner marketplace — $0 fees. List in 2 min: https://temporary-zippy-celesta-4cyc4ht.vercel.app/list-your-park?ref=bradley-outreach,https://temporary-zippy-celesta-4cyc4ht.vercel.app/list-your-park?ref=bradley-outreach
Covington Manor Mhp,(504) 892-8401,Covington,LA,161 Barbee Road,70433,St Tammany,"Hi, Bradley with Tread Companies / Trailer Parks calling about Covington Manor Mhp in Covington. Free marketplace for park owners — $0 listing fee, $0 success fee. Brokers take ~6%. We've operated 4,000+ spaces. Can I text the link?",Bradley @ Tread Companies / Trailer Parks re Covington Manor Mhp (Covington). Free owner marketplace — $0 fees. List in 2 min: https://temporary-zippy-celesta-4cyc4ht.vercel.app/list-your-park?ref=bradley-outreach,https://temporary-zippy-celesta-4cyc4ht.vercel.app/list-your-park?ref=bradley-outreach
Holliday Mhp,(318) 463-4726,De Ridder,LA,422 Lowe Street,70634,Beauregard,"Hi, Bradley with Tread Companies / Trailer Parks calling about Holliday Mhp in De Ridder. Free marketplace for park owners — $0 listing fee, $0 success fee. Brokers take ~6%. We've operated 4,000+ spaces. Can I text the link?",Bradley @ Tread Companies / Trailer Parks re Holliday Mhp (De Ridder). Free owner marketplace — $0 fees. List in 2 min: https://temporary-zippy-celesta-4cyc4ht.vercel.app/list-your-park?ref=bradley-outreach,https://temporary-zippy-celesta-4cyc4ht.vercel.app/list-your-park?ref=bradley-outreach
Prestige Place Mhp,(504) 667-1785,Denham Springs,LA,26229 Walker South Road,70726,Livingston,"Hi, Bradley with Tread Companies / Trailer Parks calling about Prestige Place Mhp in Denham Springs. Free marketplace for park owners — $0 listing fee, $0 success fee. Brokers take ~6%. We've operated 4,000+ spaces. Can I text the link?",Bradley @ Tread Companies / Trailer Parks re Prestige Place Mhp (Denham Springs). Free owner marketplace — $0 fees. List in 2 min: https://temporary-zippy-celesta-4cyc4ht.vercel.app/list-your-park?ref=bradley-outreach,https://temporary-zippy-celesta-4cyc4ht.vercel.app/list-your-park?ref=bradley-outreach
Ridgecrest Mhp,(504) 664-3481,Denham Springs,LA,23453 Walker South Road,70726,Livingston,"Hi, Bradley with Tread Companies / Trailer Parks calling about Ridgecrest Mhp in Denham Springs. Free marketplace for park owners — $0 listing fee, $0 success fee. Brokers take ~6%. We've operated 4,000+ spaces. Can I text the link?",Bradley @ Tread Companies / Trailer Parks re Ridgecrest Mhp (Denham Springs). Free owner marketplace — $0 fees. List in 2 min: https://temporary-zippy-celesta-4cyc4ht.vercel.app/list-your-park?ref=bradley-outreach,https://temporary-zippy-celesta-4cyc4ht.vercel.app/list-your-park?ref=bradley-outreach
Seven Oaks Mhp,(504) 665-0455,Denham Springs,LA,28760 Juban Road,70726,Livingston,"Hi, Bradley with Tread Companies / Trailer Parks calling about Seven Oaks Mhp in Denham Springs. Free marketplace for park owners — $0 listing fee, $0 success fee. Brokers take ~6%. We've operated 4,000+ spaces. Can I text the link?",Bradley @ Tread Companies / Trailer Parks re Seven Oaks Mhp (Denham Springs). Free owner marketplace — $0 fees. List in 2 min: https://temporary-zippy-celesta-4cyc4ht.vercel.app/list-your-park?ref=bradley-outreach,https://temporary-zippy-celesta-4cyc4ht.vercel.app/list-your-park?ref=bradley-outreach
Watson Estates,(225) 667-3216,Denham Springs,LA,35655 Bonnebelle Drive,70726,Livingston,"Hi, Bradley with Tread Companies / Trailer Parks calling about Watson Estates in Denham Springs. Free marketplace for park owners — $0 listing fee, $0 success fee. Brokers take ~6%. We've operated 4,000+ spaces. Can I text the link?",Bradley @ Tread Companies / Trailer Parks re Watson Estates (Denham Springs). Free owner marketplace — $0 fees. List in 2 min: https://temporary-zippy-celesta-4cyc4ht.vercel.app/list-your-park?ref=bradley-outreach,https://temporary-zippy-celesta-4cyc4ht.vercel.app/list-your-park?ref=bradley-outreach
Country Aire Mobile Estates,(318) 981-0529,Duson,LA,201 Lagneaux Road,70529,Lafayette,"Hi, Bradley with Tread Companies / Trailer Parks calling about Country Aire Mobile Estates in Duson. Free marketplace for park owners — $0 listing fee, $0 success fee. Brokers take ~6%. We've operated 4,000+ spaces. Can I text the link?",Bradley @ Tread Companies / Trailer Parks re Country Aire Mobile Estates (Duson). Free owner marketplace — $0 fees. List in 2 min: https://temporary-zippy-celesta-4cyc4ht.vercel.app/list-your-park?ref=bradley-outreach,https://temporary-zippy-celesta-4cyc4ht.vercel.app/list-your-park?ref=bradley-outreach
Teco'S Mhp,(318) 234-0289,Duson,LA,514 Jenkins Road,70529,Lafayette,"Hi, Bradley with Tread Companies / Trailer Parks calling about Teco'S Mhp in Duson. Free marketplace for park owners — $0 listing fee, $0 success fee. Brokers take ~6%. We've operated 4,000+ spaces. Can I text the link?",Bradley @ Tread Companies / Trailer Parks re Teco'S Mhp (Duson). Free owner marketplace — $0 fees. List in 2 min: https://temporary-zippy-celesta-4cyc4ht.vercel.app/list-your-park?ref=bradley-outreach,https://temporary-zippy-celesta-4cyc4ht.vercel.app/list-your-park?ref=bradley-outreach
Country Trailer Village,(318) 783-3648,Egan,LA,111 Dominic Loop,70531,Acadia,"Hi, Bradley with Tread Companies / Trailer Parks calling about Country Trailer Village in Egan. Free marketplace for park owners — $0 listing fee, $0 success fee. Brokers take ~6%. We've operated 4,000+ spaces. Can I text the link?",Bradley @ Tread Companies / Trailer Parks re Country Trailer Village (Egan). Free owner marketplace — $0 fees. List in 2 min: https://temporary-zippy-celesta-4cyc4ht.vercel.app/list-your-park?ref=bradley-outreach,https://temporary-zippy-celesta-4cyc4ht.vercel.app/list-your-park?ref=bradley-outreach
F & F Mhp,(318) 457-5976,Eunice,LA,140 Samuel Drive,70535,St Landry,"Hi, Bradley with Tread Companies / Trailer Parks calling about F & F Mhp in Eunice. Free marketplace for park owners — $0 listing fee, $0 success fee. Brokers take ~6%. We've operated 4,000+ spaces. Can I text the link?",Bradley @ Tread Companies / Trailer Parks re F & F Mhp (Eunice). Free owner marketplace — $0 fees. List in 2 min: https://temporary-zippy-celesta-4cyc4ht.vercel.app/list-your-park?ref=bradley-outreach,https://temporary-zippy-celesta-4cyc4ht.vercel.app/list-your-park?ref=bradley-outreach
Ron-Son Bear Village Trailer,(504) 839-5226,Franklinton,LA,42175 Highway 16,70438,Washington,"Hi, Bradley with Tread Companies / Trailer Parks calling about Ron-Son Bear Village Trailer in Franklinton. Free marketplace for park owners — $0 listing fee, $0 success fee. Brokers take ~6%. We've operated 4,000+ spaces. Can I text the link?",Bradley @ Tread Companies / Trailer Parks re Ron-Son Bear Village Trailer (Franklinton). Free owner marketplace — $0 fees. List in 2 min: https://temporary-zippy-celesta-4cyc4ht.vercel.app/list-your-park?ref=bradley-outreach,https://temporary-zippy-celesta-4cyc4ht.vercel.app/list-your-park?ref=bradley-outreach
J & K Trailer Park,(504) 632-7165,Galliano,LA,133 East 123Rd Street,70354,Lafourche,"Hi, Bradley with Tread Companies / Trailer Parks calling about J & K Trailer Park in Galliano. Free marketplace for park owners — $0 listing fee, $0 success fee. Brokers take ~6%. We've operated 4,000+ spaces. Can I text the link?",Bradley @ Tread Companies / Trailer Parks re J & K Trailer Park (Galliano). Free owner marketplace — $0 fees. List in 2 min: https://temporary-zippy-celesta-4cyc4ht.vercel.app/list-your-park?ref=bradley-outreach,https://temporary-zippy-celesta-4cyc4ht.vercel.app/list-your-park?ref=bradley-outreach
Cheramie Trailer Park,(504) 475-5359,Golden Meadow,LA,19279 East Main Street,70357,Lafourche,"Hi, Bradley with Tread Companies / Trailer Parks calling about Cheramie Trailer Park in Golden Meadow. Free marketplace for park owners — $0 listing fee, $0 success fee. Brokers take ~6%. We've operated 4,000+ spaces. Can I text the link?",Bradley @ Tread Companies / Trailer Parks re Cheramie Trailer Park (Golden Meadow). Free owner marketplace — $0 fees. List in 2 min: https://temporary-zippy-celesta-4cyc4ht.vercel.app/list-your-park?ref=bradley-outreach,https://temporary-zippy-celesta-4cyc4ht.vercel.app/list-your-park?ref=bradley-outreach
Vesta Mhp,(504) 644-2952,Gonzales,LA,2228 South Burnside Avenue,70737,Ascension,"Hi, Bradley with Tread Companies / Trailer Parks calling about Vesta Mhp in Gonzales. Free marketplace for park owners — $0 listing fee, $0 success fee. Brokers take ~6%. We've operated 4,000+ spaces. Can I text the link?",Bradley @ Tread Companies / Trailer Parks re Vesta Mhp (Gonzales). Free owner marketplace — $0 fees. List in 2 min: https://temporary-zippy-celesta-4cyc4ht.vercel.app/list-your-park?ref=bradley-outreach,https://temporary-zippy-celesta-4cyc4ht.vercel.app/list-your-park?ref=bradley-outreach
Tiffany Estates Mhp,(504) 261-6614,Greenwell Springs,LA,20555 Greenwell Springs Road,70739,East Baton Rouge,"Hi, Bradley with Tread Companies / Trailer Parks calling about Tiffany Estates Mhp in Greenwell Springs. Free marketplace for park owners — $0 listing fee, $0 success fee. Brokers take ~6%. We've operated 4,000+ spaces. Can I text the link?",Bradley @ Tread Companies / Trailer Parks re Tiffany Estates Mhp (Greenwell Springs). Free owner marketplace — $0 fees. List in 2 min: https://temporary-zippy-celesta-4cyc4ht.vercel.app/list-your-park?ref=bradley-outreach,https://temporary-zippy-celesta-4cyc4ht.vercel.app/list-your-park?ref=bradley-outreach
Don'S Mhp,(504) 345-3637,Hammond,LA,43353 Happywoods Road,70403,Tangipahoa,"Hi, Bradley with Tread Companies / Trailer Parks calling about Don'S Mhp in Hammond. Free marketplace for park owners — $0 listing fee, $0 success fee. Brokers take ~6%. We've operated 4,000+ spaces. Can I text the link?",Bradley @ Tread Companies / Trailer Parks re Don'S Mhp (Hammond). Free owner marketplace — $0 fees. List in 2 min: https://temporary-zippy-celesta-4cyc4ht.vercel.app/list-your-park?ref=bradley-outreach,https://temporary-zippy-celesta-4cyc4ht.vercel.app/list-your-park?ref=bradley-outreach
Silessi Mhp,(504) 345-8517,Hammond,LA,42149 Greg Drive,70403,Tangipahoa,"Hi, Bradley with Tread Companies / Trailer Parks calling about Silessi Mhp in Hammond. Free marketplace for park owners — $0 listing fee, $0 success fee. Brokers take ~6%. We've operated 4,000+ spaces. Can I text the link?",Bradley @ Tread Companies / Trailer Parks re Silessi Mhp (Hammond). Free owner marketplace — $0 fees. List in 2 min: https://temporary-zippy-celesta-4cyc4ht.vercel.app/list-your-park?ref=bradley-outreach,https://temporary-zippy-celesta-4cyc4ht.vercel.app/list-your-park?ref=bradley-outreach
Deer Valley Mobile Home Community,(318) 949-8541,Haughton,LA,321 North Elm Street,71037,Bossier,"Hi, Bradley with Tread Companies / Trailer Parks calling about Deer Valley Mobile Home Community in Haughton. Free marketplace for park owners — $0 listing fee, $0 success fee. Brokers take ~6%. We've operated 4,000+ spaces. Can I text the link?",Bradley @ Tread Companies / Trailer Parks re Deer Valley Mobile Home Community (Haughton). Free owner marketplace — $0 fees. List in 2 min: https://temporary-zippy-celesta-4cyc4ht.vercel.app/list-your-park?ref=bradley-outreach,https://temporary-zippy-celesta-4cyc4ht.vercel.app/list-your-park?ref=bradley-outreach
East Highland Mhp,(318) 949-3554,Haughton,LA,954 Ferndale Boulevard,71037,Bossier,"Hi, Bradley with Tread Companies / Trailer Parks calling about East Highland Mhp in Haughton. Free marketplace for park owners — $0 listing fee, $0 success fee. Brokers take ~6%. We've operated 4,000+ spaces. Can I text the link?",Bradley @ Tread Companies / Trailer Parks re East Highland Mhp (Haughton). Free owner marketplace — $0 fees. List in 2 min: https://temporary-zippy-celesta-4cyc4ht.vercel.app/list-your-park?ref=bradley-outreach,https://temporary-zippy-celesta-4cyc4ht.vercel.app/list-your-park?ref=bradley-outreach
Oak Haven Mhp,(318) 949-3886,Haughton,LA,2991 Highway 80,71037,Bossier,"Hi, Bradley with Tread Companies / Trailer Parks calling about Oak Haven Mhp in Haughton. Free marketplace for park owners — $0 listing fee, $0 success fee. Brokers take ~6%. We've operated 4,000+ spaces. Can I text the link?",Bradley @ Tread Companies / Trailer Parks re Oak Haven Mhp (Haughton). Free owner marketplace — $0 fees. List in 2 min: https://temporary-zippy-celesta-4cyc4ht.vercel.app/list-your-park?ref=bradley-outreach,https://temporary-zippy-celesta-4cyc4ht.vercel.app/list-your-park?ref=bradley-outreach
Pine Hill Mobile Home & Rec. Vehicle,(318) 949-3916,Haughton,LA,2 Pine Hill Circle,71037,Bossier,"Hi, Bradley with Tread Companies / Trailer Parks calling about Pine Hill Mobile Home & Rec. Vehicle in Haughton. Free marketplace for park owners — $0 listing fee, $0 success fee. Brokers take ~6%. We've operated 4,000+ spaces. Can I text the link?",Bradley @ Tread Companies / Trailer Parks re Pine Hill Mobile Home & Rec. Vehicle (Haughton). Free owner marketplace — $0 fees. List in 2 min: https://temporary-zippy-celesta-4cyc4ht.vercel.app/list-your-park?ref=bradley-outreach,https://temporary-zippy-celesta-4cyc4ht.vercel.app/list-your-park?ref=bradley-outreach
Pinecreek Estates,(318) 949-1003,Haughton,LA,1000 Acadian Boulevard,71037,Bossier,"Hi, Bradley with Tread Companies / Trailer Parks calling about Pinecreek Estates in Haughton. Free marketplace for park owners — $0 listing fee, $0 success fee. Brokers take ~6%. We've operated 4,000+ spaces. Can I text the link?",Bradley @ Tread Companies / Trailer Parks re Pinecreek Estates (Haughton). Free owner marketplace — $0 fees. List in 2 min: https://temporary-zippy-celesta-4cyc4ht.vercel.app/list-your-park?ref=bradley-outreach,https://temporary-zippy-celesta-4cyc4ht.vercel.app/list-your-park?ref=bradley-outreach
Capri Court,(504) 879-4288,Houma,LA,101 Capri Court,70364,Terrebonne,"Hi, Bradley with Tread Companies / Trailer Parks calling about Capri Court in Houma. Free marketplace for park owners — $0 listing fee, $0 success fee. Brokers take ~6%. We've operated 4,000+ spaces. Can I text the link?",Bradley @ Tread Companies / Trailer Parks re Capri Court (Houma). Free owner marketplace — $0 fees. List in 2 min: https://temporary-zippy-celesta-4cyc4ht.vercel.app/list-your-park?ref=bradley-outreach,https://temporary-zippy-celesta-4cyc4ht.vercel.app/list-your-park?ref=bradley-outreach
Carriage Cove Mhp,(504) 872-2756,Houma,LA,9240 Park Avenue,70363,Terrebonne,"Hi, Bradley with Tread Companies / Trailer Parks calling about Carriage Cove Mhp in Houma. Free marketplace for park owners — $0 listing fee, $0 success fee. Brokers take ~6%. We've operated 4,000+ spaces. Can I text the link?",Bradley @ Tread Companies / Trailer Parks re Carriage Cove Mhp (Houma). Free owner marketplace — $0 fees. List in 2 min: https://temporary-zippy-celesta-4cyc4ht.vercel.app/list-your-park?ref=bradley-outreach,https://temporary-zippy-celesta-4cyc4ht.vercel.app/list-your-park?ref=bradley-outreach
Faith Trailer Court,(504) 868-7368,Houma,LA,184 Faith Trailer Park,70364,Terrebonne,"Hi, Bradley with Tread Companies / Trailer Parks calling about Faith Trailer Court in Houma. Free marketplace for park owners — $0 listing fee, $0 success fee. Brokers take ~6%. We've operated 4,000+ spaces. Can I text the link?",Bradley @ Tread Companies / Trailer Parks re Faith Trailer Court (Houma). Free owner marketplace — $0 fees. List in 2 min: https://temporary-zippy-celesta-4cyc4ht.vercel.app/list-your-park?ref=bradley-outreach,https://temporary-zippy-celesta-4cyc4ht.vercel.app/list-your-park?ref=bradley-outreach
Goodman'S Mhp,(504) 872-5707,Houma,LA,2154 Coteau Road,70364,Terrebonne,"Hi, Bradley with Tread Companies / Trailer Parks calling about Goodman'S Mhp in Houma. Free marketplace for park owners — $0 listing fee, $0 success fee. Brokers take ~6%. We've operated 4,000+ spaces. Can I text the link?",Bradley @ Tread Companies / Trailer Parks re Goodman'S Mhp (Houma). Free owner marketplace — $0 fees. List in 2 min: https://temporary-zippy-celesta-4cyc4ht.vercel.app/list-your-park?ref=bradley-outreach,https://temporary-zippy-celesta-4cyc4ht.vercel.app/list-your-park?ref=bradley-outreach
Lost Bayou Mhp,(504) 876-6212,Houma,LA,5506 West Main Street,70360,Terrebonne,"Hi, Bradley with Tread Companies / Trailer Parks calling about Lost Bayou Mhp in Houma. Free marketplace for park owners — $0 listing fee, $0 success fee. Brokers take ~6%. We've operated 4,000+ spaces. Can I text the link?",Bradley @ Tread Companies / Trailer Parks re Lost Bayou Mhp (Houma). Free owner marketplace — $0 fees. List in 2 min: https://temporary-zippy-celesta-4cyc4ht.vercel.app/list-your-park?ref=bradley-outreach,https://temporary-zippy-celesta-4cyc4ht.vercel.app/list-your-park?ref=bradley-outreach
Mott Trailer Park,(504) 868-7753,Houma,LA,2000 Effie Street,70363,Terrebonne,"Hi, Bradley with Tread Companies / Trailer Parks calling about Mott Trailer Park in Houma. Free marketplace for park owners — $0 listing fee, $0 success fee. Brokers take ~6%. We've operated 4,000+ spaces. Can I text the link?",Bradley @ Tread Companies / Trailer Parks re Mott Trailer Park (Houma). Free owner marketplace — $0 fees. List in 2 min: https://temporary-zippy-celesta-4cyc4ht.vercel.app/list-your-park?ref=bradley-outreach,https://temporary-zippy-celesta-4cyc4ht.vercel.app/list-your-park?ref=bradley-outreach
Remwood Park,(504) 868-3312,Houma,LA,24 Rembert Court,70364,Terrebonne,"Hi, Bradley with Tread Companies / Trailer Parks calling about Remwood Park in Houma. Free marketplace for park owners — $0 listing fee, $0 success fee. Brokers take ~6%. We've operated 4,000+ spaces. Can I text the link?",Bradley @ Tread Companies / Trailer Parks re Remwood Park (Houma). Free owner marketplace — $0 fees. List in 2 min: https://temporary-zippy-celesta-4cyc4ht.vercel.app/list-your-park?ref=bradley-outreach,https://temporary-zippy-celesta-4cyc4ht.vercel.app/list-your-park?ref=bradley-outreach
Academy Mobile Village,(318) 824-8344,Jennings,LA,2221 Jeff Davis Academy Road,70546,Jefferson Davis,"Hi, Bradley with Tread Companies / Trailer Parks calling about Academy Mobile Village in Jennings. Free marketplace for park owners — $0 listing fee, $0 success fee. Brokers take ~6%. We've operated 4,000+ spaces. Can I text the link?",Bradley @ Tread Companies / Trailer Parks re Academy Mobile Village (Jennings). Free owner marketplace — $0 fees. List in 2 min: https://temporary-zippy-celesta-4cyc4ht.vercel.app/list-your-park?ref=bradley-outreach,https://temporary-zippy-celesta-4cyc4ht.vercel.app/list-your-park?ref=bradley-outreach
Paradise Park,(318) 824-0312,Jennings,LA,1108 South Lake Arthur Avenue,70546,Jefferson Davis,"Hi, Bradley with Tread Companies / Trailer Parks calling about Paradise Park in Jennings. Free marketplace for park owners — $0 listing fee, $0 success fee. Brokers take ~6%. We've operated 4,000+ spaces. Can I text the link?",Bradley @ Tread Companies / Trailer Parks re Paradise Park (Jennings). Free owner marketplace — $0 fees. List in 2 min: https://temporary-zippy-celesta-4cyc4ht.vercel.app/list-your-park?ref=bradley-outreach,https://temporary-zippy-celesta-4cyc4ht.vercel.app/list-your-park?ref=bradley-outreach
Bellavista Mobile Home Village,(318) 925-0931,Keithville,LA,2651 Barron Road,71047,Caddo,"Hi, Bradley with Tread Companies / Trailer Parks calling about Bellavista Mobile Home Village in Keithville. Free marketplace for park owners — $0 listing fee, $0 success fee. Brokers take ~6%. We've operated 4,000+ spaces. Can I text the link?",Bradley @ Tread Companies / Trailer Parks re Bellavista Mobile Home Village (Keithville). Free owner marketplace — $0 fees. List in 2 min: https://temporary-zippy-celesta-4cyc4ht.vercel.app/list-your-park?ref=bradley-outreach,https://temporary-zippy-celesta-4cyc4ht.vercel.app/list-your-park?ref=bradley-outreach
Southview Estates,(318) 688-0873,Keithville,LA,9973 Mansfield Road,71047,Caddo,"Hi, Bradley with Tread Companies / Trailer Parks calling about Southview Estates in Keithville. Free marketplace for park owners — $0 listing fee, $0 success fee. Brokers take ~6%. We've operated 4,000+ spaces. Can I text the link?",Bradley @ Tread Companies / Trailer Parks re Southview Estates (Keithville). Free owner marketplace — $0 fees. List in 2 min: https://temporary-zippy-celesta-4cyc4ht.vercel.app/list-your-park?ref=bradley-outreach,https://temporary-zippy-celesta-4cyc4ht.vercel.app/list-your-park?ref=bradley-outreach
Wheel Estates,(504) 652-4622,La Place,LA,924 Whitlow Court,70068,St John The Baptist,"Hi, Bradley with Tread Companies / Trailer Parks calling about Wheel Estates in La Place. Free marketplace for park owners — $0 listing fee, $0 success fee. Brokers take ~6%. We've operated 4,000+ spaces. Can I text the link?",Bradley @ Tread Companies / Trailer Parks re Wheel Estates (La Place). Free owner marketplace — $0 fees. List in 2 min: https://temporary-zippy-celesta-4cyc4ht.vercel.app/list-your-park?ref=bradley-outreach,https://temporary-zippy-celesta-4cyc4ht.vercel.app/list-your-park?ref=bradley-outreach
Timberland Trailer Park,(504) 882-5825,Lacombe,LA,59356 Transmitter Road,70445,St Tammany,"Hi, Bradley with Tread Companies / Trailer Parks calling about Timberland Trailer Park in Lacombe. Free marketplace for park owners — $0 listing fee, $0 success fee. Brokers take ~6%. We've operated 4,000+ spaces. Can I text the link?",Bradley @ Tread Companies / Trailer Parks re Timberland Trailer Park (Lacombe). Free owner marketplace — $0 fees. List in 2 min: https://temporary-zippy-celesta-4cyc4ht.vercel.app/list-your-park?ref=bradley-outreach,https://temporary-zippy-celesta-4cyc4ht.vercel.app/list-your-park?ref=bradley-outreach
Acadian Acres Trailer Park,(318) 984-6266,Lafayette,LA,1410 Westgate Road,70506,Lafayette,"Hi, Bradley with Tread Companies / Trailer Parks calling about Acadian Acres Trailer Park in Lafayette. Free marketplace for park owners — $0 listing fee, $0 success fee. Brokers take ~6%. We've operated 4,000+ spaces. Can I text the link?",Bradley @ Tread Companies / Trailer Parks re Acadian Acres Trailer Park (Lafayette). Free owner marketplace — $0 fees. List in 2 min: https://temporary-zippy-celesta-4cyc4ht.vercel.app/list-your-park?ref=bradley-outreach,https://temporary-zippy-celesta-4cyc4ht.vercel.app/list-your-park?ref=bradley-outreach
Country Pine Mobile Estate,(318) 234-8722,Lafayette,LA,391 Lebesque Road,70507,Lafayette,"Hi, Bradley with Tread Companies / Trailer Parks calling about Country Pine Mobile Estate in Lafayette. Free marketplace for park owners — $0 listing fee, $0 success fee. Brokers take ~6%. We've operated 4,000+ spaces. Can I text the link?",Bradley @ Tread Companies / Trailer Parks re Country Pine Mobile Estate (Lafayette). Free owner marketplace — $0 fees. List in 2 min: https://temporary-zippy-celesta-4cyc4ht.vercel.app/list-your-park?ref=bradley-outreach,https://temporary-zippy-celesta-4cyc4ht.vercel.app/list-your-park?ref=bradley-outreach
Evangeline Trailer Park,(318) 896-0343,Lafayette,LA,705 West Gloria Switch Road,70507,Lafayette,"Hi, Bradley with Tread Companies / Trailer Parks calling about Evangeline Trailer Park in Lafayette. Free marketplace for park owners — $0 listing fee, $0 success fee. Brokers take ~6%. We've operated 4,000+ spaces. Can I text the link?",Bradley @ Tread Companies / Trailer Parks re Evangeline Trailer Park (Lafayette). Free owner marketplace — $0 fees. List in 2 min: https://temporary-zippy-celesta-4cyc4ht.vercel.app/list-your-park?ref=bradley-outreach,https://temporary-zippy-celesta-4cyc4ht.vercel.app/list-your-park?ref=bradley-outreach
Holiday Mobile Home Villa,(318) 232-6496,Lafayette,LA,2808 West Pinhook Road,70508,Lafayette,"Hi, Bradley with Tread Companies / Trailer Parks calling about Holiday Mobile Home Villa in Lafayette. Free marketplace for park owners — $0 listing fee, $0 success fee. Brokers take ~6%. We've operated 4,000+ spaces. Can I text the link?",Bradley @ Tread Companies / Trailer Parks re Holiday Mobile Home Villa (Lafayette). Free owner marketplace — $0 fees. List in 2 min: https://temporary-zippy-celesta-4cyc4ht.vercel.app/list-your-park?ref=bradley-outreach,https://temporary-zippy-celesta-4cyc4ht.vercel.app/list-your-park?ref=bradley-outreach
Kings Court Mhps,(318) 896-3400,Lafayette,LA,728 West Gloria Switch Road,70507,Lafayette,"Hi, Bradley with Tread Companies / Trailer Parks calling about Kings Court Mhps in Lafayette. Free marketplace for park owners — $0 listing fee, $0 success fee. Brokers take ~6%. We've operated 4,000+ spaces. Can I text the link?",Bradley @ Tread Companies / Trailer Parks re Kings Court Mhps (Lafayette). Free owner marketplace — $0 fees. List in 2 min: https://temporary-zippy-celesta-4cyc4ht.vercel.app/list-your-park?ref=bradley-outreach,https://temporary-zippy-celesta-4cyc4ht.vercel.app/list-your-park?ref=bradley-outreach
Mobile Home Acres,(318) 232-0843,Lafayette,LA,280 John Wayne Drive,70508,Lafayette,"Hi, Bradley with Tread Companies / Trailer Parks calling about Mobile Home Acres in Lafayette. Free marketplace for park owners — $0 listing fee, $0 success fee. Brokers take ~6%. We've operated 4,000+ spaces. Can I text the link?",Bradley @ Tread Companies / Trailer Parks re Mobile Home Acres (Lafayette). Free owner marketplace — $0 fees. List in 2 min: https://temporary-zippy-celesta-4cyc4ht.vercel.app/list-your-park?ref=bradley-outreach,https://temporary-zippy-celesta-4cyc4ht.vercel.app/list-your-park?ref=bradley-outreach
Mouton'S Trailer Park,(318) 235-2389,Lafayette,LA,113 Porter Lane,70501,Lafayette,"Hi, Bradley with Tread Companies / Trailer Parks calling about Mouton'S Trailer Park in Lafayette. Free marketplace for park owners — $0 listing fee, $0 success fee. Brokers take ~6%. We've operated 4,000+ spaces. Can I text the link?",Bradley @ Tread Companies / Trailer Parks re Mouton'S Trailer Park (Lafayette). Free owner marketplace — $0 fees. List in 2 min: https://temporary-zippy-celesta-4cyc4ht.vercel.app/list-your-park?ref=bradley-outreach,https://temporary-zippy-celesta-4cyc4ht.vercel.app/list-your-park?ref=bradley-outreach
Northgate Mobile Park,(318) 232-3318,Lafayette,LA,210 West Pont Des Mouton Road,70507,Lafayette,"Hi, Bradley with Tread Companies / Trailer Parks calling about Northgate Mobile Park in Lafayette. Free marketplace for park owners — $0 listing fee, $0 success fee. Brokers take ~6%. We've operated 4,000+ spaces. Can I text the link?",Bradley @ Tread Companies / Trailer Parks re Northgate Mobile Park (Lafayette). Free owner marketplace — $0 fees. List in 2 min: https://temporary-zippy-celesta-4cyc4ht.vercel.app/list-your-park?ref=bradley-outreach,https://temporary-zippy-celesta-4cyc4ht.vercel.app/list-your-park?ref=bradley-outreach
Queens Row Mhp,(318) 234-7317,Lafayette,LA,341 Queens Row,70508,Lafayette,"Hi, Bradley with Tread Companies / Trailer Parks calling about Queens Row Mhp in Lafayette. Free marketplace for park owners — $0 listing fee, $0 success fee. Brokers take ~6%. We've operated 4,000+ spaces. Can I text the link?",Bradley @ Tread Companies / Trailer Parks re Queens Row Mhp (Lafayette). Free owner marketplace — $0 fees. List in 2 min: https://temporary-zippy-celesta-4cyc4ht.vercel.app/list-your-park?ref=bradley-outreach,https://temporary-zippy-celesta-4cyc4ht.vercel.app/list-your-park?ref=bradley-outreach
Summerwood Mhp,(318) 981-0529,Lafayette,LA,3201 Kaliste Saloom Road,70508,Lafayette,"Hi, Bradley with Tread Companies / Trailer Parks calling about Summerwood Mhp in Lafayette. Free marketplace for park owners — $0 listing fee, $0 success fee. Brokers take ~6%. We've operated 4,000+ spaces. Can I text the link?",Bradley @ Tread Companies / Trailer Parks re Summerwood Mhp (Lafayette). Free owner marketplace — $0 fees. List in 2 min: https://temporary-zippy-celesta-4cyc4ht.vercel.app/list-your-park?ref=bradley-outreach,https://temporary-zippy-celesta-4cyc4ht.vercel.app/list-your-park?ref=bradley-outreach
Victoria Village,(318) 896-1140,Lafayette,LA,2925 Mills Street,70507,Lafayette,"Hi, Bradley with Tread Companies / Trailer Parks calling about Victoria Village in Lafayette. Free marketplace for park owners — $0 listing fee, $0 success fee. Brokers take ~6%. We've operated 4,000+ spaces. Can I text the link?",Bradley @ Tread Companies / Trailer Parks re Victoria Village (Lafayette). Free owner marketplace — $0 fees. List in 2 min: https://temporary-zippy-celesta-4cyc4ht.vercel.app/list-your-park?ref=bradley-outreach,https://temporary-zippy-celesta-4cyc4ht.vercel.app/list-your-park?ref=bradley-outreach
Village Park Mobile Estate,(318) 984-4016,Lafayette,LA,6406 Johnston Street,70503,Lafayette,"Hi, Bradley with Tread Companies / Trailer Parks calling about Village Park Mobile Estate in Lafayette. Free marketplace for park owners — $0 listing fee, $0 success fee. Brokers take ~6%. We've operated 4,000+ spaces. Can I text the link?",Bradley @ Tread Companies / Trailer Parks re Village Park Mobile Estate (Lafayette). Free owner marketplace — $0 fees. List in 2 min: https://temporary-zippy-celesta-4cyc4ht.vercel.app/list-your-park?ref=bradley-outreach,https://temporary-zippy-celesta-4cyc4ht.vercel.app/list-your-park?ref=bradley-outreach
Willow Springs Mobile Home,(318) 233-6302,Lafayette,LA,131 Hebert Road,70506,Lafayette,"Hi, Bradley with Tread Companies / Trailer Parks calling about Willow Springs Mobile Home in Lafayette. Free marketplace for park owners — $0 listing fee, $0 success fee. Brokers take ~6%. We've operated 4,000+ spaces. Can I text the link?",Bradley @ Tread Companies / Trailer Parks re Willow Springs Mobile Home (Lafayette). Free owner marketplace — $0 fees. List in 2 min: https://temporary-zippy-celesta-4cyc4ht.vercel.app/list-your-park?ref=bradley-outreach,https://temporary-zippy-celesta-4cyc4ht.vercel.app/list-your-park?ref=bradley-outreach
Ben'S Mhp,(318) 477-5170,Lake Charles,LA,7114 Corbina Road,70607,Calcasieu,"Hi, Bradley with Tread Companies / Trailer Parks calling about Ben'S Mhp in Lake Charles. Free marketplace for park owners — $0 listing fee, $0 success fee. Brokers take ~6%. We've operated 4,000+ spaces. Can I text the link?",Bradley @ Tread Companies / Trailer Parks re Ben'S Mhp (Lake Charles). Free owner marketplace — $0 fees. List in 2 min: https://temporary-zippy-celesta-4cyc4ht.vercel.app/list-your-park?ref=bradley-outreach,https://temporary-zippy-celesta-4cyc4ht.vercel.app/list-your-park?ref=bradley-outreach
Chardele Mobile Estates,(318) 433-6881,Lake Charles,LA,2465 Highway 397 #48,70615,Calcasieu,"Hi, Bradley with Tread Companies / Trailer Parks calling about Chardele Mobile Estates in Lake Charles. Free marketplace for park owners — $0 listing fee, $0 success fee. Brokers take ~6%. We've operated 4,000+ spaces. Can I text the link?",Bradley @ Tread Companies / Trailer Parks re Chardele Mobile Estates (Lake Charles). Free owner marketplace — $0 fees. List in 2 min: https://temporary-zippy-celesta-4cyc4ht.vercel.app/list-your-park?ref=bradley-outreach,https://temporary-zippy-celesta-4cyc4ht.vercel.app/list-your-park?ref=bradley-outreach
Country Oaks Mhp,(318) 855-4884,Lake Charles,LA,805 Topsy Road,70611,Calcasieu,"Hi, Bradley with Tread Companies / Trailer Parks calling about Country Oaks Mhp in Lake Charles. Free marketplace for park owners — $0 listing fee, $0 success fee. Brokers take ~6%. We've operated 4,000+ spaces. Can I text the link?",Bradley @ Tread Companies / Trailer Parks re Country Oaks Mhp (Lake Charles). Free owner marketplace — $0 fees. List in 2 min: https://temporary-zippy-celesta-4cyc4ht.vercel.app/list-your-park?ref=bradley-outreach,https://temporary-zippy-celesta-4cyc4ht.vercel.app/list-your-park?ref=bradley-outreach
Fairview Mobile Estates,(318) 478-7611,Lake Charles,LA,5859 Tom Hebert Road,70607,Calcasieu,"Hi, Bradley with Tread Companies / Trailer Parks calling about Fairview Mobile Estates in Lake Charles. Free marketplace for park owners — $0 listing fee, $0 success fee. Brokers take ~6%. We've operated 4,000+ spaces. Can I text the link?",Bradley @ Tread Companies / Trailer Parks re Fairview Mobile Estates (Lake Charles). Free owner marketplace — $0 fees. List in 2 min: https://temporary-zippy-celesta-4cyc4ht.vercel.app/list-your-park?ref=bradley-outreach,https://temporary-zippy-celesta-4cyc4ht.vercel.app/list-your-park?ref=bradley-outreach
I-10 Mobile Village,(318) 433-2077,Lake Charles,LA,583 I 10 Mobile Village Road,70615,Calcasieu,"Hi, Bradley with Tread Companies / Trailer Parks calling about I-10 Mobile Village in Lake Charles. Free marketplace for park owners — $0 listing fee, $0 success fee. Brokers take ~6%. We've operated 4,000+ spaces. Can I text the link?",Bradley @ Tread Companies / Trailer Parks re I-10 Mobile Village (Lake Charles). Free owner marketplace — $0 fees. List in 2 min: https://temporary-zippy-celesta-4cyc4ht.vercel.app/list-your-park?ref=bradley-outreach,https://temporary-zippy-celesta-4cyc4ht.vercel.app/list-your-park?ref=bradley-outreach
James Mobile Camp Ground,(318) 439-4422,Lake Charles,LA,6336 East Opelousas Street,70615,Calcasieu,"Hi, Bradley with Tread Companies / Trailer Parks calling about James Mobile Camp Ground in Lake Charles. Free marketplace for park owners — $0 listing fee, $0 success fee. Brokers take ~6%. We've operated 4,000+ spaces. Can I text the link?",Bradley @ Tread Companies / Trailer Parks re James Mobile Camp Ground (Lake Charles). Free owner marketplace — $0 fees. List in 2 min: https://temporary-zippy-celesta-4cyc4ht.vercel.app/list-your-park?ref=bradley-outreach,https://temporary-zippy-celesta-4cyc4ht.vercel.app/list-your-park?ref=bradley-outreach
Mere'S Mobile Home & Rec. Vehicle Park,(318) 477-4827,Lake Charles,LA,2124 Country Club Road,70605,Calcasieu,"Hi, Bradley with Tread Companies / Trailer Parks calling about Mere'S Mobile Home & Rec. Vehicle Park in Lake Charles. Free marketplace for park owners — $0 listing fee, $0 success fee. Brokers take ~6%. We've operated 4,000+ spaces. Can I text the link?",Bradley @ Tread Companies / Trailer Parks re Mere'S Mobile Home & Rec. Vehicle Park (Lake Charles). Free owner marketplace — $0 fees. List in 2 min: https://temporary-zippy-celesta-4cyc4ht.vercel.app/list-your-park?ref=bradley-outreach,https://temporary-zippy-celesta-4cyc4ht.vercel.app/list-your-park?ref=bradley-outreach
Ninety East Mobile Estates,(318) 436-1818,Lake Charles,LA,6675 Highway 90 East,70615,Calcasieu,"Hi, Bradley with Tread Companies / Trailer Parks calling about Ninety East Mobile Estates in Lake Charles. Free marketplace for park owners — $0 listing fee, $0 success fee. Brokers take ~6%. We've operated 4,000+ spaces. Can I text the link?",Bradley @ Tread Companies / Trailer Parks re Ninety East Mobile Estates (Lake Charles). Free owner marketplace — $0 fees. List in 2 min: https://temporary-zippy-celesta-4cyc4ht.vercel.app/list-your-park?ref=bradley-outreach,https://temporary-zippy-celesta-4cyc4ht.vercel.app/list-your-park?ref=bradley-outreach
Oakcreek Estates Mobile Home,(318) 855-3012,Lake Charles,LA,239 North Perkins Ferry Road,70611,Calcasieu,"Hi, Bradley with Tread Companies / Trailer Parks calling about Oakcreek Estates Mobile Home in Lake Charles. Free marketplace for park owners — $0 listing fee, $0 success fee. Brokers take ~6%. We've operated 4,000+ spaces. Can I text the link?",Bradley @ Tread Companies / Trailer Parks re Oakcreek Estates Mobile Home (Lake Charles). Free owner marketplace — $0 fees. List in 2 min: https://temporary-zippy-celesta-4cyc4ht.vercel.app/list-your-park?ref=bradley-outreach,https://temporary-zippy-celesta-4cyc4ht.vercel.app/list-your-park?ref=bradley-outreach
Quail Ridge Community,(318) 477-9715,Lake Charles,LA,2187 East Gauthier Road,70607,Calcasieu,"Hi, Bradley with Tread Companies / Trailer Parks calling about Quail Ridge Community in Lake Charles. Free marketplace for park owners — $0 listing fee, $0 success fee. Brokers take ~6%. We've operated 4,000+ spaces. Can I text the link?",Bradley @ Tread Companies / Trailer Parks re Quail Ridge Community (Lake Charles). Free owner marketplace — $0 fees. List in 2 min: https://temporary-zippy-celesta-4cyc4ht.vercel.app/list-your-park?ref=bradley-outreach,https://temporary-zippy-celesta-4cyc4ht.vercel.app/list-your-park?ref=bradley-outreach
Smith'S Mobile Home Village,(318) 478-9370,Lake Charles,LA,6505 Nelson Road,70605,Calcasieu,"Hi, Bradley with Tread Companies / Trailer Parks calling about Smith'S Mobile Home Village in Lake Charles. Free marketplace for park owners — $0 listing fee, $0 success fee. Brokers take ~6%. We've operated 4,000+ spaces. Can I text the link?",Bradley @ Tread Companies / Trailer Parks re Smith'S Mobile Home Village (Lake Charles). Free owner marketplace — $0 fees. List in 2 min: https://temporary-zippy-celesta-4cyc4ht.vercel.app/list-your-park?ref=bradley-outreach,https://temporary-zippy-celesta-4cyc4ht.vercel.app/list-your-park?ref=bradley-outreach
Sportsman Mobilelhome Park,(318) 436-3525,Lake Charles,LA,2653 Old Deridder Highway,70615,Calcasieu,"Hi, Bradley with Tread Companies / Trailer Parks calling about Sportsman Mobilelhome Park in Lake Charles. Free marketplace for park owners — $0 listing fee, $0 success fee. Brokers take ~6%. We've operated 4,000+ spaces. Can I text the link?",Bradley @ Tread Companies / Trailer Parks re Sportsman Mobilelhome Park (Lake Charles). Free owner marketplace — $0 fees. List in 2 min: https://temporary-zippy-celesta-4cyc4ht.vercel.app/list-your-park?ref=bradley-outreach,https://temporary-zippy-celesta-4cyc4ht.vercel.app/list-your-park?ref=bradley-outreach
Tommasi Mobile Village,(318) 478-5366,Lake Charles,LA,2500 Smith Road,70607,Calcasieu,"Hi, Bradley with Tread Companies / Trailer Parks calling about Tommasi Mobile Village in Lake Charles. Free marketplace for park owners — $0 listing fee, $0 success fee. Brokers take ~6%. We've operated 4,000+ spaces. Can I text the link?",Bradley @ Tread Companies / Trailer Parks re Tommasi Mobile Village (Lake Charles). Free owner marketplace — $0 fees. List in 2 min: https://temporary-zippy-celesta-4cyc4ht.vercel.app/list-your-park?ref=bradley-outreach,https://temporary-zippy-celesta-4cyc4ht.vercel.app/list-your-park?ref=bradley-outreach
Bynog'S Trailer Park,(318) 239-3643,Leesville,LA,170 Crosby Loop,71446,Vernon,"Hi, Bradley with Tread Companies / Trailer Parks calling about Bynog'S Trailer Park in Leesville. Free marketplace for park owners — $0 listing fee, $0 success fee. Brokers take ~6%. We've operated 4,000+ spaces. Can I text the link?",Bradley @ Tread Companies / Trailer Parks re Bynog'S Trailer Park (Leesville). Free owner marketplace — $0 fees. List in 2 min: https://temporary-zippy-celesta-4cyc4ht.vercel.app/list-your-park?ref=bradley-outreach,https://temporary-zippy-celesta-4cyc4ht.vercel.app/list-your-park?ref=bradley-outreach
Elimelech Mhp,(318) 238-1811,Leesville,LA,3986 Vfw Road,71446,Vernon,"Hi, Bradley with Tread Companies / Trailer Parks calling about Elimelech Mhp in Leesville. Free marketplace for park owners — $0 listing fee, $0 success fee. Brokers take ~6%. We've operated 4,000+ spaces. Can I text the link?",Bradley @ Tread Companies / Trailer Parks re Elimelech Mhp (Leesville). Free owner marketplace — $0 fees. List in 2 min: https://temporary-zippy-celesta-4cyc4ht.vercel.app/list-your-park?ref=bradley-outreach,https://temporary-zippy-celesta-4cyc4ht.vercel.app/list-your-park?ref=bradley-outreach
Modern Trailer Park,(318) 239-4530,Leesville,LA,1707 Smart Street,71446,Vernon,"Hi, Bradley with Tread Companies / Trailer Parks calling about Modern Trailer Park in Leesville. Free marketplace for park owners — $0 listing fee, $0 success fee. Brokers take ~6%. We've operated 4,000+ spaces. Can I text the link?",Bradley @ Tread Companies / Trailer Parks re Modern Trailer Park (Leesville). Free owner marketplace — $0 fees. List in 2 min: https://temporary-zippy-celesta-4cyc4ht.vercel.app/list-your-park?ref=bradley-outreach,https://temporary-zippy-celesta-4cyc4ht.vercel.app/list-your-park?ref=bradley-outreach
Ray'S Mhp,(318) 537-3340,Leesville,LA,187 Rays Park Road,71446,Vernon,"Hi, Bradley with Tread Companies / Trailer Parks calling about Ray'S Mhp in Leesville. Free marketplace for park owners — $0 listing fee, $0 success fee. Brokers take ~6%. We've operated 4,000+ spaces. Can I text the link?",Bradley @ Tread Companies / Trailer Parks re Ray'S Mhp (Leesville). Free owner marketplace — $0 fees. List in 2 min: https://temporary-zippy-celesta-4cyc4ht.vercel.app/list-your-park?ref=bradley-outreach,https://temporary-zippy-celesta-4cyc4ht.vercel.app/list-your-park?ref=bradley-outreach
Tower Mhp,(318) 239-6092,Leesville,LA,2109 Nolan Trace,71446,Vernon,"Hi, Bradley with Tread Companies / Trailer Parks calling about Tower Mhp in Leesville. Free marketplace for park owners — $0 listing fee, $0 success fee. Brokers take ~6%. We've operated 4,000+ spaces. Can I text the link?",Bradley @ Tread Companies / Trailer Parks re Tower Mhp (Leesville). Free owner marketplace — $0 fees. List in 2 min: https://temporary-zippy-celesta-4cyc4ht.vercel.app/list-your-park?ref=bradley-outreach,https://temporary-zippy-celesta-4cyc4ht.vercel.app/list-your-park?ref=bradley-outreach
Wilson'S Trailer Park,(318) 238-9742,Leesville,LA,214 Cooper Church Road,71446,Vernon,"Hi, Bradley with Tread Companies / Trailer Parks calling about Wilson'S Trailer Park in Leesville. Free marketplace for park owners — $0 listing fee, $0 success fee. Brokers take ~6%. We've operated 4,000+ spaces. Can I text the link?",Bradley @ Tread Companies / Trailer Parks re Wilson'S Trailer Park (Leesville). Free owner marketplace — $0 fees. List in 2 min: https://temporary-zippy-celesta-4cyc4ht.vercel.app/list-your-park?ref=bradley-outreach,https://temporary-zippy-celesta-4cyc4ht.vercel.app/list-your-park?ref=bradley-outreach
Longville Lake Trailer Park,(318) 725-3395,Longville,LA,7115 Highway 110 East,70652,Beauregard,"Hi, Bradley with Tread Companies / Trailer Parks calling about Longville Lake Trailer Park in Longville. Free marketplace for park owners — $0 listing fee, $0 success fee. Brokers take ~6%. We've operated 4,000+ spaces. Can I text the link?",Bradley @ Tread Companies / Trailer Parks re Longville Lake Trailer Park (Longville). Free owner marketplace — $0 fees. List in 2 min: https://temporary-zippy-celesta-4cyc4ht.vercel.app/list-your-park?ref=bradley-outreach,https://temporary-zippy-celesta-4cyc4ht.vercel.app/list-your-park?ref=bradley-outreach
Chahta Mhp,(504) 626-7177,Mandeville,LA,1101 Colbert Street,70448,St Tammany,"Hi, Bradley with Tread Companies / Trailer Parks calling about Chahta Mhp in Mandeville. Free marketplace for park owners — $0 listing fee, $0 success fee. Brokers take ~6%. We've operated 4,000+ spaces. Can I text the link?",Bradley @ Tread Companies / Trailer Parks re Chahta Mhp (Mandeville). Free owner marketplace — $0 fees. List in 2 min: https://temporary-zippy-celesta-4cyc4ht.vercel.app/list-your-park?ref=bradley-outreach,https://temporary-zippy-celesta-4cyc4ht.vercel.app/list-your-park?ref=bradley-outreach
Andrus Mhp,(504) 340-2816,Marrero,LA,5225 August Lane,70072,Jefferson,"Hi, Bradley with Tread Companies / Trailer Parks calling about Andrus Mhp in Marrero. Free marketplace for park owners — $0 listing fee, $0 success fee. Brokers take ~6%. We've operated 4,000+ spaces. Can I text the link?",Bradley @ Tread Companies / Trailer Parks re Andrus Mhp (Marrero). Free owner marketplace — $0 fees. List in 2 min: https://temporary-zippy-celesta-4cyc4ht.vercel.app/list-your-park?ref=bradley-outreach,https://temporary-zippy-celesta-4cyc4ht.vercel.app/list-your-park?ref=bradley-outreach
Breaux Mhp,(504) 340-0104,Marrero,LA,4137 Ames Boulevard,70072,Jefferson,"Hi, Bradley with Tread Companies / Trailer Parks calling about Breaux Mhp in Marrero. Free marketplace for park owners — $0 listing fee, $0 success fee. Brokers take ~6%. We've operated 4,000+ spaces. Can I text the link?",Bradley @ Tread Companies / Trailer Parks re Breaux Mhp (Marrero). Free owner marketplace — $0 fees. List in 2 min: https://temporary-zippy-celesta-4cyc4ht.vercel.app/list-your-park?ref=bradley-outreach,https://temporary-zippy-celesta-4cyc4ht.vercel.app/list-your-park?ref=bradley-outreach
Justice Trailer Court,(504) 347-6654,Marrero,LA,5728 4Th Street,70072,Jefferson,"Hi, Bradley with Tread Companies / Trailer Parks calling about Justice Trailer Court in Marrero. Free marketplace for park owners — $0 listing fee, $0 success fee. Brokers take ~6%. We've operated 4,000+ spaces. Can I text the link?",Bradley @ Tread Companies / Trailer Parks re Justice Trailer Court (Marrero). Free owner marketplace — $0 fees. List in 2 min: https://temporary-zippy-celesta-4cyc4ht.vercel.app/list-your-park?ref=bradley-outreach,https://temporary-zippy-celesta-4cyc4ht.vercel.app/list-your-park?ref=bradley-outreach
Sievers Trailer Court,(504) 341-6540,Marrero,LA,3400 Ames Boulevard,70072,Jefferson,"Hi, Bradley with Tread Companies / Trailer Parks calling about Sievers Trailer Court in Marrero. Free marketplace for park owners — $0 listing fee, $0 success fee. Brokers take ~6%. We've operated 4,000+ spaces. Can I text the link?",Bradley @ Tread Companies / Trailer Parks re Sievers Trailer Court (Marrero). Free owner marketplace — $0 fees. List in 2 min: https://temporary-zippy-celesta-4cyc4ht.vercel.app/list-your-park?ref=bradley-outreach,https://temporary-zippy-celesta-4cyc4ht.vercel.app/list-your-park?ref=bradley-outreach
Lakeview Park,(318) 856-8774,Milton,LA,450 Espasie Street,70558,Lafayette,"Hi, Bradley with Tread Companies / Trailer Parks calling about Lakeview Park in Milton. Free marketplace for park owners — $0 listing fee, $0 success fee. Brokers take ~6%. We've operated 4,000+ spaces. Can I text the link?",Bradley @ Tread Companies / Trailer Parks re Lakeview Park (Milton). Free owner marketplace — $0 fees. List in 2 min: https://temporary-zippy-celesta-4cyc4ht.vercel.app/list-your-park?ref=bradley-outreach,https://temporary-zippy-celesta-4cyc4ht.vercel.app/list-your-park?ref=bradley-outreach
Robertson Mhp,(318) 377-0603,Minden,LA,200 Robertson Drive,71055,Webster,"Hi, Bradley with Tread Companies / Trailer Parks calling about Robertson Mhp in Minden. Free marketplace for park owners — $0 listing fee, $0 success fee. Brokers take ~6%. We've operated 4,000+ spaces. Can I text the link?",Bradley @ Tread Companies / Trailer Parks re Robertson Mhp (Minden). Free owner marketplace — $0 fees. List in 2 min: https://temporary-zippy-celesta-4cyc4ht.vercel.app/list-your-park?ref=bradley-outreach,https://temporary-zippy-celesta-4cyc4ht.vercel.app/list-your-park?ref=bradley-outreach
Antique Acres Mhp,(318) 323-4785,Monroe,LA,2665 Winnsboro Road,71202,Ouachita,"Hi, Bradley with Tread Companies / Trailer Parks calling about Antique Acres Mhp in Monroe. Free marketplace for park owners — $0 listing fee, $0 success fee. Brokers take ~6%. We've operated 4,000+ spaces. Can I text the link?",Bradley @ Tread Companies / Trailer Parks re Antique Acres Mhp (Monroe). Free owner marketplace — $0 fees. List in 2 min: https://temporary-zippy-celesta-4cyc4ht.vercel.app/list-your-park?ref=bradley-outreach,https://temporary-zippy-celesta-4cyc4ht.vercel.app/list-your-park?ref=bradley-outreach
Aurora & University Mobile Park,(318) 343-1881,Monroe,LA,5602 Desiard Street,71203,Ouachita,"Hi, Bradley with Tread Companies / Trailer Parks calling about Aurora & University Mobile Park in Monroe. Free marketplace for park owners — $0 listing fee, $0 success fee. Brokers take ~6%. We've operated 4,000+ spaces. Can I text the link?",Bradley @ Tread Companies / Trailer Parks re Aurora & University Mobile Park (Monroe). Free owner marketplace — $0 fees. List in 2 min: https://temporary-zippy-celesta-4cyc4ht.vercel.app/list-your-park?ref=bradley-outreach,https://temporary-zippy-celesta-4cyc4ht.vercel.app/list-your-park?ref=bradley-outreach
Deluxe Mhp,(318) 343-1234,Monroe,LA,5204 Desiard Street,71203,Ouachita,"Hi, Bradley with Tread Companies / Trailer Parks calling about Deluxe Mhp in Monroe. Free marketplace for park owners — $0 listing fee, $0 success fee. Brokers take ~6%. We've operated 4,000+ spaces. Can I text the link?",Bradley @ Tread Companies / Trailer Parks re Deluxe Mhp (Monroe). Free owner marketplace — $0 fees. List in 2 min: https://temporary-zippy-celesta-4cyc4ht.vercel.app/list-your-park?ref=bradley-outreach,https://temporary-zippy-celesta-4cyc4ht.vercel.app/list-your-park?ref=bradley-outreach
Eastside Mhp,(318) 345-2692,Monroe,LA,117 Dianna Drive,71203,Ouachita,"Hi, Bradley with Tread Companies / Trailer Parks calling about Eastside Mhp in Monroe. Free marketplace for park owners — $0 listing fee, $0 success fee. Brokers take ~6%. We've operated 4,000+ spaces. Can I text the link?",Bradley @ Tread Companies / Trailer Parks re Eastside Mhp (Monroe). Free owner marketplace — $0 fees. List in 2 min: https://temporary-zippy-celesta-4cyc4ht.vercel.app/list-your-park?ref=bradley-outreach,https://temporary-zippy-celesta-4cyc4ht.vercel.app/list-your-park?ref=bradley-outreach
Pecanland Estates & Rec. Vehicle Park,(318) 343-4850,Monroe,LA,2300 Garrett Road,71202,Ouachita,"Hi, Bradley with Tread Companies / Trailer Parks calling about Pecanland Estates & Rec. Vehicle Park in Monroe. Free marketplace for park owners — $0 listing fee, $0 success fee. Brokers take ~6%. We've operated 4,000+ spaces. Can I text the link?",Bradley @ Tread Companies / Trailer Parks re Pecanland Estates & Rec. Vehicle Park (Monroe). Free owner marketplace — $0 fees. List in 2 min: https://temporary-zippy-celesta-4cyc4ht.vercel.app/list-your-park?ref=bradley-outreach,https://temporary-zippy-celesta-4cyc4ht.vercel.app/list-your-park?ref=bradley-outreach
Wildwood Mhp,(318) 345-2034,Monroe,LA,131 Swartz School Road,71203,Ouachita,"Hi, Bradley with Tread Companies / Trailer Parks calling about Wildwood Mhp in Monroe. Free marketplace for park owners — $0 listing fee, $0 success fee. Brokers take ~6%. We've operated 4,000+ spaces. Can I text the link?",Bradley @ Tread Companies / Trailer Parks re Wildwood Mhp (Monroe). Free owner marketplace — $0 fees. List in 2 min: https://temporary-zippy-celesta-4cyc4ht.vercel.app/list-your-park?ref=bradley-outreach,https://temporary-zippy-celesta-4cyc4ht.vercel.app/list-your-park?ref=bradley-outreach
Verret Enterprises,(504) 631-0167,Morgan City,LA,2902 Lake Palourde Road,70380,St Mary,"Hi, Bradley with Tread Companies / Trailer Parks calling about Verret Enterprises in Morgan City. Free marketplace for park owners — $0 listing fee, $0 success fee. Brokers take ~6%. We've operated 4,000+ spaces. Can I text the link?",Bradley @ Tread Companies / Trailer Parks re Verret Enterprises (Morgan City). Free owner marketplace — $0 fees. List in 2 min: https://temporary-zippy-celesta-4cyc4ht.vercel.app/list-your-park?ref=bradley-outreach,https://temporary-zippy-celesta-4cyc4ht.vercel.app/list-your-park?ref=bradley-outreach
West Side Trailer Park,(504) 631-9974,Morgan City,LA,2019 Lake Palourde Road,70380,St Mary,"Hi, Bradley with Tread Companies / Trailer Parks calling about West Side Trailer Park in Morgan City. Free marketplace for park owners — $0 listing fee, $0 success fee. Brokers take ~6%. We've operated 4,000+ spaces. Can I text the link?",Bradley @ Tread Companies / Trailer Parks re West Side Trailer Park (Morgan City). Free owner marketplace — $0 fees. List in 2 min: https://temporary-zippy-celesta-4cyc4ht.vercel.app/list-your-park?ref=bradley-outreach,https://temporary-zippy-celesta-4cyc4ht.vercel.app/list-your-park?ref=bradley-outreach
Bayou Vista Mhp,(318) 352-0201,Natchitoches,LA,515 Fairgrounds Road #4,71457,Natchitoches,"Hi, Bradley with Tread Companies / Trailer Parks calling about Bayou Vista Mhp in Natchitoches. Free marketplace for park owners — $0 listing fee, $0 success fee. Brokers take ~6%. We've operated 4,000+ spaces. Can I text the link?",Bradley @ Tread Companies / Trailer Parks re Bayou Vista Mhp (Natchitoches). Free owner marketplace — $0 fees. List in 2 min: https://temporary-zippy-celesta-4cyc4ht.vercel.app/list-your-park?ref=bradley-outreach,https://temporary-zippy-celesta-4cyc4ht.vercel.app/list-your-park?ref=bradley-outreach
Acadiana Mhp,(318) 364-0982,New Iberia,LA,5318 West Old Spanish Trail,70560,Iberia,"Hi, Bradley with Tread Companies / Trailer Parks calling about Acadiana Mhp in New Iberia. Free marketplace for park owners — $0 listing fee, $0 success fee. Brokers take ~6%. We've operated 4,000+ spaces. Can I text the link?",Bradley @ Tread Companies / Trailer Parks re Acadiana Mhp (New Iberia). Free owner marketplace — $0 fees. List in 2 min: https://temporary-zippy-celesta-4cyc4ht.vercel.app/list-your-park?ref=bradley-outreach,https://temporary-zippy-celesta-4cyc4ht.vercel.app/list-your-park?ref=bradley-outreach
Barbara'S Mobile Home Village,(318) 367-7118,New Iberia,LA,1355 Julia Street,70560,Iberia,"Hi, Bradley with Tread Companies / Trailer Parks calling about Barbara'S Mobile Home Village in New Iberia. Free marketplace for park owners — $0 listing fee, $0 success fee. Brokers take ~6%. We've operated 4,000+ spaces. Can I text the link?",Bradley @ Tread Companies / Trailer Parks re Barbara'S Mobile Home Village (New Iberia). Free owner marketplace — $0 fees. List in 2 min: https://temporary-zippy-celesta-4cyc4ht.vercel.app/list-your-park?ref=bradley-outreach,https://temporary-zippy-celesta-4cyc4ht.vercel.app/list-your-park?ref=bradley-outreach
Iberia Mhp,(318) 364-8277,New Iberia,LA,322 Deare Street,70560,Iberia,"Hi, Bradley with Tread Companies / Trailer Parks calling about Iberia Mhp in New Iberia. Free marketplace for park owners — $0 listing fee, $0 success fee. Brokers take ~6%. We've operated 4,000+ spaces. Can I text the link?",Bradley @ Tread Companies / Trailer Parks re Iberia Mhp (New Iberia). Free owner marketplace — $0 fees. List in 2 min: https://temporary-zippy-celesta-4cyc4ht.vercel.app/list-your-park?ref=bradley-outreach,https://temporary-zippy-celesta-4cyc4ht.vercel.app/list-your-park?ref=bradley-outreach
Leeson'S Mhp,(318) 365-2665,New Iberia,LA,1110 Broussard Road #C,70560,Iberia,"Hi, Bradley with Tread Companies / Trailer Parks calling about Leeson'S Mhp in New Iberia. Free marketplace for park owners — $0 listing fee, $0 success fee. Brokers take ~6%. We've operated 4,000+ spaces. Can I text the link?",Bradley @ Tread Companies / Trailer Parks re Leeson'S Mhp (New Iberia). Free owner marketplace — $0 fees. List in 2 min: https://temporary-zippy-celesta-4cyc4ht.vercel.app/list-your-park?ref=bradley-outreach,https://temporary-zippy-celesta-4cyc4ht.vercel.app/list-your-park?ref=bradley-outreach
Mixon Rental,(318) 369-3813,New Iberia,LA,1500 Hopkins Street,70560,Iberia,"Hi, Bradley with Tread Companies / Trailer Parks calling about Mixon Rental in New Iberia. Free marketplace for park owners — $0 listing fee, $0 success fee. Brokers take ~6%. We've operated 4,000+ spaces. Can I text the link?",Bradley @ Tread Companies / Trailer Parks re Mixon Rental (New Iberia). Free owner marketplace — $0 fees. List in 2 min: https://temporary-zippy-celesta-4cyc4ht.vercel.app/list-your-park?ref=bradley-outreach,https://temporary-zippy-celesta-4cyc4ht.vercel.app/list-your-park?ref=bradley-outreach
New Horizon Mhp,(318) 367-6341,New Iberia,LA,1714 New Horizon Drive,70560,Iberia,"Hi, Bradley with Tread Companies / Trailer Parks calling about New Horizon Mhp in New Iberia. Free marketplace for park owners — $0 listing fee, $0 success fee. Brokers take ~6%. We've operated 4,000+ spaces. Can I text the link?",Bradley @ Tread Companies / Trailer Parks re New Horizon Mhp (New Iberia). Free owner marketplace — $0 fees. List in 2 min: https://temporary-zippy-celesta-4cyc4ht.vercel.app/list-your-park?ref=bradley-outreach,https://temporary-zippy-celesta-4cyc4ht.vercel.app/list-your-park?ref=bradley-outreach
Teche Valley Mhp,(318) 367-3049,New Iberia,LA,304 Rue Degravelle,70563,Iberia,"Hi, Bradley with Tread Companies / Trailer Parks calling about Teche Valley Mhp in New Iberia. Free marketplace for park owners — $0 listing fee, $0 success fee. Brokers take ~6%. We've operated 4,000+ spaces. Can I text the link?",Bradley @ Tread Companies / Trailer Parks re Teche Valley Mhp (New Iberia). Free owner marketplace — $0 fees. List in 2 min: https://temporary-zippy-celesta-4cyc4ht.vercel.app/list-your-park?ref=bradley-outreach,https://temporary-zippy-celesta-4cyc4ht.vercel.app/list-your-park?ref=bradley-outreach
Thibodeaux Mhp,(337) 365-8540,New Iberia,LA,6711 Fremin Rd,70560,Iberia,"Hi, Bradley with Tread Companies / Trailer Parks calling about Thibodeaux Mhp in New Iberia. Free marketplace for park owners — $0 listing fee, $0 success fee. Brokers take ~6%. We've operated 4,000+ spaces. Can I text the link?",Bradley @ Tread Companies / Trailer Parks re Thibodeaux Mhp (New Iberia). Free owner marketplace — $0 fees. List in 2 min: https://temporary-zippy-celesta-4cyc4ht.vercel.app/list-your-park?ref=bradley-outreach,https://temporary-zippy-celesta-4cyc4ht.vercel.app/list-your-park?ref=bradley-outreach
Tree Lawn Trailer Court,(318) 364-1876,New Iberia,LA,935 Center Street,70560,Iberia,"Hi, Bradley with Tread Companies / Trailer Parks calling about Tree Lawn Trailer Court in New Iberia. Free marketplace for park owners — $0 listing fee, $0 success fee. Brokers take ~6%. We've operated 4,000+ spaces. Can I text the link?",Bradley @ Tread Companies / Trailer Parks re Tree Lawn Trailer Court (New Iberia). Free owner marketplace — $0 fees. List in 2 min: https://temporary-zippy-celesta-4cyc4ht.vercel.app/list-your-park?ref=bradley-outreach,https://temporary-zippy-celesta-4cyc4ht.vercel.app/list-your-park?ref=bradley-outreach
Cargill Homes,318-366-9085,Not Available,LA,7605 Loyus Lane,NOT AVAILABLE,Caddo,"Hi, Bradley with Tread Companies / Trailer Parks calling about Cargill Homes in Not Available. Free marketplace for park owners — $0 listing fee, $0 success fee. Brokers take ~6%. We've operated 4,000+ spaces. Can I text the link?",Bradley @ Tread Companies / Trailer Parks re Cargill Homes (Not Available). Free owner marketplace — $0 fees. List in 2 min: https://temporary-zippy-celesta-4cyc4ht.vercel.app/list-your-park?ref=bradley-outreach,https://temporary-zippy-celesta-4cyc4ht.vercel.app/list-your-park?ref=bradley-outreach
D&J Investments,318-447-9408,Not Available,LA,Not Available,NOT AVAILABLE,Rapides,"Hi, Bradley with Tread Companies / Trailer Parks calling about D&J Investments in Not Available. Free marketplace for park owners — $0 listing fee, $0 success fee. Brokers take ~6%. We've operated 4,000+ spaces. Can I text the link?",Bradley @ Tread Companies / Trailer Parks re D&J Investments (Not Available). Free owner marketplace — $0 fees. List in 2 min: https://temporary-zippy-celesta-4cyc4ht.vercel.app/list-your-park?ref=bradley-outreach,https://temporary-zippy-celesta-4cyc4ht.vercel.app/list-your-park?ref=bradley-outreach
Hidden Creek Landing,318-461-4062,Not Available,LA,Not Available,NOT AVAILABLE,De Soto,"Hi, Bradley with Tread Companies / Trailer Parks calling about Hidden Creek Landing in Not Available. Free marketplace for park owners — $0 listing fee, $0 success fee. Brokers take ~6%. We've operated 4,000+ spaces. Can I text the link?",Bradley @ Tread Companies / Trailer Parks re Hidden Creek Landing (Not Available). Free owner marketplace — $0 fees. List in 2 min: https://temporary-zippy-celesta-4cyc4ht.vercel.app/list-your-park?ref=bradley-outreach,https://temporary-zippy-celesta-4cyc4ht.vercel.app/list-your-park?ref=bradley-outreach
Mayo Properties,(318) 322-1100,Not Available,LA,610 East Olive St,NOT AVAILABLE,Ouachita,"Hi, Bradley with Tread Companies / Trailer Parks calling about Mayo Properties in Not Available. Free marketplace for park owners — $0 listing fee, $0 success fee. Brokers take ~6%. We've operated 4,000+ spaces. Can I text the link?",Bradley @ Tread Companies / Trailer Parks re Mayo Properties (Not Available). Free owner marketplace — $0 fees. List in 2 min: https://temporary-zippy-celesta-4cyc4ht.vercel.app/list-your-park?ref=bradley-outreach,https://temporary-zippy-celesta-4cyc4ht.vercel.app/list-your-park?ref=bradley-outreach
Orlandos,504-909-6383,Not Available,LA,5861 Airline Drive,NOT AVAILABLE,Jefferson,"Hi, Bradley with Tread Companies / Trailer Parks calling about Orlandos in Not Available. Free marketplace for park owners — $0 listing fee, $0 success fee. Brokers take ~6%. We've operated 4,000+ spaces. Can I text the link?",Bradley @ Tread Companies / Trailer Parks re Orlandos (Not Available). Free owner marketplace — $0 fees. List in 2 min: https://temporary-zippy-celesta-4cyc4ht.vercel.app/list-your-park?ref=bradley-outreach,https://temporary-zippy-celesta-4cyc4ht.vercel.app/list-your-park?ref=bradley-outreach
Praire Road Mobile Home Community,318-614-4447,Not Available,LA,809 Prarie Road,NOT AVAILABLE,Ouachita,"Hi, Bradley with Tread Companies / Trailer Parks calling about Praire Road Mobile Home Community in Not Available. Free marketplace for park owners — $0 listing fee, $0 success fee. Brokers take ~6%. We've operated 4,000+ spaces. Can I text the link?",Bradley @ Tread Companies / Trailer Parks re Praire Road Mobile Home Community (Not Available). Free owner marketplace — $0 fees. List in 2 min: https://temporary-zippy-celesta-4cyc4ht.vercel.app/list-your-park?ref=bradley-outreach,https://temporary-zippy-celesta-4cyc4ht.vercel.app/list-your-park?ref=bradley-outreach
Union Park,(318) 880-2324,Not Available,LA,Not Available,NOT AVAILABLE,Rapides,"Hi, Bradley with Tread Companies / Trailer Parks calling about Union Park in Not Available. Free marketplace for park owners — $0 listing fee, $0 success fee. Brokers take ~6%. We've operated 4,000+ spaces. Can I text the link?",Bradley @ Tread Companies / Trailer Parks re Union Park (Not Available). Free owner marketplace — $0 fees. List in 2 min: https://temporary-zippy-celesta-4cyc4ht.vercel.app/list-your-park?ref=bradley-outreach,https://temporary-zippy-celesta-4cyc4ht.vercel.app/list-your-park?ref=bradley-outreach
Willow Trace,337-270-7307,Not Available,LA,Not Available,NOT AVAILABLE,St. Landry,"Hi, Bradley with Tread Companies / Trailer Parks calling about Willow Trace in Not Available. Free marketplace for park owners — $0 listing fee, $0 success fee. Brokers take ~6%. We've operated 4,000+ spaces. Can I text the link?",Bradley @ Tread Companies / Trailer Parks re Willow Trace (Not Available). Free owner marketplace — $0 fees. List in 2 min: https://temporary-zippy-celesta-4cyc4ht.vercel.app/list-your-park?ref=bradley-outreach,https://temporary-zippy-celesta-4cyc4ht.vercel.app/list-your-park?ref=bradley-outreach
Messer'S Mobile Manor Inc,(504) 863-7857,Pearl River,LA,64105 Highway 3081,70452,St Tammany,"Hi, Bradley with Tread Companies / Trailer Parks calling about Messer'S Mobile Manor Inc in Pearl River. Free marketplace for park owners — $0 listing fee, $0 success fee. Brokers take ~6%. We've operated 4,000+ spaces. Can I text the link?",Bradley @ Tread Companies / Trailer Parks re Messer'S Mobile Manor Inc (Pearl River). Free owner marketplace — $0 fees. List in 2 min: https://temporary-zippy-celesta-4cyc4ht.vercel.app/list-your-park?ref=bradley-outreach,https://temporary-zippy-celesta-4cyc4ht.vercel.app/list-your-park?ref=bradley-outreach
Twin Oaks Mobile Manor,(504) 863-7251,Pearl River,LA,64371 Highway 3081,70452,St Tammany,"Hi, Bradley with Tread Companies / Trailer Parks calling about Twin Oaks Mobile Manor in Pearl River. Free marketplace for park owners — $0 listing fee, $0 success fee. Brokers take ~6%. We've operated 4,000+ spaces. Can I text the link?",Bradley @ Tread Companies / Trailer Parks re Twin Oaks Mobile Manor (Pearl River). Free owner marketplace — $0 fees. List in 2 min: https://temporary-zippy-celesta-4cyc4ht.vercel.app/list-your-park?ref=bradley-outreach,https://temporary-zippy-celesta-4cyc4ht.vercel.app/list-your-park?ref=bradley-outreach
Dwayne'S Mobile Park,(318) 640-1906,Pineville,LA,227 Maryhill Road,71360,Rapides,"Hi, Bradley with Tread Companies / Trailer Parks calling about Dwayne'S Mobile Park in Pineville. Free marketplace for park owners — $0 listing fee, $0 success fee. Brokers take ~6%. We've operated 4,000+ spaces. Can I text the link?",Bradley @ Tread Companies / Trailer Parks re Dwayne'S Mobile Park (Pineville). Free owner marketplace — $0 fees. List in 2 min: https://temporary-zippy-celesta-4cyc4ht.vercel.app/list-your-park?ref=bradley-outreach,https://temporary-zippy-celesta-4cyc4ht.vercel.app/list-your-park?ref=bradley-outreach
Hyland Mhp,(318) 641-1608,Pineville,LA,1632 Hyland Park Drive,71360,Rapides,"Hi, Bradley with Tread Companies / Trailer Parks calling about Hyland Mhp in Pineville. Free marketplace for park owners — $0 listing fee, $0 success fee. Brokers take ~6%. We've operated 4,000+ spaces. Can I text the link?",Bradley @ Tread Companies / Trailer Parks re Hyland Mhp (Pineville). Free owner marketplace — $0 fees. List in 2 min: https://temporary-zippy-celesta-4cyc4ht.vercel.app/list-your-park?ref=bradley-outreach,https://temporary-zippy-celesta-4cyc4ht.vercel.app/list-your-park?ref=bradley-outreach
L B Henry Mhp,(318) 445-0636,Pineville,LA,3343 Old Marksville Highway,71360,Rapides,"Hi, Bradley with Tread Companies / Trailer Parks calling about L B Henry Mhp in Pineville. Free marketplace for park owners — $0 listing fee, $0 success fee. Brokers take ~6%. We've operated 4,000+ spaces. Can I text the link?",Bradley @ Tread Companies / Trailer Parks re L B Henry Mhp (Pineville). Free owner marketplace — $0 fees. List in 2 min: https://temporary-zippy-celesta-4cyc4ht.vercel.app/list-your-park?ref=bradley-outreach,https://temporary-zippy-celesta-4cyc4ht.vercel.app/list-your-park?ref=bradley-outreach
Rosebud Mobile Home Court,(318) 640-6864,Pineville,LA,603 Mercer Drive,71360,Rapides,"Hi, Bradley with Tread Companies / Trailer Parks calling about Rosebud Mobile Home Court in Pineville. Free marketplace for park owners — $0 listing fee, $0 success fee. Brokers take ~6%. We've operated 4,000+ spaces. Can I text the link?",Bradley @ Tread Companies / Trailer Parks re Rosebud Mobile Home Court (Pineville). Free owner marketplace — $0 fees. List in 2 min: https://temporary-zippy-celesta-4cyc4ht.vercel.app/list-your-park?ref=bradley-outreach,https://temporary-zippy-celesta-4cyc4ht.vercel.app/list-your-park?ref=bradley-outreach
Sutton'S Mhp,(318) 640-0096,Pineville,LA,7405 Esler Field Road,71360,Rapides,"Hi, Bradley with Tread Companies / Trailer Parks calling about Sutton'S Mhp in Pineville. Free marketplace for park owners — $0 listing fee, $0 success fee. Brokers take ~6%. We've operated 4,000+ spaces. Can I text the link?",Bradley @ Tread Companies / Trailer Parks re Sutton'S Mhp (Pineville). Free owner marketplace — $0 fees. List in 2 min: https://temporary-zippy-celesta-4cyc4ht.vercel.app/list-your-park?ref=bradley-outreach,https://temporary-zippy-celesta-4cyc4ht.vercel.app/list-your-park?ref=bradley-outreach
Pine Lake Mobile Home Court,(504) 495-0664,Ponchatoula,LA,40430 East I-55 Service Road,70454,Tangipahoa,"Hi, Bradley with Tread Companies / Trailer Parks calling about Pine Lake Mobile Home Court in Ponchatoula. Free marketplace for park owners — $0 listing fee, $0 success fee. Brokers take ~6%. We've operated 4,000+ spaces. Can I text the link?",Bradley @ Tread Companies / Trailer Parks re Pine Lake Mobile Home Court (Ponchatoula). Free owner marketplace — $0 fees. List in 2 min: https://temporary-zippy-celesta-4cyc4ht.vercel.app/list-your-park?ref=bradley-outreach,https://temporary-zippy-celesta-4cyc4ht.vercel.app/list-your-park?ref=bradley-outreach
Pretty Acres Mhp,(504) 386-5936,Ponchatoula,LA,18230 Rose Drive #15,70454,Tangipahoa,"Hi, Bradley with Tread Companies / Trailer Parks calling about Pretty Acres Mhp in Ponchatoula. Free marketplace for park owners — $0 listing fee, $0 success fee. Brokers take ~6%. We've operated 4,000+ spaces. Can I text the link?",Bradley @ Tread Companies / Trailer Parks re Pretty Acres Mhp (Ponchatoula). Free owner marketplace — $0 fees. List in 2 min: https://temporary-zippy-celesta-4cyc4ht.vercel.app/list-your-park?ref=bradley-outreach,https://temporary-zippy-celesta-4cyc4ht.vercel.app/list-your-park?ref=bradley-outreach
Court Street Estate Mobile Home Park,(504) 343-5105,Port Allen,LA,1590 Court Street,70767,West Baton Rouge,"Hi, Bradley with Tread Companies / Trailer Parks calling about Court Street Estate Mobile Home Park in Port Allen. Free marketplace for park owners — $0 listing fee, $0 success fee. Brokers take ~6%. We've operated 4,000+ spaces. Can I text the link?",Bradley @ Tread Companies / Trailer Parks re Court Street Estate Mobile Home Park (Port Allen). Free owner marketplace — $0 fees. List in 2 min: https://temporary-zippy-celesta-4cyc4ht.vercel.app/list-your-park?ref=bradley-outreach,https://temporary-zippy-celesta-4cyc4ht.vercel.app/list-your-park?ref=bradley-outreach
Dude'S Trailer Park,(504) 343-6449,Port Allen,LA,1534 Highway 190 West,70767,West Baton Rouge,"Hi, Bradley with Tread Companies / Trailer Parks calling about Dude'S Trailer Park in Port Allen. Free marketplace for park owners — $0 listing fee, $0 success fee. Brokers take ~6%. We've operated 4,000+ spaces. Can I text the link?",Bradley @ Tread Companies / Trailer Parks re Dude'S Trailer Park (Port Allen). Free owner marketplace — $0 fees. List in 2 min: https://temporary-zippy-celesta-4cyc4ht.vercel.app/list-your-park?ref=bradley-outreach,https://temporary-zippy-celesta-4cyc4ht.vercel.app/list-your-park?ref=bradley-outreach
Carrie Lynn'S Mhp,(225) 622-2185,Prairieville,LA,41270 Merritt Evans Road,70769,Ascension,"Hi, Bradley with Tread Companies / Trailer Parks calling about Carrie Lynn'S Mhp in Prairieville. Free marketplace for park owners — $0 listing fee, $0 success fee. Brokers take ~6%. We've operated 4,000+ spaces. Can I text the link?",Bradley @ Tread Companies / Trailer Parks re Carrie Lynn'S Mhp (Prairieville). Free owner marketplace — $0 fees. List in 2 min: https://temporary-zippy-celesta-4cyc4ht.vercel.app/list-your-park?ref=bradley-outreach,https://temporary-zippy-celesta-4cyc4ht.vercel.app/list-your-park?ref=bradley-outreach
Comeaux Mobile Park,(225) 647-7368,Prairieville,LA,37113 White Road,70769,Ascension,"Hi, Bradley with Tread Companies / Trailer Parks calling about Comeaux Mobile Park in Prairieville. Free marketplace for park owners — $0 listing fee, $0 success fee. Brokers take ~6%. We've operated 4,000+ spaces. Can I text the link?",Bradley @ Tread Companies / Trailer Parks re Comeaux Mobile Park (Prairieville). Free owner marketplace — $0 fees. List in 2 min: https://temporary-zippy-celesta-4cyc4ht.vercel.app/list-your-park?ref=bradley-outreach,https://temporary-zippy-celesta-4cyc4ht.vercel.app/list-your-park?ref=bradley-outreach
Landry'S Mobile Home & Camper,(225) 622-4191,Prairieville,LA,17136 Highway 44,70769,Ascension,"Hi, Bradley with Tread Companies / Trailer Parks calling about Landry'S Mobile Home & Camper in Prairieville. Free marketplace for park owners — $0 listing fee, $0 success fee. Brokers take ~6%. We've operated 4,000+ spaces. Can I text the link?",Bradley @ Tread Companies / Trailer Parks re Landry'S Mobile Home & Camper (Prairieville). Free owner marketplace — $0 fees. List in 2 min: https://temporary-zippy-celesta-4cyc4ht.vercel.app/list-your-park?ref=bradley-outreach,https://temporary-zippy-celesta-4cyc4ht.vercel.app/list-your-park?ref=bradley-outreach
North Village Mhp,(318) 255-9696,Ruston,LA,1449 Frazier Road,71270,Lincoln,"Hi, Bradley with Tread Companies / Trailer Parks calling about North Village Mhp in Ruston. Free marketplace for park owners — $0 listing fee, $0 success fee. Brokers take ~6%. We've operated 4,000+ spaces. Can I text the link?",Bradley @ Tread Companies / Trailer Parks re North Village Mhp (Ruston). Free owner marketplace — $0 fees. List in 2 min: https://temporary-zippy-celesta-4cyc4ht.vercel.app/list-your-park?ref=bradley-outreach,https://temporary-zippy-celesta-4cyc4ht.vercel.app/list-your-park?ref=bradley-outreach
Peachland Village,(318) 255-4555,Ruston,LA,7003 Highway 80,71270,Lincoln,"Hi, Bradley with Tread Companies / Trailer Parks calling about Peachland Village in Ruston. Free marketplace for park owners — $0 listing fee, $0 success fee. Brokers take ~6%. We've operated 4,000+ spaces. Can I text the link?",Bradley @ Tread Companies / Trailer Parks re Peachland Village (Ruston). Free owner marketplace — $0 fees. List in 2 min: https://temporary-zippy-celesta-4cyc4ht.vercel.app/list-your-park?ref=bradley-outreach,https://temporary-zippy-celesta-4cyc4ht.vercel.app/list-your-park?ref=bradley-outreach
Cypress Mhp,(318) 234-2626,Scott,LA,1312 Roper Road,70583,Lafayette,"Hi, Bradley with Tread Companies / Trailer Parks calling about Cypress Mhp in Scott. Free marketplace for park owners — $0 listing fee, $0 success fee. Brokers take ~6%. We've operated 4,000+ spaces. Can I text the link?",Bradley @ Tread Companies / Trailer Parks re Cypress Mhp (Scott). Free owner marketplace — $0 fees. List in 2 min: https://temporary-zippy-celesta-4cyc4ht.vercel.app/list-your-park?ref=bradley-outreach,https://temporary-zippy-celesta-4cyc4ht.vercel.app/list-your-park?ref=bradley-outreach
G & R Mobile Park,(318) 233-3614,Scott,LA,307 Pecan Grove Road,70583,Lafayette,"Hi, Bradley with Tread Companies / Trailer Parks calling about G & R Mobile Park in Scott. Free marketplace for park owners — $0 listing fee, $0 success fee. Brokers take ~6%. We've operated 4,000+ spaces. Can I text the link?",Bradley @ Tread Companies / Trailer Parks re G & R Mobile Park (Scott). Free owner marketplace — $0 fees. List in 2 min: https://temporary-zippy-celesta-4cyc4ht.vercel.app/list-your-park?ref=bradley-outreach,https://temporary-zippy-celesta-4cyc4ht.vercel.app/list-your-park?ref=bradley-outreach
Landall Mobile Estates,(318) 232-3647,Scott,LA,2900 West Willow Street,70583,Lafayette,"Hi, Bradley with Tread Companies / Trailer Parks calling about Landall Mobile Estates in Scott. Free marketplace for park owners — $0 listing fee, $0 success fee. Brokers take ~6%. We've operated 4,000+ spaces. Can I text the link?",Bradley @ Tread Companies / Trailer Parks re Landall Mobile Estates (Scott). Free owner marketplace — $0 fees. List in 2 min: https://temporary-zippy-celesta-4cyc4ht.vercel.app/list-your-park?ref=bradley-outreach,https://temporary-zippy-celesta-4cyc4ht.vercel.app/list-your-park?ref=bradley-outreach
Shiloh Place Trailer Park,(318) 232-3433,Scott,LA,1111 Roper Road,70583,Lafayette,"Hi, Bradley with Tread Companies / Trailer Parks calling about Shiloh Place Trailer Park in Scott. Free marketplace for park owners — $0 listing fee, $0 success fee. Brokers take ~6%. We've operated 4,000+ spaces. Can I text the link?",Bradley @ Tread Companies / Trailer Parks re Shiloh Place Trailer Park (Scott). Free owner marketplace — $0 fees. List in 2 min: https://temporary-zippy-celesta-4cyc4ht.vercel.app/list-your-park?ref=bradley-outreach,https://temporary-zippy-celesta-4cyc4ht.vercel.app/list-your-park?ref=bradley-outreach
Westgate Mhp,(318) 981-0529,Scott,LA,3750 Landry Road,70583,Lafayette,"Hi, Bradley with Tread Companies / Trailer Parks calling about Westgate Mhp in Scott. Free marketplace for park owners — $0 listing fee, $0 success fee. Brokers take ~6%. We've operated 4,000+ spaces. Can I text the link?",Bradley @ Tread Companies / Trailer Parks re Westgate Mhp (Scott). Free owner marketplace — $0 fees. List in 2 min: https://temporary-zippy-celesta-4cyc4ht.vercel.app/list-your-park?ref=bradley-outreach,https://temporary-zippy-celesta-4cyc4ht.vercel.app/list-your-park?ref=bradley-outreach
Alpha Mhp,(318) 688-3163,Shreveport,LA,433 Flournoy Lucas Road,71106,Caddo,"Hi, Bradley with Tread Companies / Trailer Parks calling about Alpha Mhp in Shreveport. Free marketplace for park owners — $0 listing fee, $0 success fee. Brokers take ~6%. We've operated 4,000+ spaces. Can I text the link?",Bradley @ Tread Companies / Trailer Parks re Alpha Mhp (Shreveport). Free owner marketplace — $0 fees. List in 2 min: https://temporary-zippy-celesta-4cyc4ht.vercel.app/list-your-park?ref=bradley-outreach,https://temporary-zippy-celesta-4cyc4ht.vercel.app/list-your-park?ref=bradley-outreach
Blue Ridge Mhp,(318) 687-4558,Shreveport,LA,6900 Buncombe Road,71129,Caddo,"Hi, Bradley with Tread Companies / Trailer Parks calling about Blue Ridge Mhp in Shreveport. Free marketplace for park owners — $0 listing fee, $0 success fee. Brokers take ~6%. We've operated 4,000+ spaces. Can I text the link?",Bradley @ Tread Companies / Trailer Parks re Blue Ridge Mhp (Shreveport). Free owner marketplace — $0 fees. List in 2 min: https://temporary-zippy-celesta-4cyc4ht.vercel.app/list-your-park?ref=bradley-outreach,https://temporary-zippy-celesta-4cyc4ht.vercel.app/list-your-park?ref=bradley-outreach
Brady'S Mhp,(318) 741-3994,Shreveport,LA,5044 Greenwood Road,71109,Caddo,"Hi, Bradley with Tread Companies / Trailer Parks calling about Brady'S Mhp in Shreveport. Free marketplace for park owners — $0 listing fee, $0 success fee. Brokers take ~6%. We've operated 4,000+ spaces. Can I text the link?",Bradley @ Tread Companies / Trailer Parks re Brady'S Mhp (Shreveport). Free owner marketplace — $0 fees. List in 2 min: https://temporary-zippy-celesta-4cyc4ht.vercel.app/list-your-park?ref=bradley-outreach,https://temporary-zippy-celesta-4cyc4ht.vercel.app/list-your-park?ref=bradley-outreach
Forest Mobile Estate,(318) 688-0771,Shreveport,LA,6201 Bert Kouns Ind Loop,71129,Caddo,"Hi, Bradley with Tread Companies / Trailer Parks calling about Forest Mobile Estate in Shreveport. Free marketplace for park owners — $0 listing fee, $0 success fee. Brokers take ~6%. We've operated 4,000+ spaces. Can I text the link?",Bradley @ Tread Companies / Trailer Parks re Forest Mobile Estate (Shreveport). Free owner marketplace — $0 fees. List in 2 min: https://temporary-zippy-celesta-4cyc4ht.vercel.app/list-your-park?ref=bradley-outreach,https://temporary-zippy-celesta-4cyc4ht.vercel.app/list-your-park?ref=bradley-outreach
Fox Run Mhp,(318) 686-9868,Shreveport,LA,6260 Buncombe Road,71129,Caddo,"Hi, Bradley with Tread Companies / Trailer Parks calling about Fox Run Mhp in Shreveport. Free marketplace for park owners — $0 listing fee, $0 success fee. Brokers take ~6%. We've operated 4,000+ spaces. Can I text the link?",Bradley @ Tread Companies / Trailer Parks re Fox Run Mhp (Shreveport). Free owner marketplace — $0 fees. List in 2 min: https://temporary-zippy-celesta-4cyc4ht.vercel.app/list-your-park?ref=bradley-outreach,https://temporary-zippy-celesta-4cyc4ht.vercel.app/list-your-park?ref=bradley-outreach
Glen Leaf Mobile Home,(318) 687-9797,Shreveport,LA,7400 Glenleaf Road,71129,Caddo,"Hi, Bradley with Tread Companies / Trailer Parks calling about Glen Leaf Mobile Home in Shreveport. Free marketplace for park owners — $0 listing fee, $0 success fee. Brokers take ~6%. We've operated 4,000+ spaces. Can I text the link?",Bradley @ Tread Companies / Trailer Parks re Glen Leaf Mobile Home (Shreveport). Free owner marketplace — $0 fees. List in 2 min: https://temporary-zippy-celesta-4cyc4ht.vercel.app/list-your-park?ref=bradley-outreach,https://temporary-zippy-celesta-4cyc4ht.vercel.app/list-your-park?ref=bradley-outreach
Hillside Mhp,(318) 929-3193,Shreveport,LA,6941 Highway 1,71107,Caddo,"Hi, Bradley with Tread Companies / Trailer Parks calling about Hillside Mhp in Shreveport. Free marketplace for park owners — $0 listing fee, $0 success fee. Brokers take ~6%. We've operated 4,000+ spaces. Can I text the link?",Bradley @ Tread Companies / Trailer Parks re Hillside Mhp (Shreveport). Free owner marketplace — $0 fees. List in 2 min: https://temporary-zippy-celesta-4cyc4ht.vercel.app/list-your-park?ref=bradley-outreach,https://temporary-zippy-celesta-4cyc4ht.vercel.app/list-your-park?ref=bradley-outreach
Huntington Mobile Park,(318) 686-5755,Shreveport,LA,6850 Klug Pines Road,71129,Caddo,"Hi, Bradley with Tread Companies / Trailer Parks calling about Huntington Mobile Park in Shreveport. Free marketplace for park owners — $0 listing fee, $0 success fee. Brokers take ~6%. We've operated 4,000+ spaces. Can I text the link?",Bradley @ Tread Companies / Trailer Parks re Huntington Mobile Park (Shreveport). Free owner marketplace — $0 fees. List in 2 min: https://temporary-zippy-celesta-4cyc4ht.vercel.app/list-your-park?ref=bradley-outreach,https://temporary-zippy-celesta-4cyc4ht.vercel.app/list-your-park?ref=bradley-outreach
Lin Park,(318) 686-7237,Shreveport,LA,324 Idema Street,71106,Caddo,"Hi, Bradley with Tread Companies / Trailer Parks calling about Lin Park in Shreveport. Free marketplace for park owners — $0 listing fee, $0 success fee. Brokers take ~6%. We've operated 4,000+ spaces. Can I text the link?",Bradley @ Tread Companies / Trailer Parks re Lin Park (Shreveport). Free owner marketplace — $0 fees. List in 2 min: https://temporary-zippy-celesta-4cyc4ht.vercel.app/list-your-park?ref=bradley-outreach,https://temporary-zippy-celesta-4cyc4ht.vercel.app/list-your-park?ref=bradley-outreach
Pinecrest Mobile Home Village,(318) 631-0002,Shreveport,LA,6700 Jefferson Paige Road,71119,Caddo,"Hi, Bradley with Tread Companies / Trailer Parks calling about Pinecrest Mobile Home Village in Shreveport. Free marketplace for park owners — $0 listing fee, $0 success fee. Brokers take ~6%. We've operated 4,000+ spaces. Can I text the link?",Bradley @ Tread Companies / Trailer Parks re Pinecrest Mobile Home Village (Shreveport). Free owner marketplace — $0 fees. List in 2 min: https://temporary-zippy-celesta-4cyc4ht.vercel.app/list-your-park?ref=bradley-outreach,https://temporary-zippy-celesta-4cyc4ht.vercel.app/list-your-park?ref=bradley-outreach
Stonegate Mhp,(318) 686-3071,Shreveport,LA,6801 West 70Th Street,71129,Caddo,"Hi, Bradley with Tread Companies / Trailer Parks calling about Stonegate Mhp in Shreveport. Free marketplace for park owners — $0 listing fee, $0 success fee. Brokers take ~6%. We've operated 4,000+ spaces. Can I text the link?",Bradley @ Tread Companies / Trailer Parks re Stonegate Mhp (Shreveport). Free owner marketplace — $0 fees. List in 2 min: https://temporary-zippy-celesta-4cyc4ht.vercel.app/list-your-park?ref=bradley-outreach,https://temporary-zippy-celesta-4cyc4ht.vercel.app/list-your-park?ref=bradley-outreach
Sunset Mhp,(318) 929-4293,Shreveport,LA,6605 Sunset Park,71107,Caddo,"Hi, Bradley with Tread Companies / Trailer Parks calling about Sunset Mhp in Shreveport. Free marketplace for park owners — $0 listing fee, $0 success fee. Brokers take ~6%. We've operated 4,000+ spaces. Can I text the link?",Bradley @ Tread Companies / Trailer Parks re Sunset Mhp (Shreveport). Free owner marketplace — $0 fees. List in 2 min: https://temporary-zippy-celesta-4cyc4ht.vercel.app/list-your-park?ref=bradley-outreach,https://temporary-zippy-celesta-4cyc4ht.vercel.app/list-your-park?ref=bradley-outreach
Country Breeze Mhp,(504) 654-2785,Slaughter,LA,1036 Highway 67,70777,East Feliciana,"Hi, Bradley with Tread Companies / Trailer Parks calling about Country Breeze Mhp in Slaughter. Free marketplace for park owners — $0 listing fee, $0 success fee. Brokers take ~6%. We've operated 4,000+ spaces. Can I text the link?",Bradley @ Tread Companies / Trailer Parks re Country Breeze Mhp (Slaughter). Free owner marketplace — $0 fees. List in 2 min: https://temporary-zippy-celesta-4cyc4ht.vercel.app/list-your-park?ref=bradley-outreach,https://temporary-zippy-celesta-4cyc4ht.vercel.app/list-your-park?ref=bradley-outreach
Country Club Mhp,(504) 643-6080,Slidell,LA,144 Rainey Road,70458,St Tammany,"Hi, Bradley with Tread Companies / Trailer Parks calling about Country Club Mhp in Slidell. Free marketplace for park owners — $0 listing fee, $0 success fee. Brokers take ~6%. We've operated 4,000+ spaces. Can I text the link?",Bradley @ Tread Companies / Trailer Parks re Country Club Mhp (Slidell). Free owner marketplace — $0 fees. List in 2 min: https://temporary-zippy-celesta-4cyc4ht.vercel.app/list-your-park?ref=bradley-outreach,https://temporary-zippy-celesta-4cyc4ht.vercel.app/list-your-park?ref=bradley-outreach
Pine Crest Mhp,(504) 649-3181,Slidell,LA,2601 Old Spanish Trail,70461,St Tammany,"Hi, Bradley with Tread Companies / Trailer Parks calling about Pine Crest Mhp in Slidell. Free marketplace for park owners — $0 listing fee, $0 success fee. Brokers take ~6%. We've operated 4,000+ spaces. Can I text the link?",Bradley @ Tread Companies / Trailer Parks re Pine Crest Mhp (Slidell). Free owner marketplace — $0 fees. List in 2 min: https://temporary-zippy-celesta-4cyc4ht.vercel.app/list-your-park?ref=bradley-outreach,https://temporary-zippy-celesta-4cyc4ht.vercel.app/list-your-park?ref=bradley-outreach
Shady Pines Mhp,(504) 649-1961,Slidell,LA,59275 Shady Lane,70460,St Tammany,"Hi, Bradley with Tread Companies / Trailer Parks calling about Shady Pines Mhp in Slidell. Free marketplace for park owners — $0 listing fee, $0 success fee. Brokers take ~6%. We've operated 4,000+ spaces. Can I text the link?",Bradley @ Tread Companies / Trailer Parks re Shady Pines Mhp (Slidell). Free owner marketplace — $0 fees. List in 2 min: https://temporary-zippy-celesta-4cyc4ht.vercel.app/list-your-park?ref=bradley-outreach,https://temporary-zippy-celesta-4cyc4ht.vercel.app/list-your-park?ref=bradley-outreach
Southern Manor Mhp,(504) 646-0048,Slidell,LA,60375 North Military Road,70461,St Tammany,"Hi, Bradley with Tread Companies / Trailer Parks calling about Southern Manor Mhp in Slidell. Free marketplace for park owners — $0 listing fee, $0 success fee. Brokers take ~6%. We've operated 4,000+ spaces. Can I text the link?",Bradley @ Tread Companies / Trailer Parks re Southern Manor Mhp (Slidell). Free owner marketplace — $0 fees. List in 2 min: https://temporary-zippy-celesta-4cyc4ht.vercel.app/list-your-park?ref=bradley-outreach,https://temporary-zippy-celesta-4cyc4ht.vercel.app/list-your-park?ref=bradley-outreach
Tammany Mhp,(504) 641-8068,Slidell,LA,41662 Highway 190 East,70461,St Tammany,"Hi, Bradley with Tread Companies / Trailer Parks calling about Tammany Mhp in Slidell. Free marketplace for park owners — $0 listing fee, $0 success fee. Brokers take ~6%. We've operated 4,000+ spaces. Can I text the link?",Bradley @ Tread Companies / Trailer Parks re Tammany Mhp (Slidell). Free owner marketplace — $0 fees. List in 2 min: https://temporary-zippy-celesta-4cyc4ht.vercel.app/list-your-park?ref=bradley-outreach,https://temporary-zippy-celesta-4cyc4ht.vercel.app/list-your-park?ref=bradley-outreach
Acadian Acres Mhp,(318) 625-7275,Sulphur,LA,2211 Patton Street,70665,Calcasieu,"Hi, Bradley with Tread Companies / Trailer Parks calling about Acadian Acres Mhp in Sulphur. Free marketplace for park owners — $0 listing fee, $0 success fee. Brokers take ~6%. We've operated 4,000+ spaces. Can I text the link?",Bradley @ Tread Companies / Trailer Parks re Acadian Acres Mhp (Sulphur). Free owner marketplace — $0 fees. List in 2 min: https://temporary-zippy-celesta-4cyc4ht.vercel.app/list-your-park?ref=bradley-outreach,https://temporary-zippy-celesta-4cyc4ht.vercel.app/list-your-park?ref=bradley-outreach
Barton'S Mobile Homes & Park,(318) 625-4309,Sulphur,LA,1108 South Post Oak Road,70663,Calcasieu,"Hi, Bradley with Tread Companies / Trailer Parks calling about Barton'S Mobile Homes & Park in Sulphur. Free marketplace for park owners — $0 listing fee, $0 success fee. Brokers take ~6%. We've operated 4,000+ spaces. Can I text the link?",Bradley @ Tread Companies / Trailer Parks re Barton'S Mobile Homes & Park (Sulphur). Free owner marketplace — $0 fees. List in 2 min: https://temporary-zippy-celesta-4cyc4ht.vercel.app/list-your-park?ref=bradley-outreach,https://temporary-zippy-celesta-4cyc4ht.vercel.app/list-your-park?ref=bradley-outreach
Brimstone Mhp,(337) 474-7318,Sulphur,LA,940 Kirby Street,70663,Calcasieu,"Hi, Bradley with Tread Companies / Trailer Parks calling about Brimstone Mhp in Sulphur. Free marketplace for park owners — $0 listing fee, $0 success fee. Brokers take ~6%. We've operated 4,000+ spaces. Can I text the link?",Bradley @ Tread Companies / Trailer Parks re Brimstone Mhp (Sulphur). Free owner marketplace — $0 fees. List in 2 min: https://temporary-zippy-celesta-4cyc4ht.vercel.app/list-your-park?ref=bradley-outreach,https://temporary-zippy-celesta-4cyc4ht.vercel.app/list-your-park?ref=bradley-outreach
Carlyss Acres Mhp,(318) 583-4741,Sulphur,LA,4314 Highway 27 South,70665,Calcasieu,"Hi, Bradley with Tread Companies / Trailer Parks calling about Carlyss Acres Mhp in Sulphur. Free marketplace for park owners — $0 listing fee, $0 success fee. Brokers take ~6%. We've operated 4,000+ spaces. Can I text the link?",Bradley @ Tread Companies / Trailer Parks re Carlyss Acres Mhp (Sulphur). Free owner marketplace — $0 fees. List in 2 min: https://temporary-zippy-celesta-4cyc4ht.vercel.app/list-your-park?ref=bradley-outreach,https://temporary-zippy-celesta-4cyc4ht.vercel.app/list-your-park?ref=bradley-outreach
Dale B Mount Mhp,(318) 528-2627,Sulphur,LA,777 Invader Street,70663,Calcasieu,"Hi, Bradley with Tread Companies / Trailer Parks calling about Dale B Mount Mhp in Sulphur. Free marketplace for park owners — $0 listing fee, $0 success fee. Brokers take ~6%. We've operated 4,000+ spaces. Can I text the link?",Bradley @ Tread Companies / Trailer Parks re Dale B Mount Mhp (Sulphur). Free owner marketplace — $0 fees. List in 2 min: https://temporary-zippy-celesta-4cyc4ht.vercel.app/list-your-park?ref=bradley-outreach,https://temporary-zippy-celesta-4cyc4ht.vercel.app/list-your-park?ref=bradley-outreach
Solar'S Mhp,(504) 446-9103,Thibodaux,LA,1220 Winder Road East,70301,Lafourche,"Hi, Bradley with Tread Companies / Trailer Parks calling about Solar'S Mhp in Thibodaux. Free marketplace for park owners — $0 listing fee, $0 success fee. Brokers take ~6%. We've operated 4,000+ spaces. Can I text the link?",Bradley @ Tread Companies / Trailer Parks re Solar'S Mhp (Thibodaux). Free owner marketplace — $0 fees. List in 2 min: https://temporary-zippy-celesta-4cyc4ht.vercel.app/list-your-park?ref=bradley-outreach,https://temporary-zippy-celesta-4cyc4ht.vercel.app/list-your-park?ref=bradley-outreach
Taylor'S Mhp,(504) 447-4233,Thibodaux,LA,137 West Park Avenue,70301,Terrebonne,"Hi, Bradley with Tread Companies / Trailer Parks calling about Taylor'S Mhp in Thibodaux. Free marketplace for park owners — $0 listing fee, $0 success fee. Brokers take ~6%. We've operated 4,000+ spaces. Can I text the link?",Bradley @ Tread Companies / Trailer Parks re Taylor'S Mhp (Thibodaux). Free owner marketplace — $0 fees. List in 2 min: https://temporary-zippy-celesta-4cyc4ht.vercel.app/list-your-park?ref=bradley-outreach,https://temporary-zippy-celesta-4cyc4ht.vercel.app/list-your-park?ref=bradley-outreach
Woodland Heights Mobile Home,(504) 633-9811,Thibodaux,LA,100 Woodland Drive,70301,Lafourche,"Hi, Bradley with Tread Companies / Trailer Parks calling about Woodland Heights Mobile Home in Thibodaux. Free marketplace for park owners — $0 listing fee, $0 success fee. Brokers take ~6%. We've operated 4,000+ spaces. Can I text the link?",Bradley @ Tread Companies / Trailer Parks re Woodland Heights Mobile Home (Thibodaux). Free owner marketplace — $0 fees. List in 2 min: https://temporary-zippy-celesta-4cyc4ht.vercel.app/list-your-park?ref=bradley-outreach,https://temporary-zippy-celesta-4cyc4ht.vercel.app/list-your-park?ref=bradley-outreach
Whiskey Lane Mhp,(504) 345-6716,Tickfaw,LA,49452 Whiskey Lane,70466,Tangipahoa,"Hi, Bradley with Tread Companies / Trailer Parks calling about Whiskey Lane Mhp in Tickfaw. Free marketplace for park owners — $0 listing fee, $0 success fee. Brokers take ~6%. We've operated 4,000+ spaces. Can I text the link?",Bradley @ Tread Companies / Trailer Parks re Whiskey Lane Mhp (Tickfaw). Free owner marketplace — $0 fees. List in 2 min: https://temporary-zippy-celesta-4cyc4ht.vercel.app/list-your-park?ref=bradley-outreach,https://temporary-zippy-celesta-4cyc4ht.vercel.app/list-your-park?ref=bradley-outreach
Country Estates Mhp,(318) 336-5815,Vidalia,LA,910 Westside Drive,71373,Concordia,"Hi, Bradley with Tread Companies / Trailer Parks calling about Country Estates Mhp in Vidalia. Free marketplace for park owners — $0 listing fee, $0 success fee. Brokers take ~6%. We've operated 4,000+ spaces. Can I text the link?",Bradley @ Tread Companies / Trailer Parks re Country Estates Mhp (Vidalia). Free owner marketplace — $0 fees. List in 2 min: https://temporary-zippy-celesta-4cyc4ht.vercel.app/list-your-park?ref=bradley-outreach,https://temporary-zippy-celesta-4cyc4ht.vercel.app/list-your-park?ref=bradley-outreach
Bahnsen'S Mhp,(318) 589-2302,Vinton,LA,1300 West Street,70668,Calcasieu,"Hi, Bradley with Tread Companies / Trailer Parks calling about Bahnsen'S Mhp in Vinton. Free marketplace for park owners — $0 listing fee, $0 success fee. Brokers take ~6%. We've operated 4,000+ spaces. Can I text the link?",Bradley @ Tread Companies / Trailer Parks re Bahnsen'S Mhp (Vinton). Free owner marketplace — $0 fees. List in 2 min: https://temporary-zippy-celesta-4cyc4ht.vercel.app/list-your-park?ref=bradley-outreach,https://temporary-zippy-celesta-4cyc4ht.vercel.app/list-your-park?ref=bradley-outreach
B & M Estates,(504) 665-7007,Walker,LA,33230 Walker Road North,70785,Livingston,"Hi, Bradley with Tread Companies / Trailer Parks calling about B & M Estates in Walker. Free marketplace for park owners — $0 listing fee, $0 success fee. Brokers take ~6%. We've operated 4,000+ spaces. Can I text the link?",Bradley @ Tread Companies / Trailer Parks re B & M Estates (Walker). Free owner marketplace — $0 fees. List in 2 min: https://temporary-zippy-celesta-4cyc4ht.vercel.app/list-your-park?ref=bradley-outreach,https://temporary-zippy-celesta-4cyc4ht.vercel.app/list-your-park?ref=bradley-outreach
Palmetto Mhp,(504) 665-6605,Walker,LA,29686 South Palmetto Street,70785,Livingston,"Hi, Bradley with Tread Companies / Trailer Parks calling about Palmetto Mhp in Walker. Free marketplace for park owners — $0 listing fee, $0 success fee. Brokers take ~6%. We've operated 4,000+ spaces. Can I text the link?",Bradley @ Tread Companies / Trailer Parks re Palmetto Mhp (Walker). Free owner marketplace — $0 fees. List in 2 min: https://temporary-zippy-celesta-4cyc4ht.vercel.app/list-your-park?ref=bradley-outreach,https://temporary-zippy-celesta-4cyc4ht.vercel.app/list-your-park?ref=bradley-outreach
Shelton'S Lots,(225) 667-3216,Walker,LA,Salt Dome Road,70785,Livingston,"Hi, Bradley with Tread Companies / Trailer Parks calling about Shelton'S Lots in Walker. Free marketplace for park owners — $0 listing fee, $0 success fee. Brokers take ~6%. We've operated 4,000+ spaces. Can I text the link?",Bradley @ Tread Companies / Trailer Parks re Shelton'S Lots (Walker). Free owner marketplace — $0 fees. List in 2 min: https://temporary-zippy-celesta-4cyc4ht.vercel.app/list-your-park?ref=bradley-outreach,https://temporary-zippy-celesta-4cyc4ht.vercel.app/list-your-park?ref=bradley-outreach
Belaire Mhp,(318) 396-8979,West Monroe,LA,182 Betty Lane,71291,Ouachita,"Hi, Bradley with Tread Companies / Trailer Parks calling about Belaire Mhp in West Monroe. Free marketplace for park owners — $0 listing fee, $0 success fee. Brokers take ~6%. We've operated 4,000+ spaces. Can I text the link?",Bradley @ Tread Companies / Trailer Parks re Belaire Mhp (West Monroe). Free owner marketplace — $0 fees. List in 2 min: https://temporary-zippy-celesta-4cyc4ht.vercel.app/list-your-park?ref=bradley-outreach,https://temporary-zippy-celesta-4cyc4ht.vercel.app/list-your-park?ref=bradley-outreach
Caddo Ridge Mhp,(318) 325-3632,West Monroe,LA,616 Washington Street,71292,Ouachita,"Hi, Bradley with Tread Companies / Trailer Parks calling about Caddo Ridge Mhp in West Monroe. Free marketplace for park owners — $0 listing fee, $0 success fee. Brokers take ~6%. We've operated 4,000+ spaces. Can I text the link?",Bradley @ Tread Companies / Trailer Parks re Caddo Ridge Mhp (West Monroe). Free owner marketplace — $0 fees. List in 2 min: https://temporary-zippy-celesta-4cyc4ht.vercel.app/list-your-park?ref=bradley-outreach,https://temporary-zippy-celesta-4cyc4ht.vercel.app/list-your-park?ref=bradley-outreach
Canary Motel & Trailer Courts,(318) 325-7383,West Monroe,LA,3002 Cypress Street,71291,Ouachita,"Hi, Bradley with Tread Companies / Trailer Parks calling about Canary Motel & Trailer Courts in West Monroe. Free marketplace for park owners — $0 listing fee, $0 success fee. Brokers take ~6%. We've operated 4,000+ spaces. Can I text the link?",Bradley @ Tread Companies / Trailer Parks re Canary Motel & Trailer Courts (West Monroe). Free owner marketplace — $0 fees. List in 2 min: https://temporary-zippy-celesta-4cyc4ht.vercel.app/list-your-park?ref=bradley-outreach,https://temporary-zippy-celesta-4cyc4ht.vercel.app/list-your-park?ref=bradley-outreach
Circle Drive Mhp,(318) 396-6314,West Monroe,LA,5415 Whites Ferry Road,71291,Ouachita,"Hi, Bradley with Tread Companies / Trailer Parks calling about Circle Drive Mhp in West Monroe. Free marketplace for park owners — $0 listing fee, $0 success fee. Brokers take ~6%. We've operated 4,000+ spaces. Can I text the link?",Bradley @ Tread Companies / Trailer Parks re Circle Drive Mhp (West Monroe). Free owner marketplace — $0 fees. List in 2 min: https://temporary-zippy-celesta-4cyc4ht.vercel.app/list-your-park?ref=bradley-outreach,https://temporary-zippy-celesta-4cyc4ht.vercel.app/list-your-park?ref=bradley-outreach
Claiborne Hills Mhp,(318) 397-1533,West Monroe,LA,5802 Cypress Street,71291,Ouachita,"Hi, Bradley with Tread Companies / Trailer Parks calling about Claiborne Hills Mhp in West Monroe. Free marketplace for park owners — $0 listing fee, $0 success fee. Brokers take ~6%. We've operated 4,000+ spaces. Can I text the link?",Bradley @ Tread Companies / Trailer Parks re Claiborne Hills Mhp (West Monroe). Free owner marketplace — $0 fees. List in 2 min: https://temporary-zippy-celesta-4cyc4ht.vercel.app/list-your-park?ref=bradley-outreach,https://temporary-zippy-celesta-4cyc4ht.vercel.app/list-your-park?ref=bradley-outreach
Country Village Mobile Home,(318) 396-6943,West Monroe,LA,3100 Arkansas Road,71291,Ouachita,"Hi, Bradley with Tread Companies / Trailer Parks calling about Country Village Mobile Home in West Monroe. Free marketplace for park owners — $0 listing fee, $0 success fee. Brokers take ~6%. We've operated 4,000+ spaces. Can I text the link?",Bradley @ Tread Companies / Trailer Parks re Country Village Mobile Home (West Monroe). Free owner marketplace — $0 fees. List in 2 min: https://temporary-zippy-celesta-4cyc4ht.vercel.app/list-your-park?ref=bradley-outreach,https://temporary-zippy-celesta-4cyc4ht.vercel.app/list-your-park?ref=bradley-outreach
Drew Mhp,(318) 396-5283,West Monroe,LA,755 Ole Highway 15,71291,Ouachita,"Hi, Bradley with Tread Companies / Trailer Parks calling about Drew Mhp in West Monroe. Free marketplace for park owners — $0 listing fee, $0 success fee. Brokers take ~6%. We've operated 4,000+ spaces. Can I text the link?",Bradley @ Tread Companies / Trailer Parks re Drew Mhp (West Monroe). Free owner marketplace — $0 fees. List in 2 min: https://temporary-zippy-celesta-4cyc4ht.vercel.app/list-your-park?ref=bradley-outreach,https://temporary-zippy-celesta-4cyc4ht.vercel.app/list-your-park?ref=bradley-outreach
Green Pastures Mhp,(318) 323-5007,West Monroe,LA,702 Washington St,71292,Ouachita,"Hi, Bradley with Tread Companies / Trailer Parks calling about Green Pastures Mhp in West Monroe. Free marketplace for park owners — $0 listing fee, $0 success fee. Brokers take ~6%. We've operated 4,000+ spaces. Can I text the link?",Bradley @ Tread Companies / Trailer Parks re Green Pastures Mhp (West Monroe). Free owner marketplace — $0 fees. List in 2 min: https://temporary-zippy-celesta-4cyc4ht.vercel.app/list-your-park?ref=bradley-outreach,https://temporary-zippy-celesta-4cyc4ht.vercel.app/list-your-park?ref=bradley-outreach
Northwood Mhp,(318) 396-4167,West Monroe,LA,103 Briarwood Drive,71291,Ouachita,"Hi, Bradley with Tread Companies / Trailer Parks calling about Northwood Mhp in West Monroe. Free marketplace for park owners — $0 listing fee, $0 success fee. Brokers take ~6%. We've operated 4,000+ spaces. Can I text the link?",Bradley @ Tread Companies / Trailer Parks re Northwood Mhp (West Monroe). Free owner marketplace — $0 fees. List in 2 min: https://temporary-zippy-celesta-4cyc4ht.vercel.app/list-your-park?ref=bradley-outreach,https://temporary-zippy-celesta-4cyc4ht.vercel.app/list-your-park?ref=bradley-outreach
Pecan Acres Mhp,(318) 396-2898,West Monroe,LA,1925 Highway 15,71291,Ouachita,"Hi, Bradley with Tread Companies / Trailer Parks calling about Pecan Acres Mhp in West Monroe. Free marketplace for park owners — $0 listing fee, $0 success fee. Brokers take ~6%. We've operated 4,000+ spaces. Can I text the link?",Bradley @ Tread Companies / Trailer Parks re Pecan Acres Mhp (West Monroe). Free owner marketplace — $0 fees. List in 2 min: https://temporary-zippy-celesta-4cyc4ht.vercel.app/list-your-park?ref=bradley-outreach,https://temporary-zippy-celesta-4cyc4ht.vercel.app/list-your-park?ref=bradley-outreach
River City Mobile Homes,(318) 396-3398,West Monroe,LA,4700 Cypress Street,71291,Ouachita,"Hi, Bradley with Tread Companies / Trailer Parks calling about River City Mobile Homes in West Monroe. Free marketplace for park owners — $0 listing fee, $0 success fee. Brokers take ~6%. We've operated 4,000+ spaces. Can I text the link?",Bradley @ Tread Companies / Trailer Parks re River City Mobile Homes (West Monroe). Free owner marketplace — $0 fees. List in 2 min: https://temporary-zippy-celesta-4cyc4ht.vercel.app/list-your-park?ref=bradley-outreach,https://temporary-zippy-celesta-4cyc4ht.vercel.app/list-your-park?ref=bradley-outreach
Shorewood Village Mobile Home,(318) 397-1391,West Monroe,LA,402 Avant Road,71291,Ouachita,"Hi, Bradley with Tread Companies / Trailer Parks calling about Shorewood Village Mobile Home in West Monroe. Free marketplace for park owners — $0 listing fee, $0 success fee. Brokers take ~6%. We've operated 4,000+ spaces. Can I text the link?",Bradley @ Tread Companies / Trailer Parks re Shorewood Village Mobile Home (West Monroe). Free owner marketplace — $0 fees. List in 2 min: https://temporary-zippy-celesta-4cyc4ht.vercel.app/list-your-park?ref=bradley-outreach,https://temporary-zippy-celesta-4cyc4ht.vercel.app/list-your-park?ref=bradley-outreach
Southern Living Village,(318) 396-4188,West Monroe,LA,7990 Cypress Street,71291,Ouachita,"Hi, Bradley with Tread Companies / Trailer Parks calling about Southern Living Village in West Monroe. Free marketplace for park owners — $0 listing fee, $0 success fee. Brokers take ~6%. We've operated 4,000+ spaces. Can I text the link?",Bradley @ Tread Companies / Trailer Parks re Southern Living Village (West Monroe). Free owner marketplace — $0 fees. List in 2 min: https://temporary-zippy-celesta-4cyc4ht.vercel.app/list-your-park?ref=bradley-outreach,https://temporary-zippy-celesta-4cyc4ht.vercel.app/list-your-park?ref=bradley-outreach
Sterling Oaks Mobile Home Estate,(318) 396-0454,West Monroe,LA,1315 New Natchitoches Road,71292,Ouachita,"Hi, Bradley with Tread Companies / Trailer Parks calling about Sterling Oaks Mobile Home Estate in West Monroe. Free marketplace for park owners — $0 listing fee, $0 success fee. Brokers take ~6%. We've operated 4,000+ spaces. Can I text the link?",Bradley @ Tread Companies / Trailer Parks re Sterling Oaks Mobile Home Estate (West Monroe). Free owner marketplace — $0 fees. List in 2 min: https://temporary-zippy-celesta-4cyc4ht.vercel.app/list-your-park?ref=bradley-outreach,https://temporary-zippy-celesta-4cyc4ht.vercel.app/list-your-park?ref=bradley-outreach
Dove Creek Mhp,(318) 433-3683,Westlake,LA,3200 Westwood Road,70669,Calcasieu,"Hi, Bradley with Tread Companies / Trailer Parks calling about Dove Creek Mhp in Westlake. Free marketplace for park owners — $0 listing fee, $0 success fee. Brokers take ~6%. We've operated 4,000+ spaces. Can I text the link?",Bradley @ Tread Companies / Trailer Parks re Dove Creek Mhp (Westlake). Free owner marketplace — $0 fees. List in 2 min: https://temporary-zippy-celesta-4cyc4ht.vercel.app/list-your-park?ref=bradley-outreach,https://temporary-zippy-celesta-4cyc4ht.vercel.app/list-your-park?ref=bradley-outreach
Circle West Mobile Home Estates,(504) 436-0999,Westwego,LA,200 Circle West Drive,70094,Jefferson,"Hi, Bradley with Tread Companies / Trailer Parks calling about Circle West Mobile Home Estates in Westwego. Free marketplace for park owners — $0 listing fee, $0 success fee. Brokers take ~6%. We've operated 4,000+ spaces. Can I text the link?",Bradley @ Tread Companies / Trailer Parks re Circle West Mobile Home Estates (Westwego). Free owner marketplace — $0 fees. List in 2 min: https://temporary-zippy-celesta-4cyc4ht.vercel.app/list-your-park?ref=bradley-outreach,https://temporary-zippy-celesta-4cyc4ht.vercel.app/list-your-park?ref=bradley-outreach
Cajun Country Mhp,(318) 856-5339,Youngsville,LA,215 Gireer Road,70592,Lafayette,"Hi, Bradley with Tread Companies / Trailer Parks calling about Cajun Country Mhp in Youngsville. Free marketplace for park owners — $0 listing fee, $0 success fee. Brokers take ~6%. We've operated 4,000+ spaces. Can I text the link?",Bradley @ Tread Companies / Trailer Parks re Cajun Country Mhp (Youngsville). Free owner marketplace — $0 fees. List in 2 min: https://temporary-zippy-celesta-4cyc4ht.vercel.app/list-your-park?ref=bradley-outreach,https://temporary-zippy-celesta-4cyc4ht.vercel.app/list-your-park?ref=bradley-outreach
Doss-Wheeler Mhp,(504) 654-8230,Zachary,LA,5157 Highway 19,70791,East Baton Rouge,"Hi, Bradley with Tread Companies / Trailer Parks calling about Doss-Wheeler Mhp in Zachary. Free marketplace for park owners — $0 listing fee, $0 success fee. Brokers take ~6%. We've operated 4,000+ spaces. Can I text the link?",Bradley @ Tread Companies / Trailer Parks re Doss-Wheeler Mhp (Zachary). Free owner marketplace — $0 fees. List in 2 min: https://temporary-zippy-celesta-4cyc4ht.vercel.app/list-your-park?ref=bradley-outreach,https://temporary-zippy-celesta-4cyc4ht.vercel.app/list-your-park?ref=bradley-outreach
Sweetbriar Mobile Homes Estate,(504) 654-8370,Zachary,LA,18733 Samuels Road,70791,East Baton Rouge,"Hi, Bradley with Tread Companies / Trailer Parks calling about Sweetbriar Mobile Homes Estate in Zachary. Free marketplace for park owners — $0 listing fee, $0 success fee. Brokers take ~6%. We've operated 4,000+ spaces. Can I text the link?",Bradley @ Tread Companies / Trailer Parks re Sweetbriar Mobile Homes Estate (Zachary). Free owner marketplace — $0 fees. List in 2 min: https://temporary-zippy-celesta-4cyc4ht.vercel.app/list-your-park?ref=bradley-outreach,https://temporary-zippy-celesta-4cyc4ht.vercel.app/list-your-park?ref=bradley-outreach
Town & Country Mobile Home Village,(504) 654-8395,Zachary,LA,6401 Main Street,70791,East Baton Rouge,"Hi, Bradley with Tread Companies / Trailer Parks calling about Town & Country Mobile Home Village in Zachary. Free marketplace for park owners — $0 listing fee, $0 success fee. Brokers take ~6%. We've operated 4,000+ spaces. Can I text the link?",Bradley @ Tread Companies / Trailer Parks re Town & Country Mobile Home Village (Zachary). Free owner marketplace — $0 fees. List in 2 min: https://temporary-zippy-celesta-4cyc4ht.vercel.app/list-your-park?ref=bradley-outreach,https://temporary-zippy-celesta-4cyc4ht.vercel.app/list-your-park?ref=bradley-outreach
